id,name,domain,context_len,text_for_embedding
K_BASIC语言_计算机科学与技术,BASIC语言,计算机科学与技术,0,BASIC语言
K_B树_计算机科学与技术,B树,计算机科学与技术,642,"B树: 证伸缩性又保证快速访问。
森林就是多棵树，这个没什么好讲的。
最后我们来提一下B+树，有的教材上也用B树来代指B+树。B+树是一种极其鬼畜的多叉树，结构复杂但是十分有效，极其常用于索引的建立，包括数据库索 提供了java,php,c,python,nodejs,golang,c#等查询绑定和Binary,B树,内存三种查询算法。
数据聚合了一些知名ip到地名查询提供商的数据，这些是他们官方的的准确率，经测试 提供了java,php,c,python,nodejs,golang,c#等查询绑定和Binary,B树,内存三种查询算法。
数据聚合了一些知名ip到地名查询提供商的数据，这些是他们官方的的准确率，经测试 ，堆中的单行)、索引中的键(KEY，行锁)、页(PAG，8KB)、区结构(EXT，连续的8页)、堆或B树(HOBT) 、表(TAB，包括数据和索引)、文件(File，数据库文件)、应用程序专用资源(APP 提供了java,php,c,python,nodejs,golang,c#等查询绑定和Binary,B树,内存三种查询算法。
数据聚合了一些知名ip到地名查询提供商的数据，这些是他们官方的的准确率，经测试 提供了java,php,c,python,nodejs,golang,c#等查询绑定和Binary,B树,内存三种查询算法。
数据聚合了一些知名ip到地名查询提供商的数据，这些是他们官方的的准确率，经测试"
K_FAT文件系统_not-field,FAT文件系统,not-field,0,FAT文件系统
K_X86架构_计算机科学与技术,X86架构,计算机科学与技术,654,"X86架构: 要采用机械硬盘，主要采购自希捷、西数，可采用高成本SSD方案替代 ； 服务器CPU：公司目前服务器以x86架构为主， CPU供应商主要为Intel；国内厂商兆芯、海光正研制x86架构CPU，目前已有产品落地，性 的主力军已经从中小企业、互联网行业快速渗透到传统大中型企业，私有云市场迎来黄金发展阶段。随着non-x86架构的崛起，支持异构环境的私有云能够为数据中心新基建赋能，支撑国计民生重点行业企业的安全高效运行，为私有 型升级，对私有云的市场需求日益旺盛，推动私有云迎来黄金发展阶段。从数据中心发展趋势来看，随着non-x86架构的崛起，不同的工作负载需求催生多样化数据中心的快速发展，支持异构环境的私有云能够为数据中心新基建赋能 的主力军已经从中小企业、互联网行业快速渗透到传统大中型企业,私有云市场迎来黄金发展阶段。随着non-x86架构的崛起,支持异构环境的私有云能够为数据中心新基建赋能,支撑国计民生重点行业企业的安全高效运行,为私有 的主力军已经从中小企业、互联网行业快速渗透到传统大中型企业,私有云市场迎来黄金发展阶段。随着non-x86架构的崛起,支持异构环境的私有云能够为数据中心新基建赋能,支撑国计民生重点行业企业的安全高效运行,为私有 载时会报错；9图不能通过tinypng压缩，不然会有问题；genymotion模拟器快是因为它是基于x86架构的，如果你的应用中用到了so，但没有x86架构的so，只能放弃使用它；AndroidStudio的模"
K_下一个头_计算机科学与技术,下一个头,计算机科学与技术,0,下一个头
K_中断优先级_计算机科学与技术,中断优先级,计算机科学与技术,661,"中断优先级:  这个平台无关类型实际上定义在 Ifx_types.h 文件里。
STM_Interrupt.c：
中断优先级 ISR_PRIORITY_STM 是一个整数，0 最高，越大优先度越低。注意，AURIX 规定所有 器参数，声明为文件中可见。
初始化函数与其他外设初始化类似，先装载默认值，然后修改必要的字段，这里是中断优先级、提供中断服务的对象和定时器周期。其中能提供中断服务的包括 CPU 的每个核以及 DMA 控制器。最 ucture.NVIC_IRQChannelPreemptionPriority= 0; //抢占式中断优先级设置为0
NVIC_InitStructure.NVIC_IRQChannelSubPriority InitStructure.NVIC_IRQChannelSubPriority= 0; //响应式中断优先级设置为0
NVIC_InitStructure.NVIC_IRQChannelCmd=ENABLE; ucture.NVIC_IRQChannelPreemptionPriority= 1; //抢占式中断优先级设置为1
NVIC_InitStructure.NVIC_IRQChannelSubPriority InitStructure.NVIC_IRQChannelSubPriority= 1; //响应式中断优先级设置为1
NVIC_InitStructure.NVIC_IRQChannelCmd=ENABLE;"
K_中断信号_计算机科学与技术,中断信号,计算机科学与技术,571,"中断信号: CPU检测到中断信号时，怎么知道是发给哪个进程的？
又一个概念不明引起的问题。
中断，在系统的不同设计者眼中完全不是一个 的可以很复杂，比如在总线上发送特定消息或者消息序列。对设备“关中断”，指的仅仅是让这个设备不要再提供中断信号了，但如果中断控制器已经获得这个中断信号，这个中断信号还是会报到CPU上的。
中断控制器，是对多个设 者消息序列。对设备“关中断”，指的仅仅是让这个设备不要再提供中断信号了，但如果中断控制器已经获得这个中断信号，这个中断信号还是会报到CPU上的。
中断控制器，是对多个设备的中断进行采样，排队，分发的机制。对中 设备“关中断”，指的仅仅是让这个设备不要再提供中断信号了，但如果中断控制器已经获得这个中断信号，这个中断信号还是会报到CPU上的。
中断控制器，是对多个设备的中断进行采样，排队，分发的机制。对中断控制器说：关 （这也有很多变种，我们只说一种常见的实现），要等CPU主动对中断控制器发起EOI操作，才会允许下一个中断信号去激发CPU。Linux系统的中断处理的名称空间中，把进入中断处理，到发出EOI这一段，称为硬中断， CPU检测到中断信号时，怎么知道是发给哪个进程的？
CPU检测到中断信号时，怎么知道是发给哪个进程的？灵剑​数学话题下的"
K_中断控制_not-field,中断控制,not-field,0,中断控制
K_中断控制器_计算机科学与技术,中断控制器,计算机科学与技术,659,"中断控制器: 在总线上发送特定消息或者消息序列。对设备“关中断”，指的仅仅是让这个设备不要再提供中断信号了，但如果中断控制器已经获得这个中断信号，这个中断信号还是会报到CPU上的。
中断控制器，是对多个设备的中断进行采样，排 设备不要再提供中断信号了，但如果中断控制器已经获得这个中断信号，这个中断信号还是会报到CPU上的。
中断控制器，是对多个设备的中断进行采样，排队，分发的机制。对中断控制器说：关中断，是让中断控制器不要给CPU（ 号，这个中断信号还是会报到CPU上的。
中断控制器，是对多个设备的中断进行采样，排队，分发的机制。对中断控制器说：关中断，是让中断控制器不要给CPU（或者上级）发送中断信号了，设备报不报信号上来，这些信号是否被 CPU上的。
中断控制器，是对多个设备的中断进行采样，排队，分发的机制。对中断控制器说：关中断，是让中断控制器不要给CPU（或者上级）发送中断信号了，设备报不报信号上来，这些信号是否被排队，那是另一个问题。
最 中断，只要CPU中断线上又来信号的，它就有可能再次进入中断处理程序。为了避免这种情况，我们通常需要在中断控制器上玩游戏：当中断控制器给一个CPU发了一个中断，它就不会再发下一个中断（这也有很多变种，我们只说一种 上又来信号的，它就有可能再次进入中断处理程序。为了避免这种情况，我们通常需要在中断控制器上玩游戏：当中断控制器给一个CPU发了一个中断，它就不会再发下一个中断（这也有很多变种，我们只说一种常见的实现），要等CP"
K_中断服务程序_航海科学技术,中断服务程序,航海科学技术,0,中断服务程序
K_中断机制_计算机科学与技术,中断机制,计算机科学与技术,218,"中断机制: 理的准备,转而执行中断程序.中断程序执行完以后,再调用实现设定好的函数,返回处理中的任务.正是得益于中断机制,CPU可以不用一直查询键盘,鼠标,网卡等设备的状态,将精力集中在处理任务上.
使用鼠标,就需要要使 个时候执行。由于后半部分的紧急程度不那么“硬”，也由于后半部分的执行是由软件来启动的，所以后半部分的中断机制也叫做“软中断”。
工作队列：Linux总是在已经进入就绪状态的进程中来选择一个合适的进程来运行的。"
K_中断系统_计算机科学与技术,中断系统,计算机科学与技术,569,"中断系统: 用英文版的软件，不要汉化，习惯就好了。
8、知识准备
单片机基础知识，包括单片机内部结构、引脚功能、中断系统，定时计数系统，串行通讯系统等。单片机C语言基础知识，包括C语言的数据类型与运算符、C语言语句、数组 计算机中断体系一：历史和原理
而你也往往开了不少个任务在同时运行。这些能够发生，中断系统扮演了关键角色。在中断系统出现之前，人们（那时都是计算机专家）往往要等上一个任务结束才能进行下一个任 中断体系一：历史和原理
而你也往往开了不少个任务在同时运行。这些能够发生，中断系统扮演了关键角色。在中断系统出现之前，人们（那时都是计算机专家）往往要等上一个任务结束才能进行下一个任务，这在今天是不能想象的。 前，人们（那时都是计算机专家）往往要等上一个任务结束才能进行下一个任务，这在今天是不能想象的。事实上中断系统出现的很早，Intel的传奇中断控制芯片8259在1976年就被用在8085系列产品中。PC在198 STM的中断系统
STM32具有十分强大的中断系统，将中断分为了两个类型：内核异常和外部中断。并将所有中断通过一个表 STM的中断系统
STM32具有十分强大的中断系统，将中断分为了两个类型：内核异常和外部中断。并将所有中断通过一个表编排起来，下面是stm32中断向量"
K_中间件_计算机科学与技术,中间件,计算机科学与技术,606,"中间件: 把延迟控制在毫秒级或亚秒级。查询数据的时候，如果客户端很多，同样不会直接连接数据库，而是数据库连接池中间件。 进藏。（我想象的，没开过大切）
以下是原回答…
我目前接触过的最大c/c++项目，是在ibm时的一个中间件。这个中间件的运行环境基本都是1000台x86起步的集群。
其核心组件是一大堆exe，它们被一个总的 象的，没开过大切）
以下是原回答…
我目前接触过的最大c/c++项目，是在ibm时的一个中间件。这个中间件的运行环境基本都是1000台x86起步的集群。
其核心组件是一大堆exe，它们被一个总的exe叫起来 进藏。（我想象的，没开过大切）
以下是原回答…
我目前接触过的最大c/c++项目，是在ibm时的一个中间件。这个中间件的运行环境基本都是1000台x86起步的集群。
其核心组件是一大堆exe，它们被一个总的 象的，没开过大切）
以下是原回答…
我目前接触过的最大c/c++项目，是在ibm时的一个中间件。这个中间件的运行环境基本都是1000台x86起步的集群。
其核心组件是一大堆exe，它们被一个总的exe叫起来 还是比较好的，我们在开发系统时无耻的也抄袭了这种方式。
Kafka：我个人觉得kafka更应该定位为中间件系统。LinkedIn开发这个东西目的也是这个初衷。可以理解为一个cache系统。你甚至可以把它理解"
K_主存储器_计算机科学与技术,主存储器,计算机科学与技术,660,"主存储器: .4GHz的频段，由于频段频率较高，所以传输速率较快，为2Mbps。
62、STM32的闪存模块由：主存储器、信息块和闪存存储器接口寄存器3个部分构成。
主存储器用来存放代码和const常量；信息块由两个部分 为2Mbps。
62、STM32的闪存模块由：主存储器、信息块和闪存存储器接口寄存器3个部分构成。
主存储器用来存放代码和const常量；信息块由两个部分组成：启动程序代码、用户选择字节。
其中启动程序代码为 .4GHz的频段，由于频段频率较高，所以传输速率较快，为2Mbps。
62、STM32的闪存模块由：主存储器、信息块和闪存存储器接口寄存器3个部分构成。
主存储器用来存放代码和const常量；信息块由两个部分 为2Mbps。
62、STM32的闪存模块由：主存储器、信息块和闪存存储器接口寄存器3个部分构成。
主存储器用来存放代码和const常量；信息块由两个部分组成：启动程序代码、用户选择字节。
其中启动程序代码为 在各自的时钟频率中，彼此互不干扰。Host bridge的存在也使得PCI设备和处理器可以方便地共享主存储器资源。处理器访问PCI设备时，必须通过Host bridge进行地址转换；而PCI设备访问主存储器时 CPU例外，其内部一般均含有一定容量的存储器），单独封装。
分级结构：高速缓冲存储器(Cache)、主存储器(MM)、辅助存储器(外存储器)。
存储特点：计算机实现大容量记忆功能的核心部件  存储记忆信息（按"
K_主引导记录_计算机科学与技术,主引导记录,计算机科学与技术,667,"主引导记录: 户11人赞同了该回答如果U盘想要用在Mac下和Win都可以识别，那必须要格式化为exFat且方案为『主引导记录』，GUID分区图是用于macOS下的，Win下通常是不识别。发布于2017-01-09​赞同11​ 用文件签名""，即可将攻破这些安全软件的信任漏洞，轻松攻入电脑。
""Kuzzle""通过篡改电脑系统中的主引导记录（MBR）和卷引导记录（VBR），在不修复主引导区情况下，用户即使重装系统也无法根除。火绒工程师表示 录制度，使操作系统对其访问和查找变得容易，这是因为操作系统直接对数目众多的扇区进行寻址会十分麻烦。
主引导记录（Master Boot Record，缩写：MBR），又叫做主引导扇区，是电脑引导后访问硬盘时所必 录制度，使操作系统对其访问和查找变得容易，这是因为操作系统直接对数目众多的扇区进行寻址会十分麻烦。
主引导记录（Master Boot Record，缩写：MBR），又叫做主引导扇区，是电脑引导后访问硬盘时所必 写入特定数据，以达到初始化磁盘或磁盘分区、清除原磁盘或磁盘分区中所有文件的一个操作。高级格式化包括对主引导记录中分区表相应区域的重写、根据用户选定的文件系统，在分区中划出一片用于存放文件分配表、目录表等用于文件 写入特定数据，以达到初始化磁盘或磁盘分区、清除原磁盘或磁盘分区中所有文件的一个操作。高级格式化包括对主引导记录中分区表相应区域的重写、根据用户选定的文件系统，在分区中划出一片用于存放文件分配表、目录表等用于文件"
K_二路归并_计算机科学与技术,二路归并,计算机科学与技术,268,"二路归并: 述例子的外排序有两个步骤：排序和归并。我们用一次多路归并就完成了所有临时文件的归并，而并非按内存中的二路归并那样，一次归并两个子串，耗费log2⁡n{\displaystyle \log _{2}n}次归并。 ，得到完全有序的序列；即先使每个子序列有序，再使子序列段间有序。若将两个有序表合并成一个有序表，称为二路归并。 二路归并
二路归并（binary merge）是2018年公布的计算机科学技术名词。 二路归并
二路归并（binary merge）是2018年公布的计算机科学技术名词。"
K_二进制信号_计算机科学与技术,二进制信号,计算机科学与技术,659,"二进制信号: 号转换成为一个值离散的信号需要将其在时域上分层。而将一个值和时间均离散的信号转换为另一个数字信号，如二进制信号则需要通过编码的方式。
时域上的采样和分层并不能做到没有误差。对于分层技术的讨论我们将在后面的章节中 汇编语言程序的结构
首先，我们要知道二进制信号在内存中的存放规律。众所周知，计算机能直接处理的只能是二进制信号，这些信号以高低电平的方式存放在内存中，既可以作为指令，也可以作为程序使用的数据。一块内存区域所存放 这些信号以高低电平的方式存放在内存中，既可以作为指令，也可以作为程序使用的数据。一块内存区域所存放的二进制信号到底是指令还是数据，是由相应的命令说了算的。
CPU在读取指令/数据时，每读取一条指令/数据，内存位 输入2个电压信号，经过运算放大器后，就会得到这两个信号的和。所以CPU做加法的方式就是：把输入的两个二进制信号输入加法器，得到结果。
问题似乎解决了。但是我们突然发现，这样的结果几乎没有任何意义，因为我们无法知 录制的数字系统中，以这个频道编码的处理方式来避免数字信号的流失是必要的一环。在信号出现错误时，离散的二进制信号中允许编码器拨出重建后的模拟信号。频道编码的其中一例就是CD所使用的八比十四调制。
数字音频透过AD phore），或一般信号量（general semaphore）；如果信号量只有二进制的0或1，称为二进制信号量（binary semaphore）。在linux系统中，二进制信号量（binary semaph"
K_二进制数字_计算机科学与技术,二进制数字,计算机科学与技术,644,"二进制数字: 确定的过程。这个过程和确定一个二进制位是0还是1本质上是一样的，所以它的量纲就叫做bit，也就是一个二进制数字所代表的的信息量。
十年前，香农将电路开关抽象成0和1，让电路的设计工作变成了利用布尔代数求解的问题 执行把两者都打开的指令，所有在计算机内存里的东西，都采以基本单位“比特”的这一形式出现，我们也称之为二进制数字。
每个二进制数被存放于存储元件中，在两种可能值间自如转换，0和1，由数百万计的二进制数组成的程序和 0,000倍。
另一方面，像DVD和蓝牙这样的光储存设备，同样也使用旋转盘，只不过多了一层反射涂层。二进制数字被编译成空白点和黑点，加以涂料方便被激光识别读取。尽管光储存媒体价钱便宜并可摘除，它们甚至比磁存储器 存存储器。
它没有可运转的部件，而是使用浮栅晶体管，在他人专门设计的内部构件中，以捕获和排除电荷存储二进制数字。
那么，这数十亿的二进制数字可靠性到底如何？
我们总认为计算机存储器具有稳定性和永久性，但实际上它 ，而是使用浮栅晶体管，在他人专门设计的内部构件中，以捕获和排除电荷存储二进制数字。
那么，这数十亿的二进制数字可靠性到底如何？
我们总认为计算机存储器具有稳定性和永久性，但实际上它降解得相当快。由装置和周身环境 分析WAV音频文件
前面文章中提到所有的电脑文件都是由0和1的二进制数字组成，音频文件自然也不例外，前面已经提到了音频文件是一个波形文件，并解析了音频文件如何从一个波形文件"
K_二进制编码_物理学,二进制编码,物理学,111,"二进制编码:  Encoding)。
哈夫曼编码的原理是找到这么一种二进制编码模式，能让出现频率越高的字符用越短的二进制编码去表示，找到之后，进行编码，从而达到了一种压缩体积的效果，具体操作方法在这里不赘述。
也因为如此，哈"
K_互操作_计算机科学与技术,互操作,计算机科学与技术,604,互操作: 资源标识符是一个用于标识某一互联网资源名称的字符串。该标识允许用户对网络中的资源通过特定的协议进行交互操作。URI常见形式为统一资源定位符（URL），URN为统一资源名称。用于在特定的命令空间资源的标识，以 资源标识符是一个用于标识某一互联网资源名称的字符串。该标识允许用户对网络中的资源通过特定的协议进行交互操作。URI常见形式为统一资源定位符（URL），URN为统一资源名称。用于在特定的命令空间资源的标识，以 用了，而且还在不断滴降低调用门槛，这其实是一种气度，牛逼的东西不需要把自己关起来，放开竞争，无限降低互操作成本就让你怕得要命，这一点上说go能抄过去，降低语言互操作门槛，实现真正的win-win solut 设通过空间数据基础设施的标准化、各类城市信息的数字化整合多方资源，从技术和体制两方面为实现数据共享和互操作提供了基础，实现了城市3S技术的一体化集成和各行业、各领域信息化的深入应用。数字城市的发展积累了大量 第一方支持，不是3年更新一次的第三方插件；2. 库多生态强。Kotlin的设计者非常重视和Java的互操作，所以Kotlin号称可以无缝衔接所有Java库。3. 宇宙第一运行时：JVM。4. Android 样。因此这些实现大多数还是框架内部使用，一旦开放为 API 接口，实际业务开发过程中，各个框架之间的互操作也将成为挥之不去的噩梦。
K_互联网协议_计算机科学与技术,互联网协议,计算机科学与技术,0,互联网协议
K_互联网电视_计算机科学与技术,互联网电视,计算机科学与技术,486,"互联网电视: 如何理解广电总局 2014 年 7 月发布的互联网电视盒子最严厉整顿要求？
不谈意识形态。
在三网融合领域，广电最大的问题在于体系结构复杂，资本分割严重， 如何理解广电总局 2014 年 7 月发布的互联网电视盒子最严厉整顿要求？
不谈意识形态。
在三网融合领域，广电最大的问题在于体系结构复杂，资本分割严重， 如何理解广电总局 2014 年 7 月发布的互联网电视盒子最严厉整顿要求？
自己打脸：人人影视、射手网已经关站。射手网15年了。射手网73G备份字幕下载。 如何理解广电总局 2014 年 7 月发布的互联网电视盒子最严厉整顿要求？
自己打脸：人人影视、射手网已经关站。射手网15年了。射手网73G备份字幕下载。 
网络电视，或称在线电视、在线电视、互联网电视，是利用互联网上进行电视直播。电视节目以流媒体的格式提供。此外，IPTV、Mobile TV、Web 
网络电视，或称在线电视、在线电视、互联网电视，是利用互联网上进行电视直播。电视节目以流媒体的格式提供。此外，IPTV、Mobile TV、Web"
K_互连网络_计算机科学与技术,互连网络,计算机科学与技术,649,"互连网络: 它通常用于时钟分配网络，以将时钟信号路由至芯片各处，而传播延迟相同[6]，还用作VLSI多处理器中的互连网络[7]。出于同样的原因，H树还用于微带天线阵列的排布上，以使每个独立的微带天线获得的无线信号有相等的 它通常用于时钟分配网络，以将时钟信号路由至芯片各处，而传播延迟相同[6]，还用作VLSI多处理器中的互连网络[7]。出于同样的原因，H树还用于微带天线阵列的排布上，以使每个独立的微带天线获得的无线信号有相等的 连。主机通过用邻机代理交换报文来请求新建一个组、加入或离开现有组。多播代理还担负多点播送IP数据报的互连网络运送工作。发送一个多点播送IP数据报时,主机将它传送到一个局域网多播地址那里，哪些地址标识目的地主机 7。若交换器不能从MAC表中找到与帧对应的MAC地址，它就会把帧群播[28]:247。
路由器是一款互连网络（英语：Internetworking）设备，兼具了中继器、桥接器、集线器的功能[36]:12-25 们是本地协议并且在网络互连功能下面运行。不可否认，将两个组（更不用说它们只是运行在如ICMP等不同的互连网络协议上的逻辑上的网络层的一部分）整个放在同一层会引起混淆，但是OSI模型还没有复杂到能够做更好的工作 们是本地协议并且在网络互连功能下面运行。不可否认，将两个组（更不用说它们只是运行在如ICMP等不同的互连网络协议上的逻辑上的网络层的一部分）整个放在同一层会引起混淆，但是OSI模型还没有复杂到能够做更好的工作"
K_交叉编译_计算机科学与技术,交叉编译,计算机科学与技术,638,"交叉编译: cmake：交叉编译
我们在 PC 上进行开发时，需要使用编译器和链接器生成能够在我们机器上运行的可执行程序。但是当涉及 PC 上使用交叉编译工具链生成能够在嵌入式设备运行的可执行程序，然后再将程序放到设备中去执行。
此为交叉编译。一般称 PC 为 主机，嵌入式设备为目标机。
使用 cmake 进行交叉编译，只需几条命令即可。
 _CROSSCOMPILING 会自动被设置为 TRUE，此时 cmake 就会“知道“现在执行的是交叉编译；
由于 cmake 无法自动获取目标机器信息，因此需要显式指明编译工具。
CMAKE_C_COMP ​    我使用的是Ubuntu 18.04，不是虚拟机。
先创建一个文件夹
在linaro网站下载交叉编译工具链放到~/raspi目录下，包括gcc、runtime、sysroot三项：
（因为树莓派官方的 工具链放到~/raspi目录下，包括gcc、runtime、sysroot三项：
（因为树莓派官方的交叉编译工具链太老了，比Qt5.14要求的低很多，所以用linaro的）
​    下载后解压，并且合并放在 解压就完事了。
​    其实就是把树莓派上的库都弄到PC上来，形成一个和树莓派一样的环境，这样我们交叉编译的时候就可以链接到里面的库和头文件了。
执行以下命令把库和头文件拷贝到PC上：
​    然后需要修"
K_交换过程_not-field,交换过程,not-field,0,交换过程
K_人工智能语言_计算机科学与技术,人工智能语言,计算机科学与技术,0,人工智能语言
K_介质访问控制_计算机科学与技术,介质访问控制,计算机科学与技术,664,"介质访问控制: 有一个机制来确定数据是发给谁的。于是，定义了一个叫MAC（Media Access Control，介质访问控制）地址的东西。每张网卡拥有唯一的MAC地址（当前LAN唯一即可，并不要求全球唯一，但如果做到了全球唯 有一个机制来确定数据是发给谁的。于是，定义了一个叫MAC（Media Access Control，介质访问控制）地址的东西。每张网卡拥有唯一的MAC地址（当前LAN唯一即可，并不要求全球唯一，但如果做到了全球唯 散位置而又不容易布设线路的地方的数据。透明调制解调器一般用于公司有效地汇集数据。
智能调制解调器内置介质访问控制器来避免因冲突和重发引起的未正确接受数据产生随机数据。智能调制解调器因此较之普通透明调制解调器需要额 散位置而又不容易布设线路的地方的数据。透明调制解调器一般用于公司有效地汇集数据。
智能调制解调器内置介质访问控制器来避免因冲突和重发引起的未正确接受数据产生随机数据。智能调制解调器因此较之普通透明调制解调器需要额 二层，位于物理层与网络层之间。在广播式多路访问链路中（局域网），由于可能存在介质争用，它还可以细分成介质访问控制（MAC）子层和逻辑链路控制（LLC）子层，介质访问控制（MAC）子层专职处理介质访问的争用与冲突问 域网），由于可能存在介质争用，它还可以细分成介质访问控制（MAC）子层和逻辑链路控制（LLC）子层，介质访问控制（MAC）子层专职处理介质访问的争用与冲突问题。
局域网与广域网皆属第一、二层。
在两个网络实体之间"
K_代码优化_计算机科学与技术,代码优化,计算机科学与技术,561,"代码优化: 看到：
可以在其他地方阅读更多关于中间表示的内容。
对语义图或中间代码进行的代码改进称为与机器无关的代码优化。在实践中，有无数已知的优化（er，改进），但没有一个真正适用于我们的运行示例。
代码生成产生实际的 需要理解的是一个编译器实现的几个步骤（词法分析、语法分析、语义分析、运行时环境、中间代码、代码生成、代码优化）以及一些关键算法。学词法分析你需要理解状态机、学语法分析你至少需要知道LL自顶向下和LR自底向上的 的算法，以及为什么需要把我们的程序转成抽象语法树。学运行时环境需要理解程序是怎么存储、装载和执行的。代码优化的时候需要知道最常见的优化方法。
学习计算机网络，需要理解的是整个全球互联网是怎么运作的以及5层模型 计的核心概念。每一部分会有各自的关注焦点。关注焦点是影响计算机程式代码的一组资讯。关注焦点可以像是将代码优化过的硬件细节一般，或者像实例化类别的名称一样具体。展现关注点分离设计的程序被称为模组化程序。模组化程 代码优化
所谓代码优化是指对程序代码进行等价（指不改变程序的运行结果）变换。程序代码可以是中间代码（如四元式 代码优化
所谓代码优化是指对程序代码进行等价（指不改变程序的运行结果）变换。程序代码可以是中间代码（如四元式代码），也可以"
K_优先级控制_计算机科学与技术,优先级控制,计算机科学与技术,0,优先级控制
K_优先级调度_计算机科学与技术,优先级调度,计算机科学与技术,0,优先级调度
K_伙伴系统_计算机科学与技术,伙伴系统,计算机科学与技术,219,"伙伴系统: ab：linux下的内存分配机制，针对一些经常分配并释放的对象，如进程描述符，对象大小一般比较小。
伙伴系统：（buddy system）需要谈一谈linux的内存分配系统
linux内核采取了一种同时适用于 框是空闲的，其他需要分配连续页框的应用也很难得到满足。
为了避免出现这种情况，Linux内核中引入了伙伴系统算法(buddy system)。把所有的空闲页框分组为11个块链表，每个块链表分别包含大小为1，2"
K_伪码_计算机科学与技术,伪码,计算机科学与技术,646,"伪码: )[4]把它命名为快速凸包算法，并做了详细地描述，在O'Rourke(1998)[1]中也有该算法的伪码表述。快速凸包算法在最好情况下，复杂度能达到，但是在最坏情况下复杂度是，平均复杂度为。以图6(a)所 出的凸包面片，最终作为结果输出。对链表数据结构List主要的操作的表示方法如下所示：
下面给出算法的伪码，考虑到了输入的点集存在重合或在同一个平面上，以及上一节描述的多点共面、分母为零的情况。
算法第1  不再赘述算法。
最后，以图9所示为例来演示礼物包裹算法giftWrapping(S)的流程，可以结合伪码，模拟下算法的过程。图中的点集为，分布在一个2x2x2的矩形方块上，点集的坐标如表1所示。礼物包裹算 种凑法。
我们最终想得到的答案就是dp[N][amount]，其中N为coins数组的大小。
大致的伪码思路如下：
第三步，根据「选择」，思考状态转移的逻辑。
注意，我们这个问题的特殊点在于物品的数量是无 i][j]是「共有多少种凑法」，所以dp[i][j]的值应该是以上两种选择的结果之和：
最后一步，把伪码翻译成代码，处理一些边界情况。
我用 Java 写的代码，把上面的思路完全翻译了一遍，并且处理了一些 常“聪明”的规则选择接下来处理哪个顶点：就是尚未处理的顶点中看上去最靠近起始顶点的那一个。下面的优雅伪码精确地描述了这个思路。
集合X包含了这个算法已经处理过的顶点。一开始，X只包含了起始顶点（当然，le"
K_保护位_计算机科学与技术,保护位,计算机科学与技术,430,"保护位: ）级进行页面保护，以防止进程间相互侵犯地址空间。由于这种保护是通过页表和翻译旁视缓冲器（TLB）中的保护位（protection bit）实现的，直接使用虚拟地址来访问数据等于绕过了页面保护。一个解决办法是 实现的，直接使用虚拟地址来访问数据等于绕过了页面保护。一个解决办法是在缓存失效时查看TLB对应表项的保护位以确定是否可以加载缺失的数据。
第二，由于不同进程使用相同的虚拟地址空间，在切换进程后会出现整个缓存 ）级进行页面保护，以防止进程间相互侵犯地址空间。由于这种保护是通过页表和翻译旁视缓冲器（TLB）中的保护位（protection bit）实现的，直接使用虚拟地址来访问数据等于绕过了页面保护。一个解决办法是 实现的，直接使用虚拟地址来访问数据等于绕过了页面保护。一个解决办法是在缓存失效时查看TLB对应表项的保护位以确定是否可以加载缺失的数据。
第二，由于不同进程使用相同的虚拟地址空间，在切换进程后会出现整个缓存"
K_储存空间_not-field,储存空间,not-field,0,储存空间
K_允许中断_计算机科学与技术,允许中断,计算机科学与技术,0,允许中断
K_先来先服务_通信科学技术,先来先服务,通信科学技术,162,"先来先服务: 先来先服务
如果早就绪的进程排在就绪队列的前面，迟就绪的进程排在就绪队列的后面，那么先来先服务(FCFS: f 先来先服务
如果早就绪的进程排在就绪队列的前面，迟就绪的进程排在就绪队列的后面，那么先来先服务(FCFS: first come first service)总是把当前处于就绪队列之首的那个进程"
K_入度_计算机科学与技术,入度,计算机科学与技术,639,"入度: 顶点之间如何互相关联2. 可以利用广度优先搜索 或 深度优先搜索 进行拓扑排序实现选择一个没有前驱（入度为 0）的顶点，输出，然后删除该顶点及相关的有向边重复上述操作代码示例时间复杂度O(n)发布于 06 点代价为无穷大。只有在绝大多数顶点都彼此直接相连的情况下，矩阵的方式才能更节省空间。
图中每个顶点的入度和出度，也就是汇入顶点的边的数量以及顶点发出的边的数量，往往具有重大的意义。边集合往往只能快速统计其 。邻接表就是很简单的使用链表，为每一个节点建立一个链式的出度表，从而达到快速查找的目的。如果需要统计入度，那么应同时维护一张逆邻接表来对入度建立索引。当然，无向图可以把出度和入度混在一起记录，反正是无向的 个节点建立一个链式的出度表，从而达到快速查找的目的。如果需要统计入度，那么应同时维护一张逆邻接表来对入度建立索引。当然，无向图可以把出度和入度混在一起记录，反正是无向的。
为了克服需要同时维护两张表的缺陷 速查找的目的。如果需要统计入度，那么应同时维护一张逆邻接表来对入度建立索引。当然，无向图可以把出度和入度混在一起记录，反正是无向的。
为了克服需要同时维护两张表的缺陷，人们发明了十字链表和邻接多重表，分别 点记录弧头和弧尾，同时拥有一个head指针和一个tail指针；每个顶点也拥有两个指针，一个指向第一条入度的边，另一个指向第一条出度的边。使用时，顶点的入度指针沿着head指针一路找过去，完成对入度的遍历；"
K_共享文件_计算机科学与技术,共享文件,计算机科学与技术,612,"共享文件: 这可能是 Mac 共享文件最详细的教程了
如果希望让一台 Mac 访问另一台 Mac 上的文件，就可以使用 Mac 的文件共享 且不仅是 Mac 之间，甚至用 iPhone、iPad、Windows PC 都可以访问 Mac 的共享文件。
首页要保证共享文件的 Mac 和另一台设备（iPhone/iPad/Windows）都处于同一局 再下面会显示共享的文件夹，一般默认有一个「xx的公共文件夹」，可以添加这台 Mac 的其他文件夹作为共享文件夹。比如我添加了「下载」文件夹。在右侧「用户」可以设置其他 Mac 访问这个文件夹的权限设置。比如管 陆共享，而不是以管理员或普通账户登陆，可以在「用户与群组」中，把「客人用户」勾选「允许客人用户连接到共享文件夹」。
在另一台 Mac 上打开访达，点左侧的「位置-网络」图标，就能看到同一局域网打开了「文件共享 。不同账户类型获取的文件夹访问权限不一样。
选择「客人用户」，不需要验证就能访问开启共享 Mac 的共享文件夹（例子中的公共文件夹和下载文件夹）。这种适合别人的电脑只访问这台 Mac 共享文件，比如在办公室环 共享 Mac 的共享文件夹（例子中的公共文件夹和下载文件夹）。这种适合别人的电脑只访问这台 Mac 共享文件，比如在办公室环境。
如果选择「注册用户」，需要输入共享 Mac 的任一账户的登陆账户名和密码（可以"
K_内存管理单元_计算机科学与技术,内存管理单元,计算机科学与技术,673,"内存管理单元: 引入虚拟地址的概念：CPU发出的地址是虚拟地址，它经过MMU(Memory Manage Unit，内存管理单元)映射到物理地址上，对于不同进程的同一个虚拟地址，MMU会把它们映射到不同的物理地址。如下图：
当前 
由内核实现
TLB(Translation Lookaside Buffer)传输后备缓冲器是一个内存管理单元用于改进虚拟地址到物理地址转换速度的缓存。TLB是一个小的，虚拟寻址的缓存，其中每一行都保存着一个由 寻址的命中率有很大的关系。
当程序访问映射到虚拟地址空间但未加载到主存储器中的内存页时，计算机硬件[内存管理单元（MMU）]会发起中断。 此中断称为页面错误。
可以使用外部中断源来中断CPU上的程序执行。
通常由 aside Buffer） ，通常称为页表缓存、转址旁路缓存、快表等。
在 CPU 芯片里面，封装了内存管理单元（Memory Management Unit）芯片，它用来完成地址转换和 TLB 的访问与交互。
  Buffer） ，通常称为页表缓存、转址旁路缓存、快表等。
地址转换
在 CPU 芯片里面，封装了内存管理单元（Memory Management Unit）芯片，它用来完成地址转换和 TLB 的访问与交互。
 aside Buffer） ，通常称为页表缓存、转址旁路缓存、快表等。
在 CPU 芯片里面，封装了内存管理单元（Memory Management Unit）芯片，它用来完成地址转换和 TLB 的访问与交互。
"
K_内核服务_计算机科学与技术,内核服务,计算机科学与技术,0,内核服务
K_内核栈_计算机科学与技术,内核栈,计算机科学与技术,433,"内核栈: 是对于系统调用来说，这个过程就要麻烦一些了。系统调用时需要从用户态切换到内核态。由于内核态的栈用的是内核栈，因此还需要进行栈的切换。SS、ESP、EFLAGS、CS和EIP寄存器全部都需要进行切换。
而且栈 是对于系统调用来说，这个过程就要麻烦一些了。系统调用时需要从用户态切换到内核态。由于内核态的栈用的是内核栈，因此还需要进行栈的切换。SS、ESP、EFLAGS、CS和EIP寄存器全部都需要进行切换。
而且栈 就不会被其它线程所干扰。
内核态：进程陷入内核代码中执行，在内核态将会使用内核栈，每个进程都有自己的内核栈。
用户态：进程在执行自身的应用代码。当正在执行用户程序而突然被中断程序中断时，此时用户程序也可以象 然被中断程序中断时，此时用户程序也可以象征性地称为处于进程的内核态。因为中断处理程序将使用当前进程的内核栈。这与处于内核态的进程的状态有些类似。
虽然用户态下和内核态下工作的程序有很多差别，但最重要的差别就"
K_内核模块_计算机科学与技术,内核模块,计算机科学与技术,649,"内核模块: 工具，成功挂载文件系统也不是很难的事情。另外，特别说明一下。有些情况下，在一个非原生系统上你需要加载内核模块（QNX 系统尤其要注意）。
如果得到的文件包含多种文件系统，想要把这些文件一次性提取出来，可以用下 unsigned long size)。size要分配内存的大小. 以字节为单位。在设备驱动程序或者内核模块中动态开辟内存，不是用malloc，而是kmalloc ,vmalloc，或者用get_free_p x是宏内核架构(Monolithic Kernel)。为了实现内核功能的动态扩展，Linux又引入了内核模块。内核模块将不可避免的使用内核函数。正常情况下，Linux内核代码会将一些基础功能性函数导出。如控制 架构(Monolithic Kernel)。为了实现内核功能的动态扩展，Linux又引入了内核模块。内核模块将不可避免的使用内核函数。正常情况下，Linux内核代码会将一些基础功能性函数导出。如控制台输出函数 ayout Randomization)功能，Kallsyms也能在运行时解析到符号正确地址。如果在内核模块中想使用未导出的符号，可以使用Kallsyms提供的kallsyms_lookup_name函数将符 入了下图所示的汇编指令（以二进制形式修改内核代码区）。这里借用了x0寄存器作远距离跳转（从内核跳转到内核模块）。由于无条件跳转不应该产生任何副作用（即栈帧和寄存器不能改变），因此我们需要先保存x0的值到栈上，"
K_内核空间_计算机科学与技术,内核空间,计算机科学与技术,657,"内核空间: 生产的数据存到 broker，这个过程读取到 socket buffer 的网络数据，其实可以直接在内核空间完成落盘。并没有必要将 socket buffer 的网络数据，读取到应用进程缓冲区；在这里应用进程 解，好让他下次吹空调的时间能长一点。
每个进程的用户地址空间都是独立的，一般而言是不能互相访问的，但内核空间是每个进程都共享的，所以进程之间要通信必须通过内核。
Linux 内核提供了不少进程间通信的机制，我 地文件，这也就是它们之间的最大区别。
由于每个进程的用户空间都是独立的，不能相互访问，这时就需要借助内核空间来实现进程间通信，原因很简单，每个进程都是共享一个内核空间。
Linux 内核提供了不少进程间通信的 间都是独立的，不能相互访问，这时就需要借助内核空间来实现进程间通信，原因很简单，每个进程都是共享一个内核空间。
Linux 内核提供了不少进程间通信的方式，其中最简单的方式就是管道，管道分为「匿名管道」和「命 
所以，进程的上下文切换不仅包含了虚拟内存、栈、全局变量等用户空间的资源，还包括了内核堆栈、寄存器等内核空间的资源。
通常，会把交换的信息保存在进程的 PCB，当要运行另外一个进程的时候，我们需要从这个进程的 处理的流越多，无差别轮询时间就越长。
poll本质上和select没有区别，它将用户传入的数组拷贝到内核空间，然后查询每个fd对应的设备状态， 但是它没有最大连接数的限制，原因是它是基于链表来存储的.
epo"
K_内部中断_计算机科学与技术,内部中断,计算机科学与技术,110,"内部中断: errupt）：[1]
软件中断（Software Interrupt）：[2]
处理器通常含有一个内部中断屏蔽位，并允许通过软件来设定。一旦被设定，所有外部中断都将被系统忽略。这个屏蔽位的访问速度显然快于中"
K_内部程序_计算机科学与技术,内部程序,计算机科学与技术,108,内部程序: 软件组件规范的黑盒测试[9]。在这种测试当中，被测函数是通过检查输入和输出是否合理来测试的，很少考虑内部程序结构（不像白盒测试）。它是一种比单元测试规模更大的的测试，针对由多个单元构成的某一特定功能进行的测试
K_内部网关协议_计算机科学与技术,内部网关协议,计算机科学与技术,604,"内部网关协议: 过维护IP路由表或‘前缀’表来实现自治系统（AS）之间的可达性，属于矢量路由协议。BGP不使用传统的内部网关协议（IGP）的指标，而使用基于路径、网络策略或规则集来决定路由。因此，它更适合被称为矢量性协议，而不是 之间互为eBGP对端。在Cisco IOS中，iBGP通告的路由距离为200，优先级比eBGP和任何内部网关协议（IGP）通告的路由都低。其他的路由器实现中，优先级顺序也是eBGP高于IGP，而IGP又高于iBG 
内部网关协议（英语：Interior Gateway Protocol，缩写为IGP）是指在一个自治系统（AS） 统（AS）内部所使用的一种路由协议。
与此相对，外部网关协议用来在自治系统之间确定网络可达性、并通过内部网关协议来解析某个自治系统内部的路由。
内部网关协议可分为三类：1) 距离矢量路由协议，2) 连接状态路由协 对，外部网关协议用来在自治系统之间确定网络可达性、并通过内部网关协议来解析某个自治系统内部的路由。
内部网关协议可分为三类：1) 距离矢量路由协议，2) 连接状态路由协议，3) 高级距离矢量路由协议。
这类协议使 例子有：
又名混合路由协议或者平衡混合路由协议，是继距离-矢量路由协议与链路状态路由协议之后的又一个内部网关协议，强调了前两者的优点，规避了它们的不足。
高级距离矢量路由协议的例子有："
K_写访问_计算机科学与技术,写访问,计算机科学与技术,56,"写访问: 写访问
CDA写访问也称为资源更新服务，资源更新服务提供操作来更新那些可以通过GDA读访问获取的数据。"
K_冲突检测_计算机科学与技术,冲突检测,计算机科学与技术,663,"冲突检测: 文帧。
（2）节点发送的报文帧可以分为不同的优先级，满足不同实时要求。
（3）采用载波侦听多路访问/冲突检测（CSMA/CD）技术，当两个节点同时发布信息时，高优先级报文可不受影响地传输数据。
（4）节点总数 以太网数据传输特点：
A、所有数据位的传输由低位开始，传输的位流时用曼彻斯特编码。
B、以太网是基于冲突检测的总线复用方法，由硬件自动执行。
C、传输的数据长度，目的地址DA＋源地址SA＋类型字段TYPE＋数 以太网数据传输特点：
A、所有数据位的传输由低位开始，传输的位流时用曼彻斯特编码。
B、以太网是基于冲突检测的总线复用方法，由硬件自动执行。
C、传输的数据长度，目的地址DA＋源地址SA＋类型字段TYPE＋数 以太网数据传输特点：
A、所有数据位的传输由低位开始，传输的位流时用曼彻斯特编码。
B、以太网是基于冲突检测的总线复用方法，由硬件自动执行。
C、传输的数据长度，目的地址DA＋源地址SA＋类型字段TYPE＋数 以太网数据传输特点：
A、所有数据位的传输由低位开始，传输的位流时用曼彻斯特编码。
B、以太网是基于冲突检测的总线复用方法，由硬件自动执行。
C、传输的数据长度，目的地址DA＋源地址SA＋类型字段TYPE＋数 应标签读取器，例如，很多个贴有标签的单独的产品可能会被放在一个共用的盒子或一个共用的托盘上进行运输。冲突检测在能够读取这样的数据时是非常重要的。使用两种不同类型的协议来“辩识”某一标签，能够从许多类似的标签之"
K_准入控制_计算机科学与技术,准入控制,计算机科学与技术,216,准入控制: 属的某项定义组来限制用户对某些信息项的访问，或限制对某些控制功能的使用的一种技术，如UniNAC网络准入控制系统的原理就是基于此技术之上。访问控制通常用于系统管理员控制用户对服务器、目录、文件等网络资源的访问 属的某项定义组来限制用户对某些信息项的访问，或限制对某些控制功能的使用的一种技术，如UniNAC网络准入控制系统的原理就是基于此技术之上。访问控制通常用于系统管理员控制用户对服务器、目录、文件等网络资源的访问
K_几何分布_数学,几何分布,数学,609,"几何分布: 率分布图。
图3：不对称二项分布除了二项分布之外，还有许多其它类型的概率分布诸如泊松分布、指数分布、几何分布等。此外，对连续型随机变量，概率分布函数的概念用概率密度函数代替。最常见的概率密度函数是正态分布。中 几何分布和二项分布
虽然每次都失败，但还是在一次次尝试，写博客+跑步+学习外语要作为后续每日例行的动作。你问 孤独可解，寂寞可甘。而人类就是在不断寻求永恒的路上。
之前在复习概率知识时，没有仔细研习伯努利试验，几何分布和二项分布。明显这是闹着玩儿呢。作为概率论里面这么基础的知识点，没有它很难筑高层的。今天特别简单地概 它很难筑高层的。今天特别简单地概述下几何分布和二项分布。
自此之前，先简单总结下期望和方差的概念。
几何分布
注意，这里的随机变量的概率分布就是一种几何分布。具体如下：
几何分布的概率分布图如下，见之会有更形 望及方差如下：
一般简单地肯定在前面讲，复杂一些得也更有意思一些的肯定是在后面，比如二项分布明显就在几何分布后面了。
不同于几何分布描述的运行到第几次才成功，二项分布描述是的N次试验里有多少次成功。具体如下： 地肯定在前面讲，复杂一些得也更有意思一些的肯定是在后面，比如二项分布明显就在几何分布后面了。
不同于几何分布描述的运行到第几次才成功，二项分布描述是的N次试验里有多少次成功。具体如下：
另外为了方便起见，使用"
K_分区表_计算机科学与技术,分区表,计算机科学与技术,614,"分区表: 死细胞，结果如图9（a）所示。但是这样的操作对吗？注意，当我们把一个总体空间分成几个小分区的时候，小分区表示的仍是总体空间中的一部分。所以，在这个例子中，我们把一个12*6的空间剪成两个6*6的小分区之后， DolphinDB 内存分区表的加载和操作
DolphinDB的内存数据表可以是非分区的，也可以是分区的。除了组合分区以外的所有分 区内存表。在创建分区内存表之前，需要创建内存的分区数据库，并且分区数据库的路径为空字符串。
对于内存分区表，不能直接访问，需要使用SQL语句访问。
我们通过以下脚本，生成一个模拟数据集，用于后续例子。
2. 存分区表2.2.1 使用ploadText函数将文本文件导入为顺序分区的内存表
这是将数据导入到内存分区表最简单的方法，但缺乏其它导入方法的某些优点及灵活性。例如，需要导入的文本文件必须小于可用内存；无法使 ry参数以及loadTextEx函数的tableName参数需使用空字符串("""")。
请注意，对内存分区表使用函数 sortBy! 时，是在每个分区内部进行排序，并不是对全表进行排序。
我们分别对未分区内存 函数导入磁盘分区表的全部或部分分区
这种方法适合下列情况：
使用loadTextEx在磁盘上建立一个分区表：（亦可使用createPartitionedTable和append!函数）
若只需要加载两个分区"
K_分布式操作系统_计算机科学与技术,分布式操作系统,计算机科学与技术,624,"分布式操作系统: 类没有一个单一的标准，可以根据工作方式分为批处理操作系统、分时操作系统、实时操作系统、网络操作系统和分布式操作系统等；根据架构可以分为单内核操作系统等；根据运行的环境，可以分为桌面操作系统，嵌入式操作系统等；根据指 
分布式操作系统（Distributed operating system），是一个软件，它是许多独立的，网络连接的 独立的和协同的活动系统管理组件的更高级别的集合。这些组件抽象微内核功能，和支持用户应用程序[3]。
分布式操作系统是分布式软件系统的重要组成部分，负责管理分布式处理系统资源、控制分布式程序运行等。
分布式软件系统是 ，负责管理分布式处理系统资源、控制分布式程序运行等。
分布式软件系统是支持分布式处理的软件系统，包括分布式操作系统、分布式程序设计语言及其编译(解释)系统、分布式文件系统和分布式数据库系统等。 在局域网或私有网络。由于通用操作系统现在已经包含了很多功能特性，这个说法已成为历史。
参见[编辑]
分布式操作系统
网络功能虚拟化
参考文献[编辑]
<!--
NewPPlimitreport
Parsedbymw 在局域网或私有网络。由于通用操作系统现在已经包含了很多功能特性，这个说法已成为历史。
参见[编辑]
分布式操作系统
网络功能虚拟化
参考文献[编辑]
<!--
NewPPlimitreport
Parsedbymw"
K_分时系统_not-field,分时系统,not-field,0,分时系统
K_分治_计算机科学与技术,分治,计算机科学与技术,638,"分治: ^2)（和选择排序一个效率），但是如果在比较理想的情况下时间复杂度 O(nlogn)。
快排也是一个分治的算法，快排算法每次选择一个元素并且将整个数组以那个元素分为两部分，根据实现算法的不同，元素的选择一 2)稳定的排序算法练习LC147：对一个链表进行插入排序3. 归并排序 Merge Sort基本思想分治把复杂的问题分成两个或多个相同或相似的子问题，然后把子问题分成更小的子问题，直到子问题可以简单的直接 顺序排好代码示例时间复杂度O(nlogn)稳定的排序算法4. 快速排序 Quick Sort基本思想分治实现从原始的数组，选取一基准值，筛选成较小和较大的两个子数组，然后从两个子数组不断地挑选基准值，进行 说就完全可以接受了。怎么猜才能在8192次中猜对呢。信息论告诉我们，必须有额外的信息输入。简言之就是分治的思想：一个一个猜。256 bits的密钥，也就是32个Bytes，如果逐字节猜，每个字节有256种 传统串行算法编程也是经历了几十年理论和系统的发展才像今天一样简单的）。
就拿快排举例。快排本身使用的分治方法是非常适合于并行的。当我们使用一个 pivot 将数组分为左右两部分之后，两边就可以同时进行排序 说就完全可以接受了。怎么猜才能在8192次中猜对呢。信息论告诉我们，必须有额外的信息输入。简言之就是分治的思想：一个一个猜。256 bits的密钥，也就是32个Bytes，如果逐字节猜，每个字节有256种"
K_分页_计算机科学与技术,分页,计算机科学与技术,656,"分页: 页面可能已经被回写到磁盘上而从缓存中清掉，此时又要从磁盘上读回来，这增加了很多开销，同时频繁的移动、分页操作造成索引碎片，得到了不够紧凑的索引结构，后续不得不通过OPTIMIZE TABLE来重建表并优化 ll代替union
九、区分in和exists， not in和not exists
十、使用合理的分页方式以提高分页的效率
十一、分段查询
十二、避免在 where 子句中对字段进行 null 值判断
 on
九、区分in和exists， not in和not exists
十、使用合理的分页方式以提高分页的效率
十一、分段查询
十二、避免在 where 子句中对字段进行 null 值判断
十三、不建议使 页面可能已经被回写到磁盘上而从缓存中清掉，此时又要从磁盘上读回来，这增加了很多开销，同时频繁的移动、分页操作造成索引碎片，得到了不够紧凑的索引结构，后续不得不通过OPTIMIZE TABLE来重建表并优化 ll代替union
九、区分in和exists， not in和not exists
十、使用合理的分页方式以提高分页的效率
十一、分段查询
十二、避免在 where 子句中对字段进行 null 值判断
 on
九、区分in和exists， not in和not exists
十、使用合理的分页方式以提高分页的效率
十一、分段查询
十二、避免在 where 子句中对字段进行 null 值判断
十三、不建议使"
K_列地址_计算机科学与技术,列地址,计算机科学与技术,434,"列地址: K（65536）个地址单元， 每个地址单元存放一位数据。需要16条地址线，地址线分为两部分：行地址与列地址。
芯片的地址引线只要8条，内部设有地址锁存器，利用多路开关，由行地址选通信号变低  （Row Ad ；由随后出现的列地址选通信号  （Column Address Strobe）把后出现的8位地址送至列地址锁存器。这8条地址线也用于刷新（刷新时地址计数，实现一行行刷新）。
64K存储体由4个128×128 。
64K存储体由4个128×128的存储矩阵构成。每个128×128的存储矩阵，有7条行地址和7条列地址线进行选择。7条行地址经过译码产生128条选择线，分别选择128行；7条列地址线经过译码也产生128 阵，有7条行地址和7条列地址线进行选择。7条行地址经过译码产生128条选择线，分别选择128行；7条列地址线经过译码也产生128条选择线，分别选择128列。
μPD424256：
动态存储电路应用：
基于预"
K_功能块_计算机科学与技术,功能块,计算机科学与技术,647,"功能块: 码的PyTorch、TensorFlow和JAX版本即将开源。
现代深度学习架构通常是通过组合参数化功能块来构建，并使用梯度反向传播进行端到端的训练。
这也就激发了像LeCun提出的可微分编程 (diffe 时获得最佳 PID 参数。
如果很多情况下不能具备连接现场实际设备来做PID参数自整定，也可以用一个功能块通过PLC程序仿真一下执行机构，将仿真的执行机构执行的效果连同PID控制块进行离线的参数自整定，当然 去除了金属和多晶硅层，显示了具有29,000个晶体管的底层硅。2  标签是根据我的逆向工程显示的主要功能块。芯片的左侧包含16位数据路径：芯片的寄存器和算术电路。加法器和高位寄存器构成与外部存储器通信的总线 。在下面的芯片照片中，去掉了金属和多晶硅层，显示了底层的硅和29,000个晶体管。
标签显示了主要的功能块。芯片的左侧包含16位数据通路：寄存器和算术电路。加法器和上层寄存器构成与外部存储器通信的总线接口单 去除了金属和多晶硅层，显示了具有29,000个晶体管的底层硅。2  标签是根据我的逆向工程显示的主要功能块。芯片的左侧包含16位数据路径：芯片的寄存器和算术电路。加法器和高位寄存器构成与外部存储器通信的总线 。在下面的芯片照片中，去掉了金属和多晶硅层，显示了底层的硅和29,000个晶体管。
标签显示了主要的功能块。芯片的左侧包含16位数据通路：寄存器和算术电路。加法器和上层寄存器构成与外部存储器通信的总线接口单"
K_加载程序_计算机科学与技术,加载程序,计算机科学与技术,652,"加载程序: m.Reflection.Assembly介绍
Assembly类可以获得程序集的信息，也可以动态的加载程序集，以及在程序集中查找类型信息，并创建该类型的实例。
使用Assembly类可以降低程序集之间的耦合 ，这在内核中很少见，但在引导代码中很常见。这个文件的开头实际上包含引导扇区代码，这是考虑到在没有引导加载程序的情况下Linux也可以工作。现在，这个引导扇区如果执行，只会向用户打印“bugger_off_ms Windows不再在同一个内核映像中有两个区域，而是使用不同的二进制映像。加上Linux完全分离引导加载程序和内核；在某种程度上，这自动地从开源过程中消失了。下图显示了Windows内核的主要部分：
Wind ，这在内核中很少见，但在引导代码中很常见。这个文件的开头实际上包含引导扇区代码，这是考虑到在没有引导加载程序的情况下Linux也可以工作。现在，这个引导扇区如果执行，只会向用户打印“bugger_off_ms Windows不再在同一个内核映像中有两个区域，而是使用不同的二进制映像。加上Linux完全分离引导加载程序和内核；在某种程度上，这自动地从开源过程中消失了。下图显示了Windows内核的主要部分：
Wind 目和其他项目使用 shim （一个小型应用程序）来包含供应商证书和代码，以验证和运行 GRUB2引导加载程序。在 shim 加载和验证 GRUB2引导加载程序之前，使用 Microsoft 第三方 UEFI "
K_动态分配内存_计算机科学与技术,动态分配内存,计算机科学与技术,664,"动态分配内存: 配的。比如说，使用 C 标准库的 malloc() 或者 mmap() ，就可以分别在堆和文件映射段动态分配内存。
为了在多进程环境下，使得进程之间的内存地址不受影响，相互隔离，于是操作系统就为每个进程独立分配一 配的。比如说，使用 C 标准库的 malloc() 或者 mmap() ，就可以分别在堆和文件映射段动态分配内存。
为了在多进程环境下，使得进程之间的内存地址不受影响，相互隔离，于是操作系统就为每个进程独立分配一 配的。比如说，使用 C 标准库的 malloc() 或者 mmap() ，就可以分别在堆和文件映射段动态分配内存。
为了在多进程环境下，使得进程之间的内存地址不受影响，相互隔离，于是操作系统就为每个进程独立分配一 配的。比如说，使用 C 标准库的 malloc() 或者 mmap() ，就可以分别在堆和文件映射段动态分配内存。
为了在多进程环境下，使得进程之间的内存地址不受影响，相互隔离，于是操作系统就为每个进程独立分配一 AddRef与Release方法来控制引用计数。当引用计数降到0时，COM对象自己负责释放内存。即对动态分配内存创建的COM对象，其Release函数内部引用计数降为0时，就释放自身所占的动态分配内存。有的COM 放内存。即对动态分配内存创建的COM对象，其Release函数内部引用计数降为0时，就释放自身所占的动态分配内存。有的COM对象（如IClassFactory）往往是静态对象，Release函数内部引用计数降为0"
K_动态更新_not-field,动态更新,not-field,0,动态更新
K_动态管理_计算机科学与技术,动态管理,计算机科学与技术,651,"动态管理: 定要有跟进检查，确认实施效果，再根据实施效果和问题进行改善和升级体系要求，这样EHS管理体系就是一个动态管理的系统，而不只是一套躺在柜子里与现场无关的纸面文件。很多公司虽然有了ISO14001/ISO4500 而不是通过传统的MRP程序。您可以通过战略性地分离物料流，减少供应链中断的脆弱性，以及通过相关产品的动态管理缓冲（库存）水平来保护流量。
DDMRP使用战略解耦点来推动整个供应链中的供应订单生成和管理。
要实 表结构可以克服数组链表需要预先知道数据大小的缺点，链表结构可以充分利用计算机内存空间，实现灵活的内存动态管理。但是链表失去了数组随机读取的优点，同时链表由于增加了结点的指针域，空间开销比较大。
在计算机科学中 化高级形态，实现信息化、工业化与城镇化深度融合，有助于缓解“大城市病”，提高城镇化质量，实现精细化和动态管理，并提升城市管理成效和改善市民生活质量。关于智慧城市的具体定义比较广泛，目前在国际上被广泛认同的定义 化高级形态，实现信息化、工业化与城镇化深度融合，有助于缓解“大城市病”，提高城镇化质量，实现精细化和动态管理，并提升城市管理成效和改善市民生活质量。关于智慧城市的具体定义比较广泛，目前在国际上被广泛认同的定义 化高级形态，实现信息化、工业化与城镇化深度融合，有助于缓解“大城市病”，提高城镇化质量，实现精细化和动态管理，并提升城市管理成效和改善市民生活质量。关于智慧城市的具体定义比较广泛，目前在国际上被广泛认同的定义"
K_动态调度_计算机科学与技术,动态调度,计算机科学与技术,613,"动态调度: 
在计算机科学中，动态调度（Dynamic dispatch）是指运行时选择哪一个多态操作的实现（方法或函数）来调用的过程。动 度（Dynamic dispatch）是指运行时选择哪一个多态操作的实现（方法或函数）来调用的过程。动态调度通常被应用于面向对象编程（OOP）的语言和系统，并被认为是一个主要特点[1]。
面向对象的系统把一个 型的对象，而把如何将这条信息发送给正确对象交给运行支持系统来处理。这个对象来决定它执行哪些行为。
与动态调度成对比的是静态调度，在静态调度中，对一个多态操作的实现是在编译时间就选择好的。动态调度的目的在于支持 哪些行为。
与动态调度成对比的是静态调度，在静态调度中，对一个多态操作的实现是在编译时间就选择好的。动态调度的目的在于支持那些当在编译时间内无法决定一个多态操作的合适的实现因为这个决定取决于这个操作的一个或多 内无法决定一个多态操作的合适的实现因为这个决定取决于这个操作的一个或多个实际参数的运行类型的情形。
动态调度和动态绑定不同。在选择操作的上下文中，绑定把名称和操作相关联，而调度则在确定名称所引用的操作之后选择 数；在除法情况下，被除数和除数的类型一起确定将执行哪个除法运算。这就叫做多重调度。
语言可以用不同的动态调度机制来实现。 由语言提供的动态调度机制的选择在很大程度上改变了在给定语言内可用或最自然使用的编程范例"
K_动态路由选择_计算机科学与技术,动态路由选择,计算机科学与技术,0,动态路由选择
K_协议数据单元_计算机科学与技术,协议数据单元,计算机科学与技术,628,"协议数据单元: ve Technology 保护技术
Protocol 协议
Protocol Data Unit 协议数据单元
Protocol Entity 协议实体
Proton 质子
Prototype Chip 标准芯 的ARQ机制是在基地台控制站（Radio Network Controller，RNC），使用安置在协议数据单元（Protocol Data Unit，PDU）前的序号来作为是否有封包丢失的依据，有不少的延迟时间 P第一版在两个关键领域不兼容：消息格式和协议操作。SNMPv2c消息使用和SNMP第一版不同的标头和协议数据单元（PDU）格式。SNMPv2c也使用两个没有在SNMP第一版指定的协议操作。此外，RFC 1908定 
在电信领域，协议数据单元（英语：Protocol Data Unit，缩写为PDU）有以下几层意义：
在OSI模型系统里，P 发生变化。
服务数据单元是从高层协议来的信息单元传送到低层协议。第N层服务数据单元SDU，和上一层的协议数据单元（PDU）是一一对应的。根据协议数据单元的数据的不同，送到接收端的指定层。
PDU(N) = SDU 信息单元传送到低层协议。第N层服务数据单元SDU，和上一层的协议数据单元（PDU）是一一对应的。根据协议数据单元的数据的不同，送到接收端的指定层。
PDU(N) = SDU(N - 1)
SDU(N) = PDU"
K_协调机制_not-field,协调机制,not-field,0,协调机制
K_单步_not-field,单步,not-field,0,单步
K_占用空间_计算机科学与技术,占用空间,计算机科学与技术,663,"占用空间: 别？
Int 整数  Datetime 日期时间型 Text 文本型
chat 优点：效率高；缺点：占用空间；适用场景：存储密码的 md5 值，固定长度的，使用 char 非常合适。
所以，从空间上考虑 va 别？
Int 整数  Datetime 日期时间型 Text 文本型
chat 优点：效率高；缺点：占用空间；适用场景：存储密码的 md5 值，固定长度的，使用 char 非常合适。
所以，从空间上考虑 va 80P分辨率的话，说真的基本只能单窗口。
前面那些其实跟上一代同规格机型差别不大，无非瘦身之后更加不占用空间了，而Type-C口的支持，说真的才是带来体验升级最大的地方。Type-C的便利我就不多说了，最重要 点击【磁盘清理】，之后系统会自动计算可以释放的空间量。
2、结束计算后会出现当前可以删除的文件内容及占用空间大小，此时只需勾选需要删除的内容，点击确定即可。
3、删除Windows更新文件，需要再点击当前页面 内部，优点是网卡小巧轻便；缺点是天线性能较差；
外置天线指带有外置的天线，优点是天线性能更好，缺点是占用空间更大。
5.4 按芯片方案：
无线网卡的上游供应商，提供芯片方案的厂商有博通、高通、Intel、MT 取驱动的困境。哈哈哈哈~绕进去了。
还是多花几块钱，直接选择一款免驱网卡吧。
原则3：天线形态根据对占用空间、WiFi距离来选择；
如果对网速要求不高，电脑距离路由器也不远，不希望占用过多空间，建议可以使用迷"
K_即插即用_计算机科学与技术,即插即用,计算机科学与技术,632,"即插即用: 直播、K歌、录音、家庭音响、游戏语音等
连接方式：有线
供电方式：内置电池
这款特点：采用简洁设计，即插即用，实时耳返，准确声音识别，冷暖灯光调节，大光圈提升画质感。
升级款，魅声T9-E4
3d金属网罩，铝 CV 2020 | BMask R-CNN：边界保持的Mask R-CNN
ECCV 2020 | 即插即用！PSConv：将特征金字塔压缩到紧凑的多尺度卷积层中
ECCV 2020 | 北邮提出PMG：通过 PSConv：多位一体、即插即用卷积单元
Paper: https://arxiv.org/abs/2007.06191
Code: 位置。特别的，扩展因子集合可以沿输入和输出通道轴周期性循环，集成不同尺度的特征。PSConv是一种“即插即用”型模块，它可以对常规卷积进行直接替换，在得到更好特征表达学习的同时不引入额外参数与计算复杂度。
​ 粒度角度将输入特征进行多尺度融合，从而有效避免传统多尺度特征融合的高计算量问题。PSConv是一种“即插即用”计算单元，它可以轻易嵌入到现有CNN架构中并取得性能上的提升。
​笔者在很早之前（2019年7-8 ，本质上是是一种使用USB接口的无须物理驱动器的微型高容量移动存储产品，通过USB接口与电脑连接实现即插即用。
但是现在，已经出现了采用flash技术的固态硬盘，可以达到题主所说的高速度，抗摔，体积小的要求了"
K_发送信号_not-field,发送信号,not-field,0,发送信号
K_变址寄存器_计算机科学与技术,变址寄存器,计算机科学与技术,221,"变址寄存器: 址寄存器，但基址寄存器内容仍由操作系统决定
类似于基址寻址，通过一个专用变址寄存器的或通用寄存器作为变址寄存器，累加寄存器内容和形式地址A给出的偏移量获取操作数的真实内存地址
但与基址寻址不同的是，IX变址寄存 ModR/M字节表示的寻找模式，需要SIB字节来补充寻址方式。scale表示比例系数；index表示变址寄存器号；base表示基址寄存器号。使用scale与index的5位定义比例变址寄存器如下：
3位base"
K_可预测性_管理科学与工程,可预测性,管理科学与工程,657,"可预测性: 健康。
我们生活在一个充满着不确定性的商业、政治、医学的环境中（未知因素占主导地位的地方，随机性、不可预测性、不透明性或者不完全理解性占主导的情况下），需要掌握反脆弱性的机制来做出非预测性决策。
脆弱性可以衡 机会性的发现。计算机的发展史上写满了大学辍学生和早慧高中生的名字，每一步都充分显示出发展的自主性和不可预测性。
（4）古代中国的科学发展成就，曾长期领先欧洲等世界其他大洲。但因为中国在近代之前的几百年，不再拥 样做，因为不管市场价格是多少，他们都能确保只用付20元一磅的价格，这个价格下他们能赚不错的利润，而且可预测性很强，他们能够很好地计划。苹果农也喜欢这样，因为在20元一磅的价格下他能赚回自己的成本，付得起租金， 生了良好的赚钱效应，形成了投资与融资的良性反馈。
他同时指出，投资科技创新企业具有高度的不确定性和不可预测性，分散化组合投资是较为可行的投资方式，通过指数遴选不断优胜劣汰，将优质的科技创新企业推向资本市场的顶 ，包括不断的扩张
就像人的本性“食色”都是与生存有关，而一家商业公司，天性追求商业利益的增长。
—不可预测性：
我们无法确定观察到的约束应该归因于系统，还是环境。
这也是为什么我们不能够用，单独的分析法来理解 长期投资。
长期投资的确定性更高。资产价格由基本面（预期现金流）和估值两层因素决定，前者通常具备一定可预测性，或者说通过勤奋的研究可以达到。而后者的可预测性就要弱得多，尤其是估值的短期波动，往往具备较强的随机"
K_叶节点_计算机科学与技术,叶节点,计算机科学与技术,651,"叶节点: -Tree。1）B-Tree：B-Tree是最常见的索引类型，所有值（被索引的列）都是排过序的，每个叶节点到跟节点距离相等。所以B-Tree适合用来查找某一范围内的数据，而且可以直接支持数据排序（ORDER 中不能有环，每一个节点都必须有且仅有一个父亲节点（根节点除外）。根据定义我们同样可以推理出，以每个非叶节点的每一个孩子节点作为根节点，都可以得到一棵子树。从根节点到叶子结点的最长路径称为树的度（或者深度）。 根节点，都可以得到一棵子树。从根节点到叶子结点的最长路径称为树的度（或者深度）。
在此基础上，每个非叶节点至多只有两个孩子的树称为二叉树。显然二叉树的深度介于log₂N与N之间。当深度为N时，二叉树退化为线 录树索引等等（散列同样常用，但是我忘了在书上的哪一章节了）。B+树的主要难点在于节点的分裂与合并，非叶节点与叶子结点的大小的上界与下界，以及树深度的伸缩，属于研究生课程的范畴，我不打算深入去讲，因为非常抽象 -Tree。1）B-Tree：B-Tree是最常见的索引类型，所有值（被索引的列）都是排过序的，每个叶节点到跟节点距离相等。所以B-Tree适合用来查找某一范围内的数据，而且可以直接支持数据排序（ORDER 增益 - (4)取得信息增益最大的分裂点
信息增益
分裂信息熵 - 缺失值当做正常值处理
分裂时候
叶节点定义
- (N/E)形式
* N该叶节点的实例数
* E叶节点中属于其他分类的实例数
训练样本中的噪"
K_同步控制_计算机科学与技术,同步控制,计算机科学与技术,0,同步控制
K_后集_计算机科学与技术,后集,计算机科学与技术,533,"后集: 攻击类型分布，下面的两个统计结果。
看来是过年也没怎么好好休息啊，其实黑产一般过年会休息几天，然后年后集中搞几天事情，可能是因为今年过年之后就是各种开会所有没什么太多的机会吧。
这个就有点意思了，黑产看来 其实就像我们解数学题，一个外部信息进来，我们就会迅速在自己的大脑中找到曾经相关的学习经验为其定位，然后集中注意力思考，找到相应的答案，也就是说，我们的大脑已经将我们每天接收到的信息进行了路径分配，而这也正 其实就像我们解数学题，一个外部信息进来，我们就会迅速在自己的大脑中找到曾经相关的学习经验为其定位，然后集中注意力思考，找到相应的答案，也就是说，我们的大脑已经将我们每天接收到的信息进行了路径分配，而这也正 多的工程师也够学会他们的配置方式，而且对于很多客户来说买了设备不会玩，这时候就需要厂家的技术支持。然后集成商，对于很多客户来说他们，需要的不止是网络设备，比如服务器、综合布线、软件系统等等。而集成商就是提 ３）潮汐性人流分布原则
迪士尼乐园中的游客行为是规律性的，以一天为单位，游客早晨集中于入口区域，入园后集中于中心区域和核心游乐设施附近，随着乐园中规律性的活动（巡演、烟花表演）聚集分散，晚上集中于米奇大街"
K_启动程序_not-field,启动程序,not-field,0,启动程序
K_命令接口_计算机科学与技术,命令接口,计算机科学与技术,0,命令接口
K_命令行接口_计算机科学与技术,命令行接口,计算机科学与技术,440,"命令行接口: 解释器中指定运行特定的的程序。若某一编程语言的是目的是在某一应用软件（如Unix shell）或其他命令行接口运行其他程序，此编程语言会称为脚本语言。
很难去比较哪一种编程语言的使用量最大，而且“使用量”一词也 解释器中指定运行特定的的程序。若某一编程语言的是目的是在某一应用软件（如Unix shell）或其他命令行接口运行其他程序，此编程语言会称为脚本语言。
很难去比较哪一种编程语言的使用量最大，而且“使用量”一词也 解释器中指定运行特定的的程序。若某一编程语言的是目的是在某一应用软件（如Unix shell）或其他命令行接口运行其他程序，此编程语言会称为脚本语言。
很难去比较哪一种编程语言的使用量最大，而且“使用量”一词也 解释器中指定运行特定的的程序。若某一编程语言的是目的是在某一应用软件（如Unix shell）或其他命令行接口运行其他程序，此编程语言会称为脚本语言。
很难去比较哪一种编程语言的使用量最大，而且“使用量”一词也"
K_图搜索_计算机科学与技术,图搜索,计算机科学与技术,656,"图搜索: Google Images
谷歌识图2 Google 图片
百度识图 图搜 - 让图片搜索更简单
识图搜索 百度图片—全球最大中文图片库
TinEy识图 http://www.tineye.com/360识 从数据库中取出的信息同样可以输入policy network中，从而完成诸如前面说的“小夕打开百度地图搜索椰子鸡”等类似的结构化操作，查询到的结果（椰子鸡的位置）可以帮助完成对话目标。
看，这样策略网络po 径的长度为7，而那条更迂回的路径的长度只有1+2+3=6。
Dijkstra算法的高层结构与第2章的图搜索算法相似。[4]它的主循环的每次迭代处理一个新的顶点。这个算法的高级之处在于它采用了一种非常“聪明” 至此，我们就完成了整个证明过程。
Dijkstra的最短路径算法让我们回想起第2章所讨论的线性时间的图搜索算法。宽度优先和深度优先的搜索算法能够以线性时间运行（定理2.1和定理2.4）的关键原因是它们在决定 划体系
········1.2 多自主机器人协同规划体系
2 路径规划研究
········2.1 图搜索法
················2.1.1 可视图法
················2.1.2 成操作。包括三个问题：基座点到点运动规划；关节空间规划；综合规划。
本章研究几种常用的运动规划算法：图搜索法、RRT算法、人工势场法、BUG算法。并对部分算法的自身缺陷进行了一些改进。
图搜索法依靠已知的环"
K_图的遍历_计算机科学与技术,图的遍历,计算机科学与技术,556,"图的遍历: 顶点后面的指针就可以完成对出入度的遍历。由于与十字链表类似我就不画图了。
说完了图的存储，下面来聊聊图的遍历。遍历就是从一个顶点出发，沿某一种规则访问全部的顶点，并且每个顶点只访问一次。遍历主要分为深度优先遍 结点的第一个域data用于存放结点vi的编号i，第二个域firstarc用于指向链表中第一个结点。
图的遍历方法有深度优先搜索法和广度（宽度）优先搜索法。
深度优先搜索法是树的先根遍历的推广，它的基本思想是： 结点的第一个域data用于存放结点vi的编号i，第二个域firstarc用于指向链表中第一个结点。
图的遍历方法有深度优先搜索法和广度（宽度）优先搜索法。
深度优先搜索法是树的先根遍历的推广，它的基本思想是： 
图的遍历问题分为四类：
对于第一和第三类问题已经得到了完满的解决，而第二和第四类问题则只得到了部分解决。
第 得到了部分解决。
第一类问题就是研究所谓的欧拉图的性质，而第二类问题则是研究所谓的哈密顿图的性质。
图的遍历方法有深度优先搜索法和广度(宽度)优先搜索法。 
在计算机科学里，树的遍历（也称为树的搜索）是图的遍历的一种，指的是按照某种规则，不重复地访问某种树的所有节点的过程。具体的访问操作可能是检查节点的值、更"
K_域名系统_计算机科学与技术,域名系统,计算机科学与技术,652,"域名系统: 道有关系？说对了！就是有关系:DNS的全称其实是[Domain Name System]翻译过来就是域名系统。在互联网中，是只存在IP的，IP其实就是一串数字，相当于你家里的门牌号，大家在网络中想找到你，必须 道有关系？说对了！就是有关系:DNS的全称其实是[Domain Name System]翻译过来就是域名系统。在互联网中，是只存在IP的，IP其实就是一串数字，相当于你家里的门牌号，大家在网络中想找到你，必须 一个 IP 地址存在，而把 IP 地址转换为便于人类记忆的协议就是 DNS 协议。
DNS 的全称是域名系统（Domain Name System，缩写：DNS），它作为将域名和 IP 地址相互映射的一个分布 一个 IP 地址存在，而把 IP 地址转换为便于人类记忆的协议就是 DNS 协议。
DNS 的全称是域名系统（Domain Name System，缩写：DNS），它作为将域名和 IP 地址相互映射的一个分布 一个 IP 地址存在，而把 IP 地址转换为便于人类记忆的协议就是 DNS 协议。
DNS 的全称是域名系统（Domain Name System，缩写：DNS），它作为将域名和 IP 地址相互映射的一个分布 体现的更为直观，两台机器之间该如何通信呢，就需要制定各种各样的协议了。例如：文件传输适用TCP协议。域名系统适用DNS协议。有了些协议的存在，各种数据流按照规则传输，计算机之间得意通信。
TCP/IP协议是一"
K_处理单元_计算机科学与技术,处理单元,计算机科学与技术,650,"处理单元: 者在表面上有相似之处，但人脑的计算原理和硅基计算机之间存在着鲜明区别。其中包括：（1）计算机中计算（处理单元）和存储（存储单元）是分离的，不同于人脑中计算（神经元）和存储（突触）是一体的；（2）受限于二维连接 。这种从一般到特殊的过渡代表了视觉皮层的层次结构。c，最先进的硅计算生态系统。广义上讲，计算层次分为处理单元和内存存储。处理单元和内存层次结构的物理分离导致众所周知“内存墙瓶颈（memory well bot 过渡代表了视觉皮层的层次结构。c，最先进的硅计算生态系统。广义上讲，计算层次分为处理单元和内存存储。处理单元和内存层次结构的物理分离导致众所周知“内存墙瓶颈（memory well bottleneck）”  器，完成场景和动作分析等知识处理操作。后者的实例为美国普渡大学研制的pasm系统原型，由16个pe（处理单元）组成的系统，它们可动态地加以划分以形成各种大小的独立的混合方式子机器，执行方式可按需要在simd和 好处是输出粒度小。但如果将块级的编程变成高并发、流水化结构就比较困难，因为粒度小，想做到流水化结构，处理单元要足够多。需要说明，编解码上下文很关键，切断上下文则编码预测性能会受到大的影响。
条处理是基于两者之 点：
为了构建神经网络模型，我们需要首先思考大脑中的神经网络是怎样的？每一个神经元都可以被认为是一个处理单元/神经核（processing unit/Nucleus），它含有许多输入/树突（input/Den"
K_处理器调度_计算机科学与技术,处理器调度,计算机科学与技术,0,处理器调度
K_处理流程_土木工程,处理流程,土木工程,325,"处理流程: 时，可以给出频率100Hz的定位输出。下图是两传感器数据融合的原理图。
运行在控制器上的软件对信息的处理流程在时间维度上类似下图。在0~100ms的周期中，使用IMU进行9次位置的估计，待新的GPS定位数据进 如何得到词向量的？这个问题比较大。从头开始讲的话，首先有了文本语料库，你需要对语料库进行预处理，这个处理流程与你的语料库种类以及个人目的有关，比如，如果是英文语料库你可能需要大小写转换检查拼写错误等操作，如果 TSIDE AIR），经过净室系统各种处理单元设备之处理后进而得到符合规格之洁净空气。以下简单介绍其处理流程：外气经由外气空调箱（Make-up Air Unit或MAU）初步过滤微尘（particle）并控"
K_复位电路_计算机科学与技术,复位电路,计算机科学与技术,112,"复位电路: 
VCU，结构上，由金属壳体和一组PCB线路板组成。
硬件组成
功能上由主控芯片及其周边的时钟电路、复位电路、预留接口电路和电源模块组成最小系统。
在最小系统以外，一般还配备数字信号处理电路，模拟信号处理电路"
K_外存储器_计算机科学与技术,外存储器,计算机科学与技术,569,"外存储器: 存，都是存储器里面的一种。凡是有存储能力的硬件，都可以称之为存储器，这是自然，硬盘更加明显了，它归入外存储器行列，由此可见——。
内存既专业名上的内存储器，它不是个什么神秘的东西，它也只是存储器中的沧海一粟， 存，都是存储器里面的一种。凡是有存储能力的硬件，都可以称之为存储器，这是自然，硬盘更加明显了，它归入外存储器行列，由此可见——。
内存既专业名上的内存储器，它不是个什么神秘的东西，它也只是存储器中的沧海一粟， 定容量的存储器），单独封装。
分级结构：高速缓冲存储器(Cache)、主存储器(MM)、辅助存储器(外存储器)。
存储特点：计算机实现大容量记忆功能的核心部件  存储记忆信息（按位存放）
位(bit)存放-- g）是指能够处理极大量数据的排序算法。通常来说，外排序处理的数据不能一次装入内存，只能放在读写较慢的外存储器（通常是硬盘）上。外排序通常采用的是一种“排序-归并”的策略。在排序阶段，先读入能放在内存中的数据量 外存储器
外储存器是指除计算机内存及CPU缓存以外的储存器，此类储存器一般断电后仍然能保存数据。常见的外存储 存储器
外储存器是指除计算机内存及CPU缓存以外的储存器，此类储存器一般断电后仍然能保存数据。常见的外存储器有硬盘、软盘、光盘、U盘等。"
K_外部中断_计算机科学与技术,外部中断,计算机科学与技术,656,"外部中断: 入用户级线程模式。
37、两个高级定时器TIM1和TIM8是挂接在APB1总线上
38、STM32的外部中断是以组来区分的，也就是说PA0,PB0,PC0单片机是无法区分其中哪个触发的中断à均为EXIT0线中 是说PA0,PB0,PC0单片机是无法区分其中哪个触发的中断à均为EXIT0线中断服务例程。
所以，外部中断支持16路的中断分辨率。从另一个方面来讲，我们可以设置GPIO_EXTILineConfig(GPI 入用户级线程模式。
37、两个高级定时器TIM1和TIM8是挂接在APB1总线上
38、STM32的外部中断是以组来区分的，也就是说PA0,PB0,PC0单片机是无法区分其中哪个触发的中断à均为EXIT0线中 是说PA0,PB0,PC0单片机是无法区分其中哪个触发的中断à均为EXIT0线中断服务例程。
所以，外部中断支持16路的中断分辨率。从另一个方面来讲，我们可以设置GPIO_EXTILineConfig(GPI 括磁盘、键盘等等输入输出设备，异常错误的发生甚至另一个CPU的调用。
1。PIC模式
在PIC时代，外部中断源都要连接到8259的IRQ引脚上，8259会通过INTR告诉CPU发生了中断。这时OS或者BIOS 个区域被标黑了，这个区域就是内核异常。内核异常不能够被打断，不能被设置优先级（也就是说优先级是凌驾于外部中断之上的）。常见的内核异常有以下几种：复位(reset),不可屏蔽中断(NMI),硬错误(Hardfa"
K_外部资源_管理科学与工程,外部资源,管理科学与工程,653,"外部资源: 养的提升，信息技术的广泛应用，开放式创新迎来了新的空间。开放式创新是企业运用外部资源进行创新的行为。外部资源比如说大学教授的创新，其他公司的创新，供应商的建议，消费者的需求等等。总之，企业运用可以运用的外部资 部资源比如说大学教授的创新，其他公司的创新，供应商的建议，消费者的需求等等。总之，企业运用可以运用的外部资源进行创新，不用雇佣最好的员工，却能创造更多的效益。
（2）开放式创新的影响因素是什么？
根据我的研究 养的提升，信息技术的广泛应用，开放式创新迎来了新的空间。开放式创新是企业运用外部资源进行创新的行为。外部资源比如说大学教授的创新，其他公司的创新，供应商的建议，消费者的需求等等。总之，企业运用可以运用的外部资 部资源比如说大学教授的创新，其他公司的创新，供应商的建议，消费者的需求等等。总之，企业运用可以运用的外部资源进行创新，不用雇佣最好的员工，却能创造更多的效益。
（2）开放式创新的影响因素是什么？
根据我的研究 可以忍受漫长的研究成果转化为商业收益的周期；能够持续投入直到某项成果转化为商业利益；更能够调动大量的外部资源，在研发遇到困难时，克服它们。
举例来说，宝洁公司可以在“向薯片上印制图案“这件事上，求助于互联网上 多数情况下，对于一个创业公司的创始人，保持控制力和获得经济回报难以两全其美。因为一个初创公司需要获得外部资源来创造价值，而获取外部资源通常要求创始人削弱其控制力（例如，不做CEO，让别人加入董事会）。教我创业"
K_外部输入_not-field,外部输入,not-field,0,外部输入
K_多处理器调度_计算机科学与技术,多处理器调度,计算机科学与技术,0,多处理器调度
K_多媒体通信_计算机科学与技术,多媒体通信,计算机科学与技术,226,"多媒体通信: ）多媒体技术的应用
（1）教育与培训
（2）计算机游戏
（3）电影特技和广告
（4）电子商务
（5）多媒体通信
2、常见的多媒体技术
1）图像
（1）图像的获取：利用现有图片文件、利用数码设备（扫描仪和数码相机 限于电信行业，还可以应用于金融、医疗、教育、交通等行业；通信终端能做更多的事情，例如除语音通信之外的多媒体通信、远端控制等；或许局域网、互联网、电信网、广播网、卫星网等能够融为一体组成一个通播网，无论使用什么终"
K_多核处理器_计算机科学与技术,多核处理器,计算机科学与技术,632,"多核处理器: 的可并行性质，这样可以生成更好的结果。
在我的双核处理器电脑上，我的运行结果比原本快150倍，如果是多核处理器那么效果会更加明显。
但是要注意，很多Mathematica函数比如Table、Plot、NInte ader_index自增那么多空余空间可以写入，但是实际上那段空间的读者还未把他们读走，就懵了。
在多核处理器上，对另外一个核的缓存更新通知是可能有乱序的，这会造成和上面2点等价的错误，完全可能两个线程是在不同 ader_index自增那么多空余空间可以写入，但是实际上那段空间的读者还未把他们读走，就懵了。
在多核处理器上，对另外一个核的缓存更新通知是可能有乱序的，这会造成和上面2点等价的错误，完全可能两个线程是在不同 linux内核，三十个相关问题
说明：在多核处理器下，会存在多个进程处于内核态的情况，在内核态下，进程是可以访问所有的内核数据，因此需要对共享数据做保 能和可编程性。二者都非常重要。
多核CPU存储结构
多核CPU的发展也是为了满足日益增长的计算需求，多核处理器的挑战主要来自于共享存储带宽，cache一致性，cache访问冲突以及多核线程调度等。当然这些问题是 以分为模拟集成电路、数字集成电路、和兼具模拟与数字的混合信号集成电路。
最先进的集成电路是微处理器或多核处理器的核心，可以控制一切电路，从数字微波炉、手机到电脑。存储器和特定应用集成电路是其他集成电路家族的例子"
K_多用户系统_计算机科学与技术,多用户系统,计算机科学与技术,333,"多用户系统: 号。当用户登录后，操作系统通常会用识别号标识用户，而不是用户名。
电脑系统可根据用户数量分为两类：
多用户系统上的用户通常有一个家目录，其储存与用户相关的文件，其他用户无法接触。用户账号通常包含一份公开的用户信 号。当用户登录后，操作系统通常会用识别号标识用户，而不是用户名。
电脑系统可根据用户数量分为两类：
多用户系统上的用户通常有一个家目录，其储存与用户相关的文件，其他用户无法接触。用户账号通常包含一份公开的用户信 号。当用户登录后，操作系统通常会用识别号标识用户，而不是用户名。
电脑系统可根据用户数量分为两类：
多用户系统上的用户通常有一个家目录，其储存与用户相关的文件，其他用户无法接触。用户账号通常包含一份公开的用户信"
K_多级反馈队列_计算机科学与技术,多级反馈队列,计算机科学与技术,224,"多级反馈队列: 两种处理优先级高的方法，非抢占式和抢占式：
但是依然有缺点，可能会导致低优先级的进程永远不会运行。
多级反馈队列（Multilevel Feedback Queue）调度算法是「时间片轮转算法」和「最高优先级算法 待时间增加，则升高其优先级。
那有没有兼顾到公平和效率的方式呢？这里介绍一种算法，考虑的还算充分的，多级反馈队列（MFQ）调度算法，它是时间片轮转算法和优先级算法的综合和发展。它的工作方式：
可以发现，对于要办理"
K_多进程_计算机科学与技术,多进程,计算机科学与技术,629,"多进程: ---------
喜大普奔，实现：多实例，动态源权重更新。大幅度提高更新速度
多实例是指，同时有很多进程在不同时段更新数据。
动态源权重是指，经常更新文章的源，会经常得到更新，很久不更新文章的源，也会比较 段程序运行所需要的最小数据集合。我们可以从上下文交换（context switch）来理解上下文，在多进程或多线程环境中，任务切换时首先要中断当前的任务，将计算资源交给下一个任务。因为稍后还要恢复之前的任务 .lua
只有 100 的代码，这里用了一个 increment 的原子操作，不需要加锁，对多线程、多进程的实现比较友好，开销非常少。
https://github.com/Kong/kong/tree/m 深入Python进程间通信原理——图文版
继上节使用原生多进程并行运行，基于Redis作为消息队列完成了圆周率的计算，本节我们使用原生操作系统消息队列来替换Red 广泛的方式了，它不但能跨进程还能跨网络。今天英特网能发达成这样，全拜套接字所赐。不过作为同一个机器的多进程通信还是挺浪费的。暂不讨论这个，还是先看看它如何使用吧。
当同一个机器的多个进程使用普通套接字进行通 当于我们通过某个特殊文件来进行套接字通信。
我们知道跨网络通信免不了要通过套接字进行通信，但是本例的多进程是在同一个机器上，用不着跨网络，使用普通套接字进行通信有点浪费。
上图为单进程的socketpair"
K_大容量存储器_计算机科学与技术,大容量存储器,计算机科学与技术,0,大容量存储器
K_子任务_计算机科学与技术,子任务,计算机科学与技术,645,"子任务: 目标都会很明确，过程更是透明。老板能快速高效的决策，员工间也能更好更明确的配合。而且每个任务里还包含子任务，你可以把大任务再细化的分解。还有任务负责人，能上传文件和各种附件，不懂问题的还能在下面评论等等，节 预训练模型的整体网络结构：在bert模型主体之后（模型的主体结构可参考model的源码阅读），有两个子任务，遮蔽语言模型和下一句预测模型，在得到这两个子任务的loss以及预测概率值之后，在训练模式下会创建优 模型的主体结构可参考model的源码阅读），有两个子任务，遮蔽语言模型和下一句预测模型，在得到这两个子任务的loss以及预测概率值之后，在训练模式下会创建优化器进行模型参数迭代，在验证模式下会创建度量函数测 在 Word 操作的时候可以同时进行打字，拼写检查等操作，像这样，在一个进程内部，同时运行着多个 「子任务」
从上面的例子可以知道进程是由多个线程组成的，一个进程至少要有一个线程，实际上，线程是操作系统中最 低优先级的少，每次 CPU 运行权都进行彩票抽奖，这样达到理论上的公平。每个任务还可以将份额再细分给子任务，这样能让任务也有控制权。
虚拟化的核心是内存的虚拟化，这是由操作系统实现的。操作系统通过分段和分页 法可以简单分为两类：一类是串联抽取方法，另一类是联合抽取方法。
串联抽取方法将该问题分解为两个串联的子任务，即先采用实体识别模型抽取实体，再采用关系抽取模型得到实体对之间的关系，其优势是便于单独优化实体识别"
K_子程序调用指令_not-field,子程序调用指令,not-field,0,子程序调用指令
K_存储分配_计算机科学与技术,存储分配,计算机科学与技术,440,"存储分配: 人员需首先熟记所用计算机的全部指令代码和代码的涵义。手编程序时，程序员要自己处理每条指令和每一数据的存储分配和输入输出，还需记住编程过程中每步所使用的工作单元处在何种状态。这是一件十分繁琐的工作，编写程序花费 zeof(ElemType));
if(!L-&gt;elem)
exit(OVERFLOW);/*存储分配失败*/
L-&gt;length=0;/*空表长度为0*/
L-&gt;listsize=LIST *sizeof(ElemType));
if(!newbase)
exit(OVERFLOW);/*存储分配失败*/
L-&gt;elem=newbase;/*新基址*/
L-&gt;listsize+=LI 人员需首先熟记所用计算机的全部指令代码和代码的涵义。手编程序时，程序员要自己处理每条指令和每一数据的存储分配和输入输出，还需记住编程过程中每步所使用的工作单元处在何种状态。这是一件十分繁琐的工作，编写程序花费"
K_存储芯片_计算机科学与技术,存储芯片,计算机科学与技术,653,"存储芯片: 物超所值的固态硬盘产品，必须从产品自身出发，同时参考产品厂商的实力背景，综合选购。宏旺半导体作为国产存储芯片优质提案商，专注存储行业十六年。
推出的M.2 NVME SSD N800 TX系列采用M.2 NV 之前章节中学过的提高机器速度的方法
对于访存速度的提升，我们可以使用高速芯片，架设多层Cache，对存储芯片交叉编址多体并行访问
对于I/O与主机之间的传输速度，从串行，到中断请求，再到DMA I/O处理及， 址翻译和缓存查询并发进行，大大加快了缓存的访问速度。详见地址翻译一节。
由于电路延迟很大程度上取决于存储芯片的大小，所以可考虑使用较小容量的缓存以保证最短的访问周期。这么做的另一个好处是，由于一级缓存足够小， 址翻译和缓存查询并发进行，大大加快了缓存的访问速度。详见地址翻译一节。
由于电路延迟很大程度上取决于存储芯片的大小，所以可考虑使用较小容量的缓存以保证最短的访问周期。这么做的另一个好处是，由于一级缓存足够小， 基于微控制器（如含集成内存和/或外设接口的中央处理单元）的，但在较复杂的系统中普通微处理器（使用外部存储芯片和外设接口电路）也很常见。通用型处理器、专门进行某类计算的处理器、为手持应用订制设计的处理器等，都可 基于微控制器（如含集成内存和/或外设接口的中央处理单元）的，但在较复杂的系统中普通微处理器（使用外部存储芯片和外设接口电路）也很常见。通用型处理器、专门进行某类计算的处理器、为手持应用订制设计的处理器等，都可"
K_安全模式_公共管理,安全模式,公共管理,606,"安全模式: 
安全模式（英语：Safe Mode）通常指操作系统的一种特殊调试模式与一些软件的一种运行模式。
对于微软视窗 常指操作系统的一种特殊调试模式与一些软件的一种运行模式。
对于微软视窗、Mac OS等操作系统来讲，安全模式是一种特别操作模式，用于系统调试。当系统在安全模式时，系统的功能会减少（例如以DirectX API 模式。
对于微软视窗、Mac OS等操作系统来讲，安全模式是一种特别操作模式，用于系统调试。当系统在安全模式时，系统的功能会减少（例如以DirectX API写成的程序不能运行），但是因为很多非内核的程序不会 ），但是因为很多非内核的程序不会运行，所以比较适合于调试。一个安装好的操作系统只会在有重大问题时进入安全模式，例如硬盘问题、中电脑病毒和安装了一些有问题或设计不良的软件，而该软件就阻碍操作系统的运作。
每个操 盘问题、中电脑病毒和安装了一些有问题或设计不良的软件，而该软件就阻碍操作系统的运作。
每个操作系统的安全模式也有不同。一般来说，操作系统在进入安全模式时，只会加载小量的，必须的程序和驱动程序，而大部分的设备均 不良的软件，而该软件就阻碍操作系统的运作。
每个操作系统的安全模式也有不同。一般来说，操作系统在进入安全模式时，只会加载小量的，必须的程序和驱动程序，而大部分的设备均不能使用，除了最小的显示与输入需要外，其他"
K_完全恢复_计算机科学与技术,完全恢复,计算机科学与技术,655,"完全恢复: 更花时间。
从「休眠」状态唤醒电脑，系统会读取「硬盘」保存的临时数据，将其还原到「内存」中，一样可以完全恢复「休眠」前的状态。其实将「休眠」改成「冬眠」可能更容易理解一些。
另外大家都知道电脑默认有一个「休眠 什么感觉的。耳朵两边的切口也在慢慢变淡，嘴巴的张合力比刚做手术那会好了很多。现在下巴还是有些麻木，要完全恢复知觉还是需要一段时间的。骨头的恢复周期都是比较长的，没事没事，俗话说伤筋动骨一百天，我也不急，反正也 什么感觉的。耳朵两边的切口也在慢慢变淡，嘴巴的张合力比刚做手术那会好了很多。现在下巴还是有些麻木，要完全恢复知觉还是需要一段时间的。骨头的恢复周期都是比较长的，没事没事，俗话说伤筋动骨一百天，我也不急，反正也 企业复工复产》 问卷调查，共回收205份有效问卷， 调查结果如下：七成企业Q1订单减少， 供应链尚未完全恢复。 根据问卷调查反馈， 1） 需求端： 受疫情影响， 除了红外测温等抗疫产品紧俏外， 其余安防产品销 光滑，鼻子通过玻尿酸填充后高度发生了变化，第一天还有些僵硬，但是真题效果还比较好
术后的十二天，已经完全恢复，脸上填充伤口的痕迹完全消失
小姐姐之前消瘦的面容，已经有了肉感，皮肤精致，面部轮廓也比较流畅
术后 特点主要有：一是常用的超低延迟配置模式，输出码率平缓，缓冲区溢出概率小。二是可以确保在一个刷新周期内完全恢复错误。三是刷新的频率方向，可以根据视频内容进一步优化。
2.2.3 编码流水线优化
编码器的整体架构"
K_宏指令_计算机科学与技术,宏指令,计算机科学与技术,0,宏指令
K_实时系统_计算机科学与技术,实时系统,计算机科学与技术,673,"实时系统: ·需求工程
·系统测试
·系统维护
·项目管理
·质量保证
·面向对象技术
·计算机辅助软件工程
·实时系统的开发
·应用系统分析与设计(嵌入式系统、数据仓库、互联网应用等)
·软件产品线分析与设计
2.数据 ·需求工程
·系统测试
·系统维护
·项目管理
·质量保证
·面向对象技术
·计算机辅助软件工程
·实时系统的开发
·应用系统分析与设计(嵌入式系统、数据仓库、互联网应用等)
·软件产品线分析与设计
2.数据 
实时操作系统的一个基本要求就是基于优先级的抢占系统。保证优先级高的线程在“第一时间”抢到执行权，是实时系统的第一黄金准则。
但是这种基于优先级抢占的系统，有一个著名的问题需要关注，就是“优先级反转”（Pri 不确定 —— 根据系统的负载，可能有数倍甚至数百倍的差异。我们知道，不确定性是软件系统的大敌，尤其是实时系统。
对于那些对2.4 scheduler 不太了解的同学咱们多说两句：2.4 scheduler 维 不确定 —— 根据系统的负载，可能有数倍甚至数百倍的差异。我们知道，不确定性是软件系统的大敌，尤其是实时系统。
对于那些对2.4 scheduler 不太了解的同学咱们多说两句：2.4 scheduler 维 你HIL就是HardWare In Loop，硬件在环测试，然后再介绍一些高大上的概念，比如仿真机、实时系统、故障注入、信号调理、测试用例、模型在线测试、整车模型等等，让人觉得牛逼极了。
然后，报一个几十万数"
K_密码_生物化学与分子生物学,密码,生物化学与分子生物学,610,"密码: 用什么方式记密码最好？
“她怎么能对我做出这种事？”这个问题不停在我脑海里盘旋。一刻也不停，每天每刻。
在2011年 些方法来维持下去。
有天我到办公室，开启电脑准备一天的工作。事情都很顺利，直到我看到这条消息：
你的密码已经到期，点击“更改密码”设置新的密码
卧槽。我当时以为“更改密码”是别的什么设置。
我看着这个愚蠢 我到办公室，开启电脑准备一天的工作。事情都很顺利，直到我看到这条消息：
你的密码已经到期，点击“更改密码”设置新的密码
卧槽。我当时以为“更改密码”是别的什么设置。
我看着这个愚蠢的消息，好像有个愤怒的老 启电脑准备一天的工作。事情都很顺利，直到我看到这条消息：
你的密码已经到期，点击“更改密码”设置新的密码
卧槽。我当时以为“更改密码”是别的什么设置。
我看着这个愚蠢的消息，好像有个愤怒的老奶奶在我耳旁絮 很顺利，直到我看到这条消息：
你的密码已经到期，点击“更改密码”设置新的密码
卧槽。我当时以为“更改密码”是别的什么设置。
我看着这个愚蠢的消息，好像有个愤怒的老奶奶在我耳旁絮叨：这该死的密码到期了。
在 时以为“更改密码”是别的什么设置。
我看着这个愚蠢的消息，好像有个愤怒的老奶奶在我耳旁絮叨：这该死的密码到期了。
在我的公司，IT管理设置微软Exchange服务要求全球上千的同事更改密码。每30天一次。"
K_就绪状态_计算机科学与技术,就绪状态,计算机科学与技术,439,"就绪状态: 停的原因消失后，它又进入准备运行状态。
所以，在一个进程的活动期间至少具备三种基本状态，即运行状态、就绪状态、阻塞状态。
上图中各个状态的意义：
当然，进程另外两个基本状态：
于是，一个完整的进程状态的变迁如 的执行是由软件来启动的，所以后半部分的中断机制也叫做“软中断”。
工作队列：Linux总是在已经进入就绪状态的进程中来选择一个合适的进程来运行的。为了加快寻找速度，Linux就把所有已就绪的进程集中起来形成一 /MP4播放器、移动硬盘等USB设备或便携设备。正常的计算机即使去除这些设备，也能开机进入准备工作的就绪状态（虽然对用户来说，操作这样的计算机可能变得困难或不可行）。
这是一篇电脑硬件小作品。你可以通过编辑或 /MP4播放器、移动硬盘等USB设备或便携设备。正常的计算机即使去除这些设备，也能开机进入准备工作的就绪状态（虽然对用户来说，操作这样的计算机可能变得困难或不可行）。
这是一篇电脑硬件小作品。你可以通过编辑或"
K_局域网络_计算机科学与技术,局域网络,计算机科学与技术,334,"局域网络: 3、s4 的 embedding 表达应该是接近的，这是同质性相似。节点 u 和节点 s6 都是各自局域网络的中心节点，结构上相似，其 embedding 的表达也应该近似，这是结构性相似。
如果我们在随机游 描器或指纹识别工具
专用（即特定性针对某些组件）扫描器
内网渗透或扫描工具
无线网络（审计）扫描器
局域网络（本地网络）扫描器
代码审计工具或扫描器
模块化设计扫描器或漏洞检测框架
后门检测
grayddq/ 形成新的路由后将消息送达传输目的地。
在网状网络中，所有节点都可与拓扑中所有节点进行连线而形成一个“局域网络”。网状网络与一般网络架构的差异处在于，所有节点可以透过多次跳跃进行数据通信，但它们通常不是移动式装"
K_嵌入式控制器_计算机科学与技术,嵌入式控制器,计算机科学与技术,647,"嵌入式控制器: ro测试版3D打印资料
1. 简介
MOCO通用机器人控制器是一个面向四足、双足、六足与无人机通用的嵌入式控制器，其设计的理念是最大程度降低机器人爱好者软件开发的工作，借鉴乐高MOC构建的理念提供高性能、易用、多 ro测试版3D打印资料
1. 简介
MOCO通用机器人控制器是一个面向四足、双足、六足与无人机通用的嵌入式控制器，其设计的理念是最大程度降低机器人爱好者软件开发的工作，借鉴乐高MOC构建的理念提供高性能、易用、多 机是中国人叫的，有些外国人叫微控制单元MCU(Micro Controller Unit)。也有人叫嵌入式控制器(Embedded  Controller)。
4、单片机的价格(性价比)
当我们明白了什么是单片机 orem）
最小二乘法
李雅普诺夫稳定性
小回路回授
知觉控制理论
状态观测器
向量控制
描述函数
嵌入式控制器
超前-滞后补偿器
数控机床
PID控制器
可编程逻辑控制器
控制应用
分散式控制系统
工业控制系统 orem）
最小二乘法
李雅普诺夫稳定性
小回路回授
知觉控制理论
状态观测器
向量控制
描述函数
嵌入式控制器
超前-滞后补偿器
数控机床
PID控制器
可编程逻辑控制器
控制应用
分散式控制系统
工业控制系统 嵌入式控制器
在以太控制网络中嵌入式控制器是一种很好的、基本的接入设备。嵌入式控制器是用于执行指定独立控制功能并"
K_嵌入式操作系统_计算机科学与技术,嵌入式操作系统,计算机科学与技术,696,"嵌入式操作系统: 层面的客户端和服务器模式，应用在嵌入式系统上的并不多，且多数嵌入式MPEG-4解码系统大多使用商业的嵌入式操作系统，如WindowsCE、VxWorks等，成本高、灵活性差。如以嵌入式Linux作为操作系统不仅开发 系
1.2操作系统
·操作系统的类型与结构
·操作系统基本原理
·操作系统性能优化
·网络操作系统与嵌入式操作系统
1.3数据通信与计算机网络
·数据通信的基本知识
·开放系统互连参考模型
·常用的协议标准
·网络 系
1.2操作系统
·操作系统的类型与结构
·操作系统基本原理
·操作系统性能优化
·网络操作系统与嵌入式操作系统
1.3数据通信与计算机网络
·数据通信的基本知识
·开放系统互连参考模型
·常用的协议标准
·网络 仿GPS接收设备给导航设备周期（100ms 一次）发送GPS经纬度信息。接口为以太网接口，导航设备有嵌入式操作系统，支持TCP/IP协议栈，有了以前的动手经验，我很快就编写出基于TCP socket 的仿真软件，工 仿GPS接收设备给导航设备周期（100ms 一次）发送GPS经纬度信息。接口为以太网接口，导航设备有嵌入式操作系统，支持TCP/IP协议栈，有了以前的动手经验，我很快就编写出基于TCP socket 的仿真软件，工 系
1.2操作系统
·操作系统的类型与结构
·操作系统基本原理
·操作系统性能优化
·网络操作系统与嵌入式操作系统
1.3数据通信与计算机网络
·数据通信的基本知识
·开放系统互连参考模型
·常用的协议标准
·网络"
K_平均查找长度_计算机科学与技术,平均查找长度,计算机科学与技术,696,平均查找长度: 插入的关键字有序时，构成的二叉查找树蜕变为单支树，树的深度为n{\displaystyle n}，其平均查找长度为n+12{\displaystyle {\frac {n+1}{2}}}（和顺序查找相同），最好的 ac {n+1}{2}}}（和顺序查找相同），最好的情况是二叉查找树的形态和折半查找的判定树相同，其平均查找长度和log2⁡(n){\displaystyle \log _{2}(n)}成正比（O(log2⁡(n 插入的关键字有序时，构成的二叉查找树蜕变为单支树，树的深度为n{\displaystyle n}，其平均查找长度为n+12{\displaystyle {\frac {n+1}{2}}}（和顺序查找相同），最好的 ac {n+1}{2}}}（和顺序查找相同），最好的情况是二叉查找树的形态和折半查找的判定树相同，其平均查找长度和log2⁡(n){\displaystyle \log _{2}(n)}成正比（O(log2⁡(n ystyle \alpha }越小，标明填入表中的元素越少，产生冲突的可能性就越小。实际上，散列表的平均查找长度是载荷因子α{\displaystyle \alpha }的函数，只是不同处理冲突的方法有不同的函数 插入的关键字有序时，构成的二叉查找树蜕变为单支树，树的深度为n{\displaystyle n}，其平均查找长度为n+12{\displaystyle {\frac {n+1}{2}}}（和顺序查找相同），最好的
K_并发性_计算机科学与技术,并发性,计算机科学与技术,559,"并发性: ，马上同时执行Query2，则Query2需要2分钟才能执行完；这种按顺序请求资源从一定程度上降低了并发性。
c). SELECT语句加With(NoLock)提示：默认情况下SELECT语句会对查询到的资 高并发性能调试经验分享
 能点，来获得系统能提供的最大服务级别的测试。
性能测试主要分为：
(1)应用在客户端性能的测试：主要并发性能测试，利用自动化工具通过模拟成百上千用户重复执行和运行应用进行黑盒测试，比如loadrunner。 能点，来获得系统能提供的最大服务级别的测试。
性能测试主要分为：
(1)应用在客户端性能的测试：主要并发性能测试，利用自动化工具通过模拟成百上千用户重复执行和运行应用进行黑盒测试，比如loadrunner。 力是不可或缺的。通过线程池管理线程获取并发性是一个非常基础的操作，让我们来看两个典型的使用线程池获取并发性的场景。
场景1：快速响应用户请求
描述：用户发起的实时请求，服务追求响应时间。比如说用户要查看一个 ，这些新的方案都能在某种情况下提升并行任务的性能，然而本次重点解决的问题是如何更简易、更安全地获得的并发性。另外，Actor模型的应用实际上甚少，只在Scala中使用广泛，协程框架在Java中维护的也不成熟"
K_并发进程_计算机科学与技术,并发进程,计算机科学与技术,0,并发进程
K_并行编译_计算机科学与技术,并行编译,计算机科学与技术,110,"并行编译: ：大二级别的固体物理+量子力学
能改：基础 C，Fortran…及以上
会改：MPI，OpenMP，并行编译/集群编译，Linux，熟练Fortran/C，LAPACK/BLAS…，FFT及其他算法。简单群论"
K_广播网络_计算机科学与技术,广播网络,计算机科学与技术,435,"广播网络: 怎么重新分配？原本的卫星怎么清退？直接打下来吗？
正确做法是改装现有设备，这涉及全美100多个电视和广播网络，要在35,000多天线上安装接近100,000个过滤器，重新发射数十个卫星。为此，几大卫星广播服务 也是为什么高通一定要绑定毫米波芯片的原因。
正如之前所说，卫星广播服务的清退涉及全美100多个电视和广播网络，要在35,000多天线上安装接近100,000个过滤器，重新发射数十个卫星，真正实现起来并不简单。 情况下，广播是指从各种来源向公众传播娱乐或信息节目。在1986年至2007年这20年间，全球通过单向广播网络接收传输信息的能力增加了三倍有余，从432艾字节（经过优化处理）增长到1.9泽字节。这相当于每人每天 括每个路由器可以到达哪些网络，这些网络有多远等。
虽然RIP仍然经常的被使用，但是由于收敛慢和支持的广播网络规模有限等缺点，许多人认为它将会而且正在被诸如OSPF和IS-IS这样的路由协议所取代。当然，我们也"
K_应用环境_计算机科学与技术,应用环境,计算机科学与技术,658,"应用环境: 036度。
２. 回应时间快。
３. 控制方便灵活，控制系统易于实现。
４. 型号较多，可根据不同的应用环境选择不同的类型。
５. 提供全闭环控制，可适时监控运行状况，进行适当的调整变换。
四、伺服系统结构
 要求提高，如果继续沿用早期的持续喷淋法做盐雾，就不能充分对产品进行全方位的考核。因此，建议采用与实际应用环境更为接近的交变盐雾试验方法。本文将从原理、标准和实现设备的角度，重点阐述如何有效考核产品的抗腐蚀指标 可以有多个双亲，结点直接可以有多种联系；具有良好的性能，存取效率较高。
d. 缺点：结构比较复杂，随应用环境的扩大，数据库的结构就变得越来越复杂，不利于最终用户掌握；记录之间的联系是通过存取路径实现的，访问数 可以有多个双亲，结点直接可以有多种联系；具有良好的性能，存取效率较高。
d. 缺点：结构比较复杂，随应用环境的扩大，数据库的结构就变得越来越复杂，不利于最终用户掌握；记录之间的联系是通过存取路径实现的，访问数 可以有多个双亲，结点直接可以有多种联系；具有良好的性能，存取效率较高。
d. 缺点：结构比较复杂，随应用环境的扩大，数据库的结构就变得越来越复杂，不利于最终用户掌握；记录之间的联系是通过存取路径实现的，访问数 可以有多个双亲，结点直接可以有多种联系；具有良好的性能，存取效率较高。
d. 缺点：结构比较复杂，随应用环境的扩大，数据库的结构就变得越来越复杂，不利于最终用户掌握；记录之间的联系是通过存取路径实现的，访问数"
K_开中断_计算机科学与技术,开中断,计算机科学与技术,109,"开中断: 过程中，允许响应更高优先级的中断源，从而形成中断服务程序的嵌套
这需要我们在进入中断服务程序后，设置开中断指令，并查询是否有更高优先级别的中断请求
可以通过设置中断屏蔽字，屏蔽掉特定的中断源，改变中断响应的"
K_开始符号_计算机科学与技术,开始符号,计算机科学与技术,659,"开始符号: 个称为产品左侧的非终端、一个箭头和一系列令牌和/或终端（称为产品右侧）组成。 其中一个非终端被指定为开始符号；从那里开始生产。
字符串是从开始符号派生的，方法是重复地将非终端（最初是开始符号）替换为生产的右侧 列令牌和/或终端（称为产品右侧）组成。 其中一个非终端被指定为开始符号；从那里开始生产。
字符串是从开始符号派生的，方法是重复地将非终端（最初是开始符号）替换为生产的右侧（对于该非终端）。
我们讨论回文语言的 一个非终端被指定为开始符号；从那里开始生产。
字符串是从开始符号派生的，方法是重复地将非终端（最初是开始符号）替换为生产的右侧（对于该非终端）。
我们讨论回文语言的问题，它不能用正则表达式来描述。也就是说，L 的推导是：
请注意，最左边的非终端总是先处理。
解析树是派生的图形描述。可以方便地看到字符串是如何从开始符号派生的。派生的开始符号将成为解析树的根。让我们从上一个主题的一个例子来看这个问题。
我们取a+b*c 左边的非终端总是先处理。
解析树是派生的图形描述。可以方便地看到字符串是如何从开始符号派生的。派生的开始符号将成为解析树的根。让我们从上一个主题的一个例子来看这个问题。
我们取a+b*c的最左边的导出
最左边 则语法将变为左递归。对于自顶向下的解析器来说，左递归语法被认为是一个有问题的情况。自上而下的解析器从开始符号开始解析，开始符号本身是非终端的。因此，当解析器在派生过程中遇到同一个非终端时，就很难判断何时停止解"
K_引导扇区_计算机科学与技术,引导扇区,计算机科学与技术,648,引导扇区: der.S中。它是用汇编语言编写的，这在内核中很少见，但在引导代码中很常见。这个文件的开头实际上包含引导扇区代码，这是考虑到在没有引导加载程序的情况下Linux也可以工作。现在，这个引导扇区如果执行，只会向用 件的开头实际上包含引导扇区代码，这是考虑到在没有引导加载程序的情况下Linux也可以工作。现在，这个引导扇区如果执行，只会向用户打印“bugger_off_msg”并重新启动。现代的引导加载程序忽略了这些遗留 ，只会向用户打印“bugger_off_msg”并重新启动。现代的引导加载程序忽略了这些遗留代码。在引导扇区代码之后，我们有实际模式内核头的前15个字节;这两部分加起来是512字节，相当于英特尔硬件上一个典型 der.S中。它是用汇编语言编写的，这在内核中很少见，但在引导代码中很常见。这个文件的开头实际上包含引导扇区代码，这是考虑到在没有引导加载程序的情况下Linux也可以工作。现在，这个引导扇区如果执行，只会向用 件的开头实际上包含引导扇区代码，这是考虑到在没有引导加载程序的情况下Linux也可以工作。现在，这个引导扇区如果执行，只会向用户打印“bugger_off_msg”并重新启动。现代的引导加载程序忽略了这些遗留 ，只会向用户打印“bugger_off_msg”并重新启动。现代的引导加载程序忽略了这些遗留代码。在引导扇区代码之后，我们有实际模式内核头的前15个字节;这两部分加起来是512字节，相当于英特尔硬件上一个典型
K_引导记录_计算机科学与技术,引导记录,计算机科学与技术,218,"引导记录: 式的机器没区别，但是较早的使用MBR（legacy）引导模式的机器需要在U盘中写入引导信息（mbr主引导记录和pbr分区引导记录）。
所以软件制作的U盘启动盘一般是支持双模式引导。再就是许多pe制作软件会写入 这些安全软件的信任漏洞，轻松攻入电脑。
""Kuzzle""通过篡改电脑系统中的主引导记录（MBR）和卷引导记录（VBR），在不修复主引导区情况下，用户即使重装系统也无法根除。火绒工程师表示，近几年，通过MBR、"
K_循环冗余校验_计算机科学与技术,循环冗余校验,计算机科学与技术,677,"循环冗余校验: 度编码，DLC，Data Length Code。
应答，ACK，Acknowledgement。
循环冗余校验，CRC。
替代远程请求位，SRR，Substitute Remote Request。
远程发送请 但是他要牺牲带宽，因为需要再在信息位后面附加检验信息来提供检错能力。我们最常见的检错码有奇偶校验码，循环冗余校验码（CRC）等编码方式。
Gallager在 1962 年里首次提出 LDPC 码，可惜由于当时科技 。检错码是指能自动发现差错的码，例如奇偶检验码；纠错码是指不仅能发现差错而且能自动纠正差错的码，例如循环冗余校验码。
（2）奇偶检验码、海明码、循环冗余校验码（CRC）。
12、嵌入式系统的度量项目
（1）性能指 码；纠错码是指不仅能发现差错而且能自动纠正差错的码，例如循环冗余校验码。
（2）奇偶检验码、海明码、循环冗余校验码（CRC）。
12、嵌入式系统的度量项目
（1）性能指标：分为部件性能指标和综合性能指标，主要包括 。检错码是指能自动发现差错的码，例如奇偶检验码；纠错码是指不仅能发现差错而且能自动纠正差错的码，例如循环冗余校验码。
（2）奇偶检验码、海明码、循环冗余校验码（CRC）。
12、嵌入式系统的度量项目
（1）性能指 码；纠错码是指不仅能发现差错而且能自动纠正差错的码，例如循环冗余校验码。
（2）奇偶检验码、海明码、循环冗余校验码（CRC）。
12、嵌入式系统的度量项目
（1）性能指标：分为部件性能指标和综合性能指标，主要包括"
K_循环执行_计算机科学与技术,循环执行,计算机科学与技术,659,"循环执行: 规模的增长关系
常见的空间复杂度是O(1), O(n), O(n²)，对数阶复杂度一般用不到
只关注循环执行次数最多的一段代码
总复杂度等于量级最大的那段代码的复杂度
乘法法则:嵌套代码的复杂度等于嵌套内外的 如果当前模型的性能得到目标或者已不能再继续标注新的样本（没有专家或者没有钱），则结束迭代过程。否则，循环执行步骤（3）-（6）。
截至2010年，已经有很多不同的 Problem Scenarios 能够使用 lback的回调函数，即调度中心的清空任务方法。
2 . 清空任务方法中，会执行调度中心的工作循环，循环执行任务队列中的任务。
有趣的是，工作循环并不是执行完一次任务中的回调函数就继续执行下一个任务的回调函数 ssage(...)。
3 . 任务的回调函数是一个执行同时模式下root工作的方法。执行该方法时将循环执行工作中fiber，同样使用5毫秒左右的时间切片进行计算和diff，5毫秒时间切片过期后就会返回其自身 lback的回调函数，即调度中心的清空任务方法。
2 . 清空任务方法中，会执行调度中心的工作循环，循环执行任务队列中的任务。
有趣的是，工作循环并不是执行完一次任务中的回调函数就继续执行下一个任务的回调函数 ssage(...)。
3 . 任务的回调函数是一个执行同时模式下root工作的方法。执行该方法时将循环执行工作中fiber，同样使用5毫秒左右的时间切片进行计算和diff，5毫秒时间切片过期后就会返回其自身"
K_快速以太网_计算机科学与技术,快速以太网,计算机科学与技术,660,"快速以太网: ，取代了其他局域网标准如令牌环、FDDI和ARCNET。
以太网的标准拓扑结构为总线型拓扑，但目前的快速以太网（100BASE-T、1000BASE-T标准）为了减少冲突，将能提高的网络速度和使用效率最大化，使 E-TX。10/100/1000支持10BASE-T、100BASE-TX和1000BASE-T。
快速以太网（Fast Ethernet）为IEEE在1995年发表的网络标准，能提供达100Mbps的传输速度 ，取代了其他局域网标准如令牌环、FDDI和ARCNET。
以太网的标准拓扑结构为总线型拓扑，但目前的快速以太网（100BASE-T、1000BASE-T标准）为了减少冲突，将能提高的网络速度和使用效率最大化，使 E-TX。10/100/1000支持10BASE-T、100BASE-TX和1000BASE-T。
快速以太网（Fast Ethernet）为IEEE在1995年发表的网络标准，能提供达100Mbps的传输速度 ，取代了其他局域网标准如令牌环、FDDI和ARCNET。
以太网的标准拓扑结构为总线型拓扑，但目前的快速以太网（100BASE-T、1000BASE-T标准）为了减少冲突，将能提高的网络速度和使用效率最大化，使 E-TX。10/100/1000支持10BASE-T、100BASE-TX和1000BASE-T。
快速以太网（Fast Ethernet）为IEEE在1995年发表的网络标准，能提供达100Mbps的传输速度"
K_快速排序_计算机科学与技术,快速排序,计算机科学与技术,611,"快速排序: 排序的原有意义，而且可以减少系统开销。
归并排序，插入排序，冒泡排序是稳定的。
选择排序，希尔排序，快速排序是不稳定的。 选择一个元素并且将整个数组以那个元素分为两部分，根据实现算法的不同，元素的选择一般有如下几种：
整个快速排序的核心是分区（partition），分区的目的是传入一个数组和选定的一个元素，把所有小于那个元素的其 高效的改进版本。希尔排序是非稳定排序算法。
希尔排序是基于插入排序的以下两点性质而提出改进方法的：
快速排序使用分治法（Divide and conquer）策略来把一个序列（list）分为两个子序列（sub 个算法一定会结束，因为在每次的迭代（iteration）中，它至少会把一个元素摆到它最后的位置去。
快速排序首先选择一个值，该值称为 枢轴值。虽然有很多不同的方法来选择枢轴值，我们将使用列表中的第一项。
下图 并排好序的子数组，直到最后把整个数组的顺序排好代码示例时间复杂度O(nlogn)稳定的排序算法4. 快速排序 Quick Sort基本思想分治实现从原始的数组，选取一基准值，筛选成较小和较大的两个子数组，然后 215：给定一个尚未排好序的数组，要求找出第 k 大的数解1 直接将数组进行排序，然后得出结果解2 快速排序：每次随机选取一个基准值，将数组分成较小的一半和较大的一半，然后检查这个基准值最后所在的下标是不是 "
K_恢复机制_not-field,恢复机制,not-field,0,恢复机制
K_执行开销_计算机科学与技术,执行开销,计算机科学与技术,0,执行开销
K_执行状态_计算机科学与技术,执行状态,计算机科学与技术,661,"执行状态: 】工具按钮如果清理一次后，【全部清理】工具按钮仍然可用，则继续单击该工具按钮，直至该工具按钮变为不可执行状态。
（3）单击【关闭】按钮，关闭对话框。
（4）将图形文件存盘并退出 AutoCAD。读者需要注意的 过这一个实例进行。 下图展示了集中式调度器的一般模型。可以看到，在这一模型中，资源的使用状态和任务的执行状态都由中央调度器管理。
Centralized Scheduler
按照上面的思路，可以列出集中式调度 口命令标准。
除了6条标准命令外，SPI EEPROM内部还有一个8bit的状态寄存器，用于反馈命令执行状态，这8bit状态寄存器的位定义也是存在如下表所示的事实标准的：
不考虑写保护特性的话，bit0 -  口命令标准。
除了6条标准命令外，SPI EEPROM内部还有一个8bit的状态寄存器，用于反馈命令执行状态，这8bit状态寄存器的位定义也是存在如下表所示的事实标准的：
不考虑写保护特性的话，bit0 -  过这一个实例进行。 下图展示了集中式调度器的一般模型。可以看到，在这一模型中，资源的使用状态和任务的执行状态都由中央调度器管理。
Centralized Scheduler
按照上面的思路，可以列出集中式调度 有使用可重入锁ReentrantLock，而是使用AQS，为的就是实现不可重入的特性去反应线程现在的执行状态。
在线程回收过程中就使用到了这种特性，回收过程如下图所示：
2.4.2 Worker线程增加
增加"
K_执行系统_计算机科学与技术,执行系统,计算机科学与技术,648,执行系统: 旦建立了自己比较满意的交易系统之后，操盘过程就应该“跳出来”。这时投资者就应该充分信任交易系统，认真执行系统发出的交易指令。这是在考验企业的执行力。由于自己既是董事长，又是总经理，投资者常犯的一个错误就是越俎 旦建立了自己比较满意的交易系统之后，操盘过程就应该“跳出来”。这时投资者就应该充分信任交易系统，认真执行系统发出的交易指令。这是在考验企业的执行力。由于自己既是董事长，又是总经理，投资者常犯的一个错误就是越俎 旦建立了自己比较满意的交易系统之后，操盘过程就应该“跳出来”。这时投资者就应该充分信任交易系统，认真执行系统发出的交易指令。这是在考验企业的执行力。由于自己既是董事长，又是总经理，投资者常犯的一个错误就是越俎 旦建立了自己比较满意的交易系统之后，操盘过程就应该“跳出来”。这时投资者就应该充分信任交易系统，认真执行系统发出的交易指令。这是在考验企业的执行力。由于自己既是董事长，又是总经理，投资者常犯的一个错误就是越俎 、测试的预测试项。测试实现阶段最主要的是完成测试用例的设计与测试用例的评审。(4)测试执行阶段主要是执行系统测试预测试项、系统测试用例，修改发现的问题并进行回归测试，提交系统预测试报告、系统测试报告、缺陷报告 、测试的预测试项。测试实现阶段最主要的是完成测试用例的设计与测试用例的评审。(4)测试执行阶段主要是执行系统测试预测试项、系统测试用例，修改发现的问题并进行回归测试，提交系统预测试报告、系统测试报告、缺陷报告
K_扫描程序_计算机科学与技术,扫描程序,计算机科学与技术,0,扫描程序
K_批处理系统_计算机科学与技术,批处理系统,计算机科学与技术,656,"批处理系统: 知道，毕竟数据流过就没了，你没算的东西就无法补算了。因此它是个很好的东西，但是无法替代上面数据仓库和批处理系统。
还有一个有些独立的模块是KV Store，比如Cassandra，HBase，MongoDB以及 批处理系统，字节跳动在初期也有不少业务使用 MapReduce / Spark 来实现图算法。得益于批处理系统的广泛使用，业务同学能够快速实现并上线自己的算法逻辑。
批处理系统本身是为了处理行式数据而设计的，其  Spark 来实现图算法。得益于批处理系统的广泛使用，业务同学能够快速实现并上线自己的算法逻辑。
批处理系统本身是为了处理行式数据而设计的，其能够轻易地将工作负载分散在不同的机器上，并行地处理大量的数据。不过 批处理系统，字节跳动在初期也有不少业务使用 MapReduce / Spark 来实现图算法。得益于批处理系统的广泛使用，业务同学能够快速实现并上线自己的算法逻辑。
批处理系统本身是为了处理行式数据而设计的，其  Spark 来实现图算法。得益于批处理系统的广泛使用，业务同学能够快速实现并上线自己的算法逻辑。
批处理系统本身是为了处理行式数据而设计的，其能够轻易地将工作负载分散在不同的机器上，并行地处理大量的数据。不过 我们默认操作系统是单核orz。
PS这个题的答案我觉得没有错，但是解析有问题，在一线的工程师也都默认批处理系统是无法实现并行的，所以作题拿分还是死记住吧，最近几年408也逐渐成熟了，不会出这种沙雕题了。"
K_拒绝_计算机科学与技术,拒绝,计算机科学与技术,643,"拒绝: 就将这四间房预定出去，该事务还没提交的时候另一个顾客到小李这里来预定房间，小李查询系统发现没房了，就拒绝了这个订单，此时小王的电脑发生故障，事务回滚，订单失效，这就是脏读造成的影响。2. 读已提交（rea 些改进。由于Levenshtein Automata像一个有向图。如果某个错误的字符串最后落在了某个拒绝状态，可以从这个状态开始回溯搜索，找到自动机里按字典序的停在下一个接受状态的单词。我们只需要把自动机 语言] 对于一个确定有限状态自动机  ，如果  ,，我们就说自动机  接受字符串  ，反之则表明  拒绝字符串  .
所有的这种字符串的集合   称为这个自动机  的语言.
[DFA等同] 如果两个DFA 脆弱性：“从随机事件（或一定冲击）中获得的有利结果大于不利结果就是反脆弱的，反之则是脆弱的。”
3．拒绝反脆弱将变得更糟
反脆弱性是所有幸存下来的自然和复杂系统的特征，一切自下而上的事物在适量的压力和混乱 望获得美好未来，但事与愿违的是，那些依靠预测行事的人往往会承受更多的风险，会变得更为脆弱。相比之下，拒绝预测，保持足够的灵活性，更可能降低相应的风险。
3．斯多葛派哲学家给出的出路
卢修斯·安内乌斯·塞内 的特性就是，他在做选择以及为自己挑选最有利的东西时表现出的理性——进化过程就是试错，在试错过程中，不拒绝显著优于从前拥有的某种东西的事物。”
可选择性对于创新至关重要。美索不达米亚（Mesopotamia"
K_拓扑关系_控制科学与工程,拓扑关系,控制科学与工程,123,"拓扑关系: 拓扑关系
拓扑关系是指满足拓扑几何学原理的各空间数据间的相互关系。即用结点、弧段和多边形所表示的实体之间的邻 拓扑关系
拓扑关系是指满足拓扑几何学原理的各空间数据间的相互关系。即用结点、弧段和多边形所表示的实体之间的邻接、关联、"
K_指令功能_电子科学与技术,指令功能,电子科学与技术,0,指令功能
K_指令指针寄存器_计算机科学与技术,指令指针寄存器,计算机科学与技术,0,指令指针寄存器
K_指令流_计算机科学与技术,指令流,计算机科学与技术,651,"指令流:  CPU 核）可能执行任意指令，就需要有指令存储器、译码器、各种指令的运算器、分支跳转处理逻辑。由于指令流的控制逻辑复杂，不可能有太多条独立的指令流，因此 GPU 使用 SIMD（单指令流多数据流）来让多个 令存储器、译码器、各种指令的运算器、分支跳转处理逻辑。由于指令流的控制逻辑复杂，不可能有太多条独立的指令流，因此 GPU 使用 SIMD（单指令流多数据流）来让多个执行单元以同样的步调处理不同的数据，CPU 程序的入口地址由CU确定并写入PC中，8.5节将详细介绍有关中断服务的相关内容，这里就不过多赘述了
指令流水技术是现代计算机中最常用的提高指令解释速度的方法
回顾一下我们之前章节中学过的提高机器速度的方法
 作执行的时间并不统一，指令之间也存在一定的相关性，因此系统很难做到绝对统一的满负荷运作
为了研究影响指令流水的因素，如图我们给出一个6级指令流水，假设每一段时间都是相同的
各段执行的操作为：FI（取指令）D 一定的相关性，因此系统很难做到绝对统一的满负荷运作
为了研究影响指令流水的因素，如图我们给出一个6级指令流水，假设每一段时间都是相同的
各段执行的操作为：FI（取指令）DI（指令译码）CO（间址寻址）FO（ 执行单元并行执行
本节中我们来总结一下CPU中的指令流水线，并推广到广义流水线设计的一般结构和原则
指令流水的设计是将一个指令周期中，从取指，译码执行到保存结构的一整个过程划分为多个子阶段，通常划分为图中的"
K_指令缓存_计算机科学与技术,指令缓存,计算机科学与技术,653,"指令缓存: 一步优化，我们还把缓存分为了两块，一块离寄存器很近叫一级缓存，剩下的叫二级缓存。一级缓存中进一步分了指令缓存和数据缓存两块。
我们车间的工作效率那是飞速提升，但不知道是谁走漏了风声，其他几个车间也知道了这项技 一步优化，我们还把缓存分为了两块，一块离寄存器很近叫一级缓存，剩下的叫二级缓存。一级缓存中进一步分了指令缓存和数据缓存两块。
我们车间的工作效率那是飞速提升，但不知道是谁走漏了风声，其他几个车间也知道了这项技 
而非向量中断，中断服务程序需要读取中断寄存器，解码出导致中断的中断源，然后执行特定的中断服务程序
指令缓存和预取算法将在实际的指令解码和执行阶段之前继续提取指令，这可以较小设计中指令提取阶段的存储等待时间延 一种高级技术，不过现今电脑上使用的的AMD或Intel微处理器都在芯片内部集成了大小不等的数据缓存和指令缓存，通称为L1缓存（L1 Cache即Level 1 On-die Cache，第一级片上高速缓冲存储 一种高级技术，不过现今电脑上使用的的AMD或Intel微处理器都在芯片内部集成了大小不等的数据缓存和指令缓存，通称为L1缓存（L1 Cache即Level 1 On-die Cache，第一级片上高速缓冲存储 ecution）处理器，因为这种处理器有完善的机制来保证在投机失败之后取消已经派发的指令。
与一般的指令缓存存储静态连续地址不同，追踪缓存（Trace Cache）存储的是基于执行历史的动态地址序列。这实际上"
K_指令译码器_计算机科学与技术,指令译码器,计算机科学与技术,615,"指令译码器: ithmetic logic Unit)，其功能是进行算术运算和逻辑运算。
控制器一般由指令寄存器、指令译码器、时序电路和控制电路组成。其作用是完成取指令、将指令译码形成各种微操作并执行指令，同时控制计算机的各 ：
1、 从（内部或外部）的程序存储器中，取出一条让LED点亮的指令；
2、 将该指令输入到CPU的指令译码器中，根据译码器的结果（此处是将控制LED的GPIO的输出寄存器的bit位拉高）控制相应寄存器；
3、 存储器使用n线－2n线译码器来将地址总线上已选择的地址转换为行地址选择线中的一个。
在CPU设计中，指令译码器是CPU的一部分，能将存储在指令寄存器或微程序指令中的比特转换为能控制CPU其他部分的控制信号。
8 存储器使用n线－2n线译码器来将地址总线上已选择的地址转换为行地址选择线中的一个。
在CPU设计中，指令译码器是CPU的一部分，能将存储在指令寄存器或微程序指令中的比特转换为能控制CPU其他部分的控制信号。
8 存储器使用n线－2n线译码器来将地址总线上已选择的地址转换为行地址选择线中的一个。
在CPU设计中，指令译码器是CPU的一部分，能将存储在指令寄存器或微程序指令中的比特转换为能控制CPU其他部分的控制信号。
8 指令译码器
指令译码器(Instruction Decoder,ID)是控制器中的主要部件之一。计算机能且只能"
K_接口分析_计算机科学与技术,接口分析,计算机科学与技术,220,"接口分析: 如：在表达式中不正确的使用了括号造成错误、数组下标越界错误、除数为零、浮点数计算的误差等。
17. 接口分析
●接口分析主要是对接口一致性的分析如：各模块之间接口一致性；模块与外部数据库的接口一致性；形参与实 中不正确的使用了括号造成错误、数组下标越界错误、除数为零、浮点数计算的误差等。
17. 接口分析
●接口分析主要是对接口一致性的分析如：各模块之间接口一致性；模块与外部数据库的接口一致性；形参与实参在类型数量"
K_接口标准_计算机科学与技术,接口标准,计算机科学与技术,80,"接口标准: 为什么苹果不愿意使用 Micro USB 接口标准？
1. microUSB 标准的制定组织为OMTP，看看OMTP的成员：运营商： 沃达丰、Oran"
K_控制块_计算机科学与技术,控制块,计算机科学与技术,0,控制块
K_控制总线_计算机科学与技术,控制总线,计算机科学与技术,599,"控制总线: 信号的有序发出
处理中断：处理异常情况和特殊请求
数据加工：完成由硬件实现的基础算术/逻辑运算
外连控制总线/数据总线/地址总线
其中控制总线为双向，即传输CPU的控制信号，又回传部件的控制反馈
数据总线双向 来进行设定，应用比较灵活，可以实现一些总线级的应用，如I2C总线，各种LCD、LED Driver的控制总线等。
对于IO口的使用，重要的一点必须牢记的是：对于输入口，必须有明确的电平信号，确保不能浮空(可以 输数据，自然管道也是单向的。每个USB设备至少有两个端点／管道：他们分别是进出方向的，编号为0，用于控制总线上的设备。按照各自的传输类型，管道被分为4类：
一旦设备（功能）通过总线的Hub附加到主机控制器，主 
控制总线（英语：Control Bus），是一种（部分）电脑总线，在电脑内部里，中央处理器使用它来与其他装置 来与其他装置沟通。当中央处理器正与位址总线上搭载资讯所指的装置沟通，而数据总线搭载着要被处理的数据，控制总线则是搭载着中央处理器发出的命令和装置所回应的状态信号，举例来说，假如数据想要被读取或写入装置，相对应 态信号，举例来说，假如数据想要被读取或写入装置，相对应的讯号线（读取或写入）将被致能（逻辑零）。
在控制总线上有着不同数量与型式的讯号线，但对微处理器来说，它们是有共通性的基本讯号线，例如："
K_控制流分析_计算机科学与技术,控制流分析,计算机科学与技术,504,"控制流分析: S，都可以投”.....
Principles of Program Analysis。 对数据流、控制流分析，抽象解释等都有涉及。因为示例语言比较简单，可能深度有所不够。
Static Program Ana 
控制流分析（Control flow analysis）简称CFA，是一种确认程式控制流程的静态代码分析技术。 。控制流程会以控制流图来表示。对于函数编程语言及面向对象程式设计，CFA都是指计算控制流程的算法。
控制流分析一词最早是由Neil D. Jones[1]及Olin Shivers[2]开始使用。
对于像是Sc 以会程式中直接看出函数呼叫的目标，例如以下的程式片段
根据上述程式无法确认程序f是指什么，此情形下的控制流分析需考虑何时会执行此程式码，及当时的传入值。
抽象释义、约束补偿及型别系统都可以用来进行控制流分析。 表流程的流向[3]。
有许多不同种类的控制流程图，例如
在软件开发以及系统开发里，控制流程图可以用在控制流分析、数据流分析、算法分析及仿真。在实时系统及资料驱动的系统中，最适合用控制及资料来描述。这些流的分析可"
K_控制线_化学,控制线,化学,109,"控制线: 工具有以下的缺点：
随着更严格的公差，多轴线切割加工中心机新增许多功能。像是多条线同时切割两个部分、控制线的磨损、断线时自动穿线、优化加工步骤。
线切割常用于需要低残留应力的地方，由于线切割几乎没有存在切削"
K_操作命令_计算机科学与技术,操作命令,计算机科学与技术,109,"操作命令: 称为垂直型微指令。
垂直型微指令的结构类似于机器指令的结构.它有操作码，在一条微指令中只有l-2个微操作命令，每条微指令的功能简单，因此，实现一条机器指令的微程序要比水平型微指令编写的微程序长得多 .它是采用"
K_操作效率_计算机科学与技术,操作效率,计算机科学与技术,604,"操作效率: k螺母”。
发明家若林在“Hard Lock螺母”扬名世界的今天，仍然埋头于技术革新，相继开发出提高操作效率的“单一螺母”、防止轴承松动的“轴承专用螺母”等新产品。此外，他们目前还在与世界最大的飞机制造商美国 管采用哪种探测方法，当散列表中空闲位置不多的时候，散列冲突的概率就会大大提高。为了尽可能保证散列表的操作效率，一般情况下，我们会尽可能保证散列表中有一定比例的空闲槽位。我们用装载因子（load factor） 管采用哪种探测方法，当散列表中空闲位置不多的时候，散列冲突的概率就会大大提高。为了尽可能保证散列表的操作效率，一般情况下，我们会尽可能保证散列表中有一定比例的空闲槽位。我们用装载因子（load factor） 该是和个人使用习惯有关。我的习惯握持方法与下图类似：
2. 使用这个手势，手指无需离开主要触控区域，操作效率更高。这是相对于按压Home键的优势。
3. 这个手势的响应区域是整个左边框，不用精确定位到某个位置 子比特门操作中的精确旋转，而不需要进行多步复合操作来产生相同的旋转角度。这样可以在线路深度范围内提高操作效率。
现在，你是否对这个“地表最强”的量子计算机HØ系统有了一个更深入的了解？可否是徒有虚名呢？
由I 子比特门操作中的精确旋转，而不需要进行多步复合操作来产生相同的旋转角度。这样可以在线路深度范围内提高操作效率。"
K_操作语义_计算机科学与技术,操作语义,计算机科学与技术,609,"操作语义: n)或意义的)数学对象来形式化计算机系统的语义的一种方法。编程语言的形式语义的其他方法包括公理语义和操作语义。指称语义方式最初开发来处理一个单一计算机程序定义的系统。后来领域扩展到了由多于一个程序构成的系统， 如完全抽象，有助于满足安全关注。[10][11]
完全抽象的概念关心程序的指称语义是否精确的匹配它的操作语义。完全抽象的关键性质有:
我们希望在操作语义和指称语义之间的额外想要的性质有:
在指称语义中长期存在 1]
完全抽象的概念关心程序的指称语义是否精确的匹配它的操作语义。完全抽象的关键性质有:
我们希望在操作语义和指称语义之间的额外想要的性质有:
在指称语义中长期存在的重点是完全抽象存在于归纳类型中，特别是自然 
操作语义学是计算机科学中的一个概念，它是使得计算机程序在数学上更加严谨的一种手段。其它类似的手段包括提供形式 上更加严谨的一种手段。其它类似的手段包括提供形式语义学，包括公理语义学和指称语义。
一个计算机语言的操作语义描述一段合理的程序是怎样被理解为一系列计算机步骤的。这些步骤就是这个程序的意义。在函数编程语言中一段 值。（由于一个程序可能是非非决定的，一般来说一个程序能够有许多不同的计算步骤和许多不同的返回值。）
操作语义最早被用来定义Algol 68的语义。下面这句话引用修正的ALGOL 68报告：
一个使用严格语言编"
K_数字信息_图书馆·情报与文献学,数字信息,图书馆·情报与文献学,216,数字信息: 文为Crash Course Navigating Digital Information（速成课：数字信息指南）的笔记，由UR所整理编写。为了让大家可以正常的上网冲浪，在经过他本人的授权后，特将笔记以CC  文为Crash Course Navigating Digital Information（速成课：数字信息指南）的笔记，由UR所整理编写。为了让大家可以正常的上网冲浪，在经过他本人的授权后，特将笔记以CC 
K_数据文件_地理信息系统,数据文件,地理信息系统,654,"数据文件: 数据排序（ORDER BY）B-Tree在MyISAM里的形式和Innodb稍有不同：MyISAM表数据文件和索引文件是分离的，索引文件仅保存数据记录的磁盘地址，InnoDB表数据文件本身就是主索引，叶节点d 稍有不同：MyISAM表数据文件和索引文件是分离的，索引文件仅保存数据记录的磁盘地址，InnoDB表数据文件本身就是主索引，叶节点data域保存了完整的数据记录。2）Hash索引：a.仅支持""="",“IN""和 是15 ？
如果表的类型是myisam，那么是18。
因为myisam表会把自增主键的最大ID记录到数据文件里，重启mysql自增主键的最大ID也不会丢失。
如果表的类型是innoDB，那么是15.
inno 据库就可以确保数据永不丢失：每当数据块发生更改时，都会将应用于块的变更向量写到重做日志，如果需要还原数据文件，则通过重做日志，可以将变更向量提取并应用于数据文件备份。
性质       会话服务器进程不将重做 会将应用于块的变更向量写到重做日志，如果需要还原数据文件，则通过重做日志，可以将变更向量提取并应用于数据文件备份。
性质       会话服务器进程不将重做记录直接写入重做日志文件，否则，每当执行DML语句时 数据排序（ORDER BY）B-Tree在MyISAM里的形式和Innodb稍有不同：MyISAM表数据文件和索引文件是分离的，索引文件仅保存数据记录的磁盘地址，InnoDB表数据文件本身就是主索引，叶节点d"
K_数据流分析_计算机科学与技术,数据流分析,计算机科学与技术,613,"数据流分析: 一种软件分析的程序化思维。之所以做这个笔记，是为了总结和方便回看，毕竟回看笔记比回看视频快很多。
讲数据流分析的时候，关键是首先抽象表示数据（一般是用向量），然后设计transfer function转换规则和 kward，是may还是must analysis，这相当于是一个分析模板。
本课程主要内容：IR，数据流分析，过程间分析，CFL可达性和IFDS，指针分析，抽象解释。
理论：语言设计，类型系统，语义和逻辑
环 用：程序分析，程序验证，程序合成
技术：抽象解释（Abstract interpretation），数据流分析（Data-flow analysis, ），Hoare logic，Model checking， 
数据流分析 是一种用于收集计算机程序在不同点计算的值的信息的技术。一个程序的控制流图（control flow , CFG）被用来确定对变量的一次赋值可能传播到程序中的哪些部分。这些信息通常被编译器用来优化程序。数据流分析的一个典型的例子就是可到达定义的计算。
进行数据流分析的最简单的一种形式就是对控制流图的某个节点建立 由Gary Kildall在Naval Postgraduate School讲课时发明的。[1]
数据流分析试图获得程序中每一点的特定信息。通常，在基本块的界限内就可以获得这些信息，因为很容易计算基本块中的信"
K_文件分配_计算机科学与技术,文件分配,计算机科学与技术,0,文件分配
K_文件子系统_计算机科学与技术,文件子系统,计算机科学与技术,0,文件子系统
K_文件控制块_计算机科学与技术,文件控制块,计算机科学与技术,104,文件控制块: soft在Windows 95 OSR2（OEM Service Release 2）中部分删除了对文件控制块（DOS 1.x和CP/M的API保留）的支持。FCB功能可以读取但无法写入FAT32卷。
K_文件管理_计算机科学与技术,文件管理,计算机科学与技术,664,"文件管理: 入法为例，建议直接在输入法的属性设置里取消快捷键，微信的快捷键可以在设置中修改成另一个组合。
⑦  文件管理与文件保存
关于文件管理与命名，之前的文章《精英都在用的文件命名管理法》已经说得比较清楚了，也举到了 法的属性设置里取消快捷键，微信的快捷键可以在设置中修改成另一个组合。
⑦  文件管理与文件保存
关于文件管理与命名，之前的文章《精英都在用的文件命名管理法》已经说得比较清楚了，也举到了 PPT 制作的例子。
 果你想详细了解，可以看这篇文章：邵云蛟：你手机里有哪些堪称神器的app？
腾讯出品，适合办公使用，做文件管理非常适合，超级赞。
我理解它是：
桌面文件整理+全局搜索+自动化云盘同步
很小的一个工具，绝对能带来 接存储设备的读写性能问题，尤其是局域网共享资源上。
二是将全部功能实现远程管理路由器，比如网络设置、文件管理，而不是只能在本地WiFi下才能进行操作，同时加入上传文件到外接存储设备的功能。
至于京东云无线宝是 harename）的文件夹出现即可
接着我们在各个设备上链接起来
win是叫做映射网络驱动器，直接在文件管理上面打开，看到上面的映射网络驱动器，按照下方截图指引链接即可啦。文件夹输入正确的路径即可。
有上面这 目录都 TM 是一本书啊，虽然页数不多，但这确确实实是宝贝啊。
从操作系统概述到文件系统、进程管理、文件管理、I/O 管理等等等等。这还不是最牛逼的，最牛逼的是右边能免费 下载，你说气人不气人
每一章节都支持"
K_文件组织_计算机科学与技术,文件组织,计算机科学与技术,0,文件组织
K_文件维护_计算机科学与技术,文件维护,计算机科学与技术,0,文件维护
K_文件锁_计算机科学与技术,文件锁,计算机科学与技术,326,"文件锁: t
5）用文件裸奔：使用文件锁，利用fcntl对一个打开的文件描述符进行操作，文件内容来交互数据；
文件锁具体使用(可以不看)http://blog.csdn.net/hanbo622/article/de 锁实用性强，因为读写锁可以有共享读锁。
对于进程的mutex锁，效率比文件读写锁的效率要高的非常多，文件锁效率虽然非常慢，但是比较安全，在一个进程挂掉之后，如果它获取了mutex锁。则其他进程会阻塞，但是如 然非常慢，但是比较安全，在一个进程挂掉之后，如果它获取了mutex锁。则其他进程会阻塞，但是如果用了文件锁，则会自动释放该锁。
然后线程的mutex是比进程的mutex效率高的。。毕竟线程比较轻量级。
锁的"
K_方波信号_not-field,方波信号,not-field,0,方波信号
K_无向图_计算机科学与技术,无向图,计算机科学与技术,652,"无向图: 熟的。
关于图，有一些概念是要先提及的。首先，图是由顶点和边组成的，根据边的方向性又可以分为有向图和无向图（这一点看地图上的单行路就明白了）。如果在一个有向图中任意两个顶点可以相互到达，则称这张图为强连通图 出度表，从而达到快速查找的目的。如果需要统计入度，那么应同时维护一张逆邻接表来对入度建立索引。当然，无向图可以把出度和入度混在一起记录，反正是无向的。
为了克服需要同时维护两张表的缺陷，人们发明了十字链表和 正是无向的。
为了克服需要同时维护两张表的缺陷，人们发明了十字链表和邻接多重表，分别用于处理有向图和无向图。十字链表将每一条边作为节点，这个节点记录弧头和弧尾，同时拥有一个head指针和一个tail指针；每 指针就可以完成对出度的遍历。十字链表巧妙地节省了一张表。
邻接多重表基于对邻接表的改进。由于其适用于无向图，所以不存在head和tail，但是依旧有两个指针。邻接多重表的节点结构与十字链表类似，并且同样用于 总分支数 + 1
二叉树：有序树
特例：满二叉树，完全二叉树，二叉排序树，平衡二叉树
图分为有向图和无向图，分别需要注意一下连通性的相关概念
基本的存储结构如下：
这俩是线性表的推广，基本没什么难的地方，放 向图，有向图天然的局部归一化问题会导致标注偏差问题（label bias problem）的出现，而无向图则是天然的全局归一化，因此不会落入上述现象。这也就是CRF和MEMM的唯一差别。
这里强推一个b站U"
K_无序列表_计算机科学与技术,无序列表,计算机科学与技术,309,"无序列表: 
在计算机科学中，快速选择（英语：Quickselect）是一种从无序列表找到第k小元素的选择算法。它从原理上来说与快速排序有关。与快速排序一样都由托尼·霍尔提出的，因而也被 无序列表
无序列表是一个没有特定顺序的列表项的集合，也称为项目列表。在无序列表中，各个列表之间属于并列关系， 无序列表
无序列表是一个没有特定顺序的列表项的集合，也称为项目列表。在无序列表中，各个列表之间属于并列关系，没有先后顺 无序列表
无序列表是一个没有特定顺序的列表项的集合，也称为项目列表。在无序列表中，各个列表之间属于并列关系，没有先后顺序之分，它们之间以一个项目符号来标记。使用无序列表标签ul的"
K_时间效率_计算机科学与技术,时间效率,计算机科学与技术,654,"时间效率: 然后发出警报通知后台。同时，后台可以通过监控系统实时看到垃圾房的情况，节省了人力和管理成本，也提高了时间效率。将这种监控行为放在后台，既不会造成用户心理的排斥，又达到了监测的目的。
在这样的技术背景下，同学们 进程的线程。
线程与进程的比较如下：
对于，线程相比进程能减少开销，体现在：
所以，线程比进程不管是时间效率，还是空间效率都要高。
在前面我们知道了，线程与进程最大的区别在于：线程是调度的基本单位，而进程则是 新resize(扩容)，扩容后的HashMap容量是之前容量的两倍。默认的负载因子0.75是对空间和时间效率的一个平衡选择，建议大家不要修改，除非在时间和空间比较特殊的情况下，如果内存空间很多而又对时间效率要 和时间效率的一个平衡选择，建议大家不要修改，除非在时间和空间比较特殊的情况下，如果内存空间很多而又对时间效率要求很高，可以降低负载因子Load factor的值；相反，如果内存空间紧张而对时间效率要求不高，可 间很多而又对时间效率要求很高，可以降低负载因子Load factor的值；相反，如果内存空间紧张而对时间效率要求不高，可以增加负载因子loadFactor的值，这个值可以大于1。
size这个字段其实很好理解 新resize(扩容)，扩容后的HashMap容量是之前容量的两倍。默认的负载因子0.75是对空间和时间效率的一个平衡选择，建议大家不要修改，除非在时间和空间比较特殊的情况下，如果内存空间很多而又对时间效率要"
K_时间约束_计算机科学与技术,时间约束,计算机科学与技术,661,"时间约束: 的是系统的平均响应时间和用户的使用方便；而实时系统主要考虑的是在最坏情况下的系统行为。
（3）特点：时间约束性、可预测性、可靠性、与外部环境的交互性。
（4）硬实时（强实时）：指应用的时间需求应能够得到完全满 反这种需求对系统运行及环境不会造成严重影响，如：监控系统、实时信息采集系统。
（6）任务的约束包括：时间约束、资源约束、执行顺序约束和性能约束。
4、实时系统的调度
（1）调度：给定一组实时任务和系统资源，确 通常是优先级驱动的调度，如uCOS。优点是实时性好、反应快，调度算法相对简单，可以保证高优先级任务的时间约束；缺点是上下文切换多。
（3）非抢占式调度：通常是按时间片分配的调度，不允许任务在执行期间被中断，任 切换少；缺点是处理器有效资源利用率低，可调度性不好。
（4）静态表驱动策略：系统在运行前根据各任务的时间约束及关联关系，采用某种搜索策略生成一张运行时刻表，指明各任务的起始运行时刻及运行时间。
（5）优先级驱 的是系统的平均响应时间和用户的使用方便；而实时系统主要考虑的是在最坏情况下的系统行为。
（3）特点：时间约束性、可预测性、可靠性、与外部环境的交互性。
（4）硬实时（强实时）：指应用的时间需求应能够得到完全满 反这种需求对系统运行及环境不会造成严重影响，如：监控系统、实时信息采集系统。
（6）任务的约束包括：时间约束、资源约束、执行顺序约束和性能约束。
4、实时系统的调度
（1）调度：给定一组实时任务和系统资源，确"
K_有线网络_计算机科学与技术,有线网络,计算机科学与技术,653,"有线网络: 就足够了。
至此，基于USB总线，Type-C口可以做数据传输（包括SD卡），还可以转接成RJ45做有线网络。基于DP总线，Type-C口可以做显示器接口外接显示器。此外Type-C口也可以对数码设备进行充电 的设备，其区别主要是：
Wireless Access Point，WAP，俗称AP，连接无线网络至有线网络的设备，它可以作为一个单独设备，通过有线网络连到路由器上，也能和路由器集成在一起，成为无线路由器。如 ccess Point，WAP，俗称AP，连接无线网络至有线网络的设备，它可以作为一个单独设备，通过有线网络连到路由器上，也能和路由器集成在一起，成为无线路由器。如果一个无线网络没有任何无线接入点则会成为一个 的设备，其区别主要是：
Wireless Access Point，WAP，俗称AP，连接无线网络至有线网络的设备，它可以作为一个单独设备，通过有线网络连到路由器上，也能和路由器集成在一起，成为无线路由器。如 ccess Point，WAP，俗称AP，连接无线网络至有线网络的设备，它可以作为一个单独设备，通过有线网络连到路由器上，也能和路由器集成在一起，成为无线路由器。如果一个无线网络没有任何无线接入点则会成为一个 美，就选这款了
▼威联通QSW-308-1C是一款定位于家用入门级小型万兆交换机，支持几乎目前所有的有线网络接口，千兆网口+万兆SFP+光纤端口+万兆电口（支持1G、2.5G、5G、10G速率）
▼采用了无风"
K_服务系统_自动化科学技术,服务系统,自动化科学技术,94,"服务系统: 服务系统
服务系统（英文名：Service System），是一种社会化的技术系统。 服务系统
服务系统（英文名：Service System），是一种社会化的技术系统。"
K_本地终端_计算机科学与技术,本地终端,计算机科学与技术,0,本地终端
K_机器周期_计算机科学与技术,机器周期,计算机科学与技术,666,"机器周期: 
I：高级语言程序编译后在机器上运行的指令数。
CPI：为执行每条指令所需要的平均周期数。
T：每个机器周期的时间。
（4）流水线的思想：在CPU中把一条指令的串行执行过程变为若干指令的子过程在CPU中重叠执 
I：高级语言程序编译后在机器上运行的指令数。
CPI：为执行每条指令所需要的平均周期数。
T：每个机器周期的时间。
（4）流水线的思想：在CPU中把一条指令的串行执行过程变为若干指令的子过程在CPU中重叠执 
I：高级语言程序编译后在机器上运行的指令数。
CPI：为执行每条指令所需要的平均周期数。
T：每个机器周期的时间。
（4）流水线的思想：在CPU中把一条指令的串行执行过程变为若干指令的子过程在CPU中重叠执 
I：高级语言程序编译后在机器上运行的指令数。
CPI：为执行每条指令所需要的平均周期数。
T：每个机器周期的时间。
（4）流水线的思想：在CPU中把一条指令的串行执行过程变为若干指令的子过程在CPU中重叠执 停地轮流调度，在宏观上，就相当于一个CPU同时执行多个任务。
在过去，CPU在切换任务时往往需要多个机器周期，在这段时间内，CPU不能处理其他任何任务。例如，一个20 MHz的摩托罗拉68000处理器（198 周期（fetch-and-execute cycle）是指CPU要执行一条机器指令经过的步骤，由若干机器周期组成。
不同的机器分解指令周期的方式也不同，有的处理器对每条指令分解出相同数量的机器周期（即使某些简"
K_标号_计算机科学与技术,标号,计算机科学与技术,646,"标号: 和 y 的），所以需要 k 两次，也就是 suc 两次。
我们好像不小心发明了 de Bruijn 标号 的 Lambda Calculus。
似乎还离我们的目标差一些呢。
可以看出的是：
根据上面那个表 和 y 的），所以需要 k 两次，也就是 suc 两次。
我们好像不小心发明了 de Bruijn 标号 的 Lambda Calculus。
似乎还离我们的目标差一些呢。
可以看出的是：
根据上面那个表 让鼠标横过来。再点击Ctrl+V粘贴进Mathematica就可以了。注意粘进去的时候最好带上公式的标号。因为后面Mathemtica文字说明的时候直接指向这些标号就好了。因为之前有出现过跟合作者讨论总觉 就可以了。注意粘进去的时候最好带上公式的标号。因为后面Mathemtica文字说明的时候直接指向这些标号就好了。因为之前有出现过跟合作者讨论总觉得讨论的不是一回事儿的情况。后来发现是那个我们各自在说不同的 前有出现过跟合作者讨论总觉得讨论的不是一回事儿的情况。后来发现是那个我们各自在说不同的公式。如果带了标号就很容易指向特定的公式了。
后面再就是常规的mathematica计算了。这个大家都会我就不啰嗦了。 和制得，主要用作汽车点燃式内燃机的燃料。
92、95、98号汽油等各个型号所代表的就是不同的辛烷值，标号越高辛烷值越高，表示汽油的抗爆性也就越好。发动机在进行工作的时候，就会产生爆震，汽油的抗暴震效果越好"
K_栈溢出_计算机科学与技术,栈溢出,计算机科学与技术,603,"栈溢出: 的，所以通常我们都会限制调⽤栈的⼤⼩，如果当函数嵌套层数过深时，过多的执⾏上下⽂堆 积在栈中便会导致栈溢出，最终如下图所⽰：
setTimeout的本质是将同步函数调⽤改成异步函数调⽤， 这⾥的异步调⽤是将 务，并丢进了消息队列中，然后等待 主线程从消息队列中取出该任务，再执⾏该回调函数foo，这样就解决了栈溢出的问题。
理解微任务的执⾏时机，你只需要记住以下两点：
因此在函数内部触发的微任务，⼀定⽐在函数内部 ⻚⾯的卡死。
不过，由于V8每次执⾏微任务时，都会退出当前foo函数的调⽤栈，所以这段代码是不会造成栈溢出的。
我们都知道，v8执行JavaScript时存在预编译和执行可执行代码两个部分。
我们知道，⼤部 常难的，因此栈空间是有限的。
因为栈空间是有限的，这就导致我们在编写程序的时候，经常⼀不⼩⼼就会导致栈溢出，⽐如函数循环嵌套 层次太多，或者在栈上分配的数据过⼤，都会导致栈溢出，基于栈不⽅便存放⼤的数据，因 序的时候，经常⼀不⼩⼼就会导致栈溢出，⽐如函数循环嵌套 层次太多，或者在栈上分配的数据过⼤，都会导致栈溢出，基于栈不⽅便存放⼤的数据，因此我们使⽤了另 外⼀种数据结构⽤来保存⼀些⼤数据，这就是 「堆」
和栈 ticle/details/88783277)，也是pwnable.kr的第三道题的WP，一个简单的栈溢出的题."
K_概率_计算机科学与技术,概率,计算机科学与技术,648,"概率: 作之前先上锁；这些锁统称为悲观锁(Pessimistic Lock)
特点：锁的粒度小，发生锁冲突的概率低、处理并发的能力强；开销大、加锁慢、会出现死锁不同的存储引擎支持的锁粒度是不一样的==：InnoD 通SELECT语句，InnoDB不会加任何锁。
特点：开销小、加锁快、无死锁；锁粒度大，发生锁冲突的概率高，高并发下性能低
加锁的方式：自动加锁。查询操作（SELECT），会自动给涉及的所有表加读锁，更新 的做异常值检测的方法？张戎​数学话题下的优秀回答者144 人赞同了该回答之前写过几篇文章：分别介绍了概率方法，矩阵分解，神经网络的方法。（1）异常点检测算法（一）（2）异常值检测算法（二）（3）异常点检测 知道？就是在黑洞边上凭空出现一对粒子，一个正能量，一个负能量，用能量为零，由于负能量的粒子掉进黑洞的概率更高，所以导致黑洞的质量减小。
第六点，只讨论史瓦西黑洞，在黑洞内部，空间和时间互换，空间是一维的， -agnostic”。
假定已有一个自回归的语言模型  （注意此时的句子是y），且神经网络中实现条件概率的方法是self-attention（我猜大概需要加mask？）：
其中SA表示self-atten grammar (CFG) 以及导致分歧的几条关键的rule在Penn Tree Bank语料库中的概率 (Hale, 2014, p.84)：
基于这个probabilistic context fre"
K_模拟环境_not-field,模拟环境,not-field,0,模拟环境
K_死锁检测_计算机科学与技术,死锁检测,计算机科学与技术,660,"死锁检测: 0的顶点，然后移除该顶点的所有出度边，重复此操作直至最后移除全部的顶点。拓扑排序亦可用于复杂关系网的死锁检测。这是十分工业而且贴近管理的东西，一般不会在代码项目中遇到。
此外还有一个更贴近管理的东西叫AOE网 工作中较常采用的是第三种方案，通过控制加锁顺序解决死锁：
除此之外，我们还可以通过设置加锁时限或添加死锁检测避免死锁：
其中，死锁检测最出名的算法是由艾兹格·迪杰斯特拉在 1965 年设计的银行家算法，通过记 案，通过控制加锁顺序解决死锁：
除此之外，我们还可以通过设置加锁时限或添加死锁检测避免死锁：
其中，死锁检测最出名的算法是由艾兹格·迪杰斯特拉在 1965 年设计的银行家算法，通过记录系统中的资源向量、最大需 状态是安全的。
安全状态的检测与死锁的检测类似，因为安全状态必须要求不能发生死锁。下面的银行家算法与死锁检测算法非常类似，可以结合着做参考对比。
一个小城镇的银行家，他向一群客户分别承诺了一定的贷款额度，算法 源表示进程请求获取该资源。
图 a 可以抽取出环，如图 b，它满足了环路等待条件，因此会发生死锁。
死锁检测算法：
每种类型一个资源的死锁检测算法是通过检测有向图是否存在环来实现，从一个节点出发进行深度优先搜  可以抽取出环，如图 b，它满足了环路等待条件，因此会发生死锁。
死锁检测算法：
每种类型一个资源的死锁检测算法是通过检测有向图是否存在环来实现，从一个节点出发进行深度优先搜索，对访问过的节点进行标记，如果访"
K_死锁避免_计算机科学与技术,死锁避免,计算机科学与技术,440,"死锁避免: 只要系统发生死锁，这些条件必然成立，而只要上述条件之一不满足，就不会发生死锁。
死锁的避免与预防：
死锁避免的基本思想:
系统对进程发出每一个系统能够满足的资源申请进行动态检查,并根据检查结果决定是否分配资源 据系统资源。此外，也要防止进程在处于等待状态的情况下占用资源。因此，对资源的分配要给予合理的规划。
死锁避免和死锁预防的区别：
死锁预防是设法至少破坏产生死锁的四个必要条件之一,严格的防止死锁的出现,而死锁避 锁避免和死锁预防的区别：
死锁预防是设法至少破坏产生死锁的四个必要条件之一,严格的防止死锁的出现,而死锁避免则不那么严格的限制产生死锁的必要条件的存在,因为即使死锁的必要条件存在,也不一定发生死锁。死锁避免是 而死锁避免则不那么严格的限制产生死锁的必要条件的存在,因为即使死锁的必要条件存在,也不一定发生死锁。死锁避免是在系统运行过程中注意避免死锁的最终发生。
另：锁的比较
对于线程的mutex锁，效率比线程的读写锁"
K_死锁预防_计算机科学与技术,死锁预防,计算机科学与技术,220,"死锁预防: 。此外，也要防止进程在处于等待状态的情况下占用资源。因此，对资源的分配要给予合理的规划。
死锁避免和死锁预防的区别：
死锁预防是设法至少破坏产生死锁的四个必要条件之一,严格的防止死锁的出现,而死锁避免则不那么 程在处于等待状态的情况下占用资源。因此，对资源的分配要给予合理的规划。
死锁避免和死锁预防的区别：
死锁预防是设法至少破坏产生死锁的四个必要条件之一,严格的防止死锁的出现,而死锁避免则不那么严格的限制产生死锁"
K_段式存储管理_计算机科学与技术,段式存储管理,计算机科学与技术,0,段式存储管理
K_段表_计算机科学与技术,段表,计算机科学与技术,645,"段表: 边缘的像素点
如图 3-6所示，C表示为当前非极大值抑制的点，g1-4为它的8连通邻域点，图中蓝色线段表示上一步计算得到的角度图像C点的值，即梯度方向，第一步先判断C灰度值在8值邻域内是否最大，如是则继续 点的度超过设定值，还需要剪边。
具体细节可以参考
1 将D维空间切分为M个D/M的子空间，分别在每个段表示的子空间中进行kmeans聚类。
2 之后在每一段中用距离该段内距离最近的聚类中心的编号来作为索引 边缘的像素点
如图 3-6所示，C表示为当前非极大值抑制的点，g1-4为它的8连通邻域点，图中蓝色线段表示上一步计算得到的角度图像C点的值，即梯度方向，第一步先判断C灰度值在8值邻域内是否最大，如是则继续 边缘的像素点
如图 3-6所示，C表示为当前非极大值抑制的点，g1-4为它的8连通邻域点，图中蓝色线段表示上一步计算得到的角度图像C点的值，即梯度方向，第一步先判断C灰度值在8值邻域内是否最大，如是则继续 段分离出来。
分段机制下的虚拟地址由两部分组成，段选择子和段内偏移量。
在上面，知道了虚拟地址是通过段表与物理地址进行映射的，分段机制会把程序的虚拟地址分成 4 个段，每个段在段表中有一个项，在这一项找到 面，知道了虚拟地址是通过段表与物理地址进行映射的，分段机制会把程序的虚拟地址分成 4 个段，每个段在段表中有一个项，在这一项找到段的基地址，再加上偏移量，于是就能找到物理内存中的地址，如下图：
如果要访问"
K_段长度_计算机科学与技术,段长度,计算机科学与技术,657,"段长度: 55）也像我们一样心存怀疑。
高斯换了一个思考框架，通过概率统计那一套来思考。
让我们回到最初测量线段长度的问题。高斯想，通过测量得到了这些值：
每次的测量值 都和线段长度的真值 之间存在一个误差：
这些误 一套来思考。
让我们回到最初测量线段长度的问题。高斯想，通过测量得到了这些值：
每次的测量值 都和线段长度的真值 之间存在一个误差：
这些误差最终会形成一个概率分布，只是现在不知道误差的概率分布是什么。假设 是说，他们有非常精密的尺子，即便是上面那么长，他们也能度量出来。
于是，外星人把上面那串数字当成了一段长度，在飞船上找了一个位置，准确的刻画了这段长度，于是，它就用这两个刻度，存储了地球的全部信息。
这听起 ，他们也能度量出来。
于是，外星人把上面那串数字当成了一段长度，在飞船上找了一个位置，准确的刻画了这段长度，于是，它就用这两个刻度，存储了地球的全部信息。
这听起来很神奇，你竟然能用一个刻度，存储地球的全部 是说，他们有非常精密的尺子，即便是上面那么长，他们也能度量出来。
于是，外星人把上面那串数字当成了一段长度，在飞船上找了一个位置，准确的刻画了这段长度，于是，它就用这两个刻度，存储了地球的全部信息。
这听起 ，他们也能度量出来。
于是，外星人把上面那串数字当成了一段长度，在飞船上找了一个位置，准确的刻画了这段长度，于是，它就用这两个刻度，存储了地球的全部信息。
这听起来很神奇，你竟然能用一个刻度，存储地球的全部"
K_活动分区_计算机科学与技术,活动分区,计算机科学与技术,448,"活动分区: 
活动分区是指磁盘主分区的一种状态。标记分区为活动分区的目的是为了让操作系统由该区启动，所以通常将操作系统的分 
活动分区是指磁盘主分区的一种状态。标记分区为活动分区的目的是为了让操作系统由该区启动，所以通常将操作系统的分区标记为活动分区。
有多种方法可以将分区标记 主分区的一种状态。标记分区为活动分区的目的是为了让操作系统由该区启动，所以通常将操作系统的分区标记为活动分区。
有多种方法可以将分区标记为活动，下列举几种常见的方法： 后把资料文件存放在另一片软盘上。最早硬盘的代号为""C""和""D""。在一台硬盘驱动器上，DOS只允许一个活动分区的存在。随着支持的硬盘数量越来越多，磁盘代号的命名方法演变为：先将磁盘代号指派给每一颗硬盘驱动器的活 只是加载并运行磁盘的第一个扇区(sector)，在MBR里的码，才知道磁盘分割消息；且是负责加载引导活动分区的VBR的地方。
如果你从“一个没有安装操作系统的磁盘”引导，屏幕会显示""Please Insert"
K_测试驱动程序_计算机科学与技术,测试驱动程序,计算机科学与技术,0,测试驱动程序
K_深度优先搜索_计算机科学与技术,深度优先搜索,计算机科学与技术,673,"深度优先搜索: 一个有向无环图进行抽象表达，定义出哪些是图顶点，顶点之间如何互相关联2. 可以利用广度优先搜索 或 深度优先搜索 进行拓扑排序实现选择一个没有前驱（入度为 0）的顶点，输出，然后删除该顶点及相关的有向边重复上述操 的 B - 树遍历（B-tree traversal）。这便是 BFS（广度优先搜索）或者 DFS（深度优先搜索）的经典示例。
在 Uber 时，团队构建了很多实现节点、依赖关系以及它们之间连接可视化的工具。有一 会产生很大噪音，但没有详细对此分析。论文还指出，DeepWalk 利用随机游走去捕获邻近关系，更像是深度优先搜索；而LINE的方式更像是广度优先搜索，相对而言更合理。上图中的 GF 代表 graph factor 篇文章
几道和「广度优先搜索」有关的算法面试题
初识广度优先搜索与解题套路
从简单二叉树问题重新来看深度优先搜索
二分查找算法详解
一网打尽！二分查找解题模版与题型全面解析
面试官，我会写二分查找法！对，没有 b 和答案
懵逼树上懵逼果：学习二分搜索树
LeetCode 二叉树问题小总结
从简单二叉树问题重新来看深度优先搜索
几道和「二叉树」有关的算法面试题
详解什么是平衡二叉树（AVL）（修订补充版）
【面试现场】为什么 被访问过，是否为可见面，通过标志位来确定哪些边属于临界边。采用这种面数据结构，给定一个面，就可以通过深度优先搜索或宽度优先搜索遍历凸包上的每一个面，如图2所示，采用宽度优先搜索遍历凸包，三角形上的数字就表示搜索的"
K_点到点连接_通信科学技术,点到点连接,通信科学技术,0,点到点连接
K_特权指令_计算机科学与技术,特权指令,计算机科学与技术,0,特权指令
K_用户进程_计算机科学与技术,用户进程,计算机科学与技术,652,"用户进程: PU有一个特权级别的概念。内核运行在最高级别，称为Ring0，用户程序运行在Ring3。正常情况下，用户进程都是运行在Ring3级别的，但是磁盘、网卡等外设只能在内核Ring0级别下来来访问。因此当我们用户态 机制中唯一的异步通信机制，因为可以在任何时候发送信号给某一进程，一旦有信号产生，我们就有下面这几种，用户进程对信号的处理方式。
1.执行默认操作。Linux 对每种信号都规定了默认操作，例如，上面列表中的 S PU有一个特权级别的概念。内核运行在最高级别，称为Ring0，用户程序运行在Ring3。正常情况下，用户进程都是运行在Ring3级别的，但是磁盘、网卡等外设只能在内核Ring0级别下来来访问。因此当我们用户态 为线程。
线程是独立调度和分派的基本单位。线程可以为操作系统内核调度的内核线程，如Win32线程；由用户进程自行调度的用户线程，如Linux平台的POSIX Thread；或者由内核与用户进程，如Window in32线程；由用户进程自行调度的用户线程，如Linux平台的POSIX Thread；或者由内核与用户进程，如Windows 7的线程，进行混合调度。
同一进程中的多条线程将共享该进程中的全部系统资源，如虚 为线程。
线程是独立调度和分派的基本单位。线程可以为操作系统内核调度的内核线程，如Win32线程；由用户进程自行调度的用户线程，如Linux平台的POSIX Thread；或者由内核与用户进程，如Window"
K_电话系统_计算机科学与技术,电话系统,计算机科学与技术,653,"电话系统: ?信令的功能是什么?
信令（Signaling）是指通信系统中的控制指令。
早期的通信系统（其实就是电话系统）以建立语音交互通道为主要目的，那时候的话务接续是由人工进行的，大家经常能在电影里见到的那种摇把电话 用卫星电话[9]。
卫星电话系统的组成方式有很多种。在一个孤立地区通常有一个本地电话系统与其他地区的电话系统相连，也有一些服务把无线电信号加载到电话系统里面。在这种情况下，卫星电话系统几乎可以使用所有类型的卫 很多种。在一个孤立地区通常有一个本地电话系统与其他地区的电话系统相连，也有一些服务把无线电信号加载到电话系统里面。在这种情况下，卫星电话系统几乎可以使用所有类型的卫星。还有一种方式是直接将卫星电话与静止卫星或 用卫星电话[9]。
卫星电话系统的组成方式有很多种。在一个孤立地区通常有一个本地电话系统与其他地区的电话系统相连，也有一些服务把无线电信号加载到电话系统里面。在这种情况下，卫星电话系统几乎可以使用所有类型的卫 很多种。在一个孤立地区通常有一个本地电话系统与其他地区的电话系统相连，也有一些服务把无线电信号加载到电话系统里面。在这种情况下，卫星电话系统几乎可以使用所有类型的卫星。还有一种方式是直接将卫星电话与静止卫星或 ltiplexing，TDM）” （或 “时分复用”，“时分复用”），非常广泛地使用，例如现代的公共电话系统。
有许多方法可以内置一个处理调制的真实设备。在真实系统中，这种设备一般被放在单一个芯片中，并搭配一"
K_电路逻辑_not-field,电路逻辑,not-field,0,电路逻辑
K_目录结构_计算机科学与技术,目录结构,计算机科学与技术,626,"目录结构: 行的小脚本。
数据框架重点采用Golang channel select goroutine实现。
目录结构
核心配置 csink.ini
插件配置 testplugin.ini
看到这个配置有木有跟Flum 占用外存空间。
用户和应用程序可以通过proc得到系统的信息，并可以改变内核的某些参数。
proc/目录结构（部分）：
proc//目录结构（部分）：
/var/log/下的日志文件： 以通过proc得到系统的信息，并可以改变内核的某些参数。
proc/目录结构（部分）：
proc//目录结构（部分）：
/var/log/下的日志文件： 题，文章不会涉及过多的数学推导，但会从直观上简单解释模型的原理，主要的内容会集中在代码部分。
本文的目录结构如下：
首先，我们明确一下命名实体识别的概念：
举个例子，假如有这么一句话：
那么NER的任务就是从 出来的可执行程序也会在引擎目录下.
此外,也有办法把它放在当前工程目录下,随便新建一个空的项目,在其目录结构的Source文件夹下,模仿引擎的UE4工程目录新建两个文件夹Programs和Runtime,并将 所有东西重命名为MyBlankProgram),假设我们工程名字为UtilityProgram则新的目录结构为:
然后重新生成VS工程, 再打开。发现MyBlankProgram工程被放在了Solution根"
K_相对地址_计算机科学与技术,相对地址,计算机科学与技术,548,"相对地址:  而[对应级数]这种列名也一目了然, 如果不加命名, 就得换成=F22:F26, 还要考虑绝对地址和相对地址, 非常麻烦.
起个好名字就成功了一半哦~
切片器: 切片器诞生于2010年. 其实就是一种更美观的 PU进入32位后，寄存器大小已经足够放下整个内存地址，所以也就不存在什么段内和段间跳转了。但是还存在相对地址和绝对地址的区别，这个后面具体分析。
很多书上都提到如直接跳转与间接跳转，立即数寻址和内存寻址，这些 启动信息，得到如下的错误信息提示：
我们计算得到libQtWebkit.so.4.8.1中出错函数的相对地址： A1E7F9。然后利用gdb调试反汇编代码，定位到运行出错的机器码如下图：
经过初步分析，我们认  而[对应级数]这种列名也一目了然, 如果不加命名, 就得换成=F22:F26, 还要考虑绝对地址和相对地址, 非常麻烦.
起个好名字就成功了一半哦~
切片器: 切片器诞生于2010年. 其实就是一种更美观的 ，简单的可执行格式，和引导装载器中。在其他情况下，入口点是在某个其他已知内存地址，这可以是绝对地址或相对地址（偏移量）。
可作为替代选择，程序的执行可以开始于命名点，要么是编程语言或操作系统定义的约定名字，要"
K_硬件故障_计算机科学与技术,硬件故障,计算机科学与技术,655,"硬件故障: D中的多个驱动器可以并行工作，提供更快的读写速度。除此以外，RAID还能提供一定程度的容错能力，包括硬件故障。当单驱动器发生故障时，你很难访问到数据甚至可能完全丢失掉所有数据，但某些RAID配置最多可以允许一  发给自己，其它的协议号发给自己。
无论是哪个Checksum校验，都是只防君子，不防小人！可以防止硬件故障、软件bug、信号干扰、线路差、人为误操作，但是却无法防止人为故意篡改报文字段，但是Checksum  发给自己，其它的协议号发给自己。
无论是哪个Checksum校验，都是只防君子，不防小人！可以防止硬件故障、软件bug、信号干扰、线路差、人为误操作，但是却无法防止人为故意篡改报文字段，但是Checksum 中断，用于程序调试，例如转管指令转入管理程序
2.程序性事故，溢出，操作码无法识别，除法非法等
3.硬件故障，例如存储器无法写入，磁盘坏道，CPU过热，电源掉电
4.I/O设备输入输出处理
5.外部事件，例如 震等地域性失效，以及提供就近服务用户的能力），多云（规避云供应商的整体服务失效），多实例（规避常见的硬件故障），负载均衡（规避单机故障），数据库主备；而业务系统层面，1. 设计之初考虑业务系统尽量模块化，每个 运行的环境。这个环境可能出现的错误和故障就是分布式数据库系统需要处理的故障来源。
集群中任何节点的软硬件故障，或者任何节点之间的网络连接故障，都可能影响集群的正常工作。由于其天然的复杂性，这个环境发生故障的几"
K_磁盘镜像_计算机科学与技术,磁盘镜像,计算机科学与技术,659,"磁盘镜像: 。本文的介绍以64NIC+网卡为准。接下来我们需要启动KipperTerm 2软件，在这里可以下载到磁盘镜像：retrohackers.com • View topic
一般来说我会使用Ultimate-II segment（段） 标记分区大小，而不是默认的 “cylinders（柱面）”）。这是一个不含有效磁盘镜像的文件的 fdisk 输出：
而包含有效文件系统的输出则与下面相似：
从这里可以看到，一个 FAT1 。本文的介绍以64NIC+网卡为准。接下来我们需要启动KipperTerm 2软件，在这里可以下载到磁盘镜像：retrohackers.com • View topic
一般来说我会使用Ultimate-II 防范，特别是对关键性业务资料、流程予以及时记录、备份、保护。
参见[编辑]
风险管理
标准作业程序
磁盘镜像
en:Businesscontinuityplanning
外部链接[编辑]
DataRecove 检索文件和存储的特殊电脑。文件服务器通常比一般的个人电脑拥有更大的存储容量，并具有一些其他的功能，如磁盘镜像、多个网络接口卡、热备援多电源供应器。到后来，文件服务器逐渐进化成带有RAID存储子系统和其他高可用 检索文件和存储的特殊电脑。文件服务器通常比一般的个人电脑拥有更大的存储容量，并具有一些其他的功能，如磁盘镜像、多个网络接口卡、热备援多电源供应器。到后来，文件服务器逐渐进化成带有RAID存储子系统和其他高可用"
K_禁止中断_计算机科学与技术,禁止中断,计算机科学与技术,544,"禁止中断: 嵌入式操作系统（经常是实时操作系统）或者指定程序员移植到这些新系统。
嵌入式系统带有启动代码，通常它禁止中断、设置电子设备参数、测试计算机（RAM、CPU和软件），然后开始应用程序运行。许多嵌入式系统从短暂的 嵌入式操作系统（经常是实时操作系统）或者指定程序员移植到这些新系统。
嵌入式系统带有启动代码，通常它禁止中断、设置电子设备参数、测试计算机（RAM、CPU和软件），然后开始应用程序运行。许多嵌入式系统从短暂的 嵌入式操作系统（经常是实时操作系统）或者指定程序员移植到这些新系统。
嵌入式系统带有启动代码，通常它禁止中断、设置电子设备参数、测试计算机（RAM、CPU和软件），然后开始应用程序运行。许多嵌入式系统从短暂的 是当线程（Thread）进入临界区段时，禁止改变处理器；在uni-processor系统上，可以用“禁止中断（CLI）”来完成，避免发生系统调用（System Call）导致的上下文切换（Context sw 嵌入式操作系统（经常是实时操作系统）或者指定程序员移植到这些新系统。
嵌入式系统带有启动代码，通常它禁止中断、设置电子设备参数、测试计算机（RAM、CPU和软件），然后开始应用程序运行。许多嵌入式系统从短暂的"
K_程序指令_电子科学与技术,程序指令,电子科学与技术,108,程序指令: PU的内存访问请求，这个内存可能是数据、也可能是指令，指令可能是OS、中断相关代码而不是我们所关心的程序指令，还有可能是页表数据，总之有太多的干扰在其中，所以津逮能做出现在的成果，其中的过程想必也是很艰难的。
K_程序检测_计算机科学与技术,程序检测,计算机科学与技术,109,"程序检测: 的正确回应。如果被测设备的回应与预期回应一致，则可得知电路正常，否则即为测试错误。
为了方便使用测试程序检测错误，电路设计阶段不可忽视可测试性设计。在可测试性设计的规则确认完善下，可以利用自动测试图样发生器进"
K_程序状态_计算机科学与技术,程序状态,计算机科学与技术,654,"程序状态: 文件（/var/log/messages）中就会给出附加的信息，包括程序终止原因、故障地址，以及包含程序状态字（PSW）、通用寄存器和访问寄存器的简要寄存器转储。
eg：Mar 31 11:34:28 l02 W是由计算机硬件设计者，将大量的，各类硬件/软件信息进行统一集中存储用的寄存器，是用户不可见的
通过程序状态字的切换就可交换程序执行现场
指令周期是完成一条指令的全部时间
完成一条指令可分为取指阶段（读取指令 新地址的指令会保存程序的状态，计算出应该调用哪个系统调用，调用内核中实现哪个系统调用的函数，恢复用户程序状态，然后将控制权返还给用户程序。系统调用是设备驱动程序中定义的函数最终被调用的一种方式。
在Linux 即Dikin-walk算法）来生成新的输入。这种抽样方法保证了新输入均匀地覆盖给定的搜索空间，保证了程序状态搜索的多样性。在对输入进行采样之后，PANGOLIN仍然保持离线多面体路径提取，以用于连续的模糊测试 xiomatic semantics）是使用数理逻辑来证明程序正确性。程序中的命令的意义描述是通过对程序状态的断言（assertion）效果。断言是逻辑语句——带变量的谓词，而这些变量定义了程序的状态。
公理 硬件中断导致处理器通过一个运行信息切换（context switch）来保存执行状态（以程序计数器和程序状态字等寄存器信息为主）；软件中断则通常作为CPU指令集中的一个指令，以可编程的方式直接指示这种运行信息"
K_程序状态字_not-field,程序状态字,not-field,0,程序状态字
K_程序状态字寄存器_计算机科学与技术,程序状态字寄存器,计算机科学与技术,0,程序状态字寄存器
K_程序转换_计算机科学与技术,程序转换,计算机科学与技术,648,程序转换: ke）在1993年的博士论文[2]却是第一篇著名的关于的重构的文章，即使所有的理论与机制长久以来就以程序转换系统存在。所有这些资源提供了一种常用重构方法的型录索引──所有重构方法需要描述，包括怎样辨识你需要（ ke）在1993年的博士论文[2]却是第一篇著名的关于的重构的文章，即使所有的理论与机制长久以来就以程序转换系统存在。所有这些资源提供了一种常用重构方法的型录索引──所有重构方法需要描述，包括怎样辨识你需要（ 基于Kleene递归方程（英语：Kleene's recursion theorem） ，并在他们的程序转换工作中首次引入。[8] 然后Burstall，MacQueen和Sannella将ML的多态类型检查 用户就会知道这个代码相比其他的代码而言是不具有安全性的。编译器需要unsafe关键字时将使用此代码的程序转换成是允许被编译的。一般来说，不安全代码的使用可能是为了非托管的API（应用程序编程接口）的更好互用， 基于Kleene递归方程（英语：Kleene's recursion theorem） ，并在他们的程序转换工作中首次引入。[8] 然后Burstall，MacQueen和Sannella将ML的多态类型检查 ke）在1993年的博士论文[2]却是第一篇著名的关于的重构的文章，即使所有的理论与机制长久以来就以程序转换系统存在。所有这些资源提供了一种常用重构方法的型录索引──所有重构方法需要描述，包括怎样辨识你需要（
K_第二代计算机_计算机科学与技术,第二代计算机,计算机科学与技术,333,"第二代计算机: ·诺伊斯的领导下，发明了集成电路。不久又推出了微处理器。1959年到1964年间设计的计算机一般称为第二代计算机。
到了1960年代，晶体管计算机将其取而代之。晶体管体积更小，速度更快，价格更加低廉，性能更加可靠 ·诺伊斯的领导下，发明了集成电路。不久又推出了微处理器。1959年到1964年间设计的计算机一般称为第二代计算机。
到了1960年代，晶体管计算机将其取而代之。晶体管体积更小，速度更快，价格更加低廉，性能更加可靠 ·诺伊斯的领导下，发明了集成电路。不久又推出了微处理器。1959年到1964年间设计的计算机一般称为第二代计算机。
到了1960年代，晶体管计算机将其取而代之。晶体管体积更小，速度更快，价格更加低廉，性能更加可靠"
K_算法正确性_计算机科学与技术,算法正确性,计算机科学与技术,228,"算法正确性: 算法正确性
算法正确性是对任意一个合法的输入经过有限步执行之后算法应给出正确的结果。算法正确性证明包括两个方面 算法正确性
算法正确性是对任意一个合法的输入经过有限步执行之后算法应给出正确的结果。算法正确性证明包括两个方面：①证明关于 算法正确性
算法正确性是对任意一个合法的输入经过有限步执行之后算法应给出正确的结果。算法正确性证明包括两个方面：①证明关于输入与输出之关系的命题是正确的；②证明算法中的公式及计算方法是正确的。正"
K_管理子系统_管理科学与工程,管理子系统,管理科学与工程,0,管理子系统
K_管理文件_计算机科学与技术,管理文件,计算机科学与技术,659,"管理文件: 分享文件的""钥匙串""就生成了。
当你需要更改所分享的文件，可进入“共享”页面选中单个任务，右键打开「管理文件」页。
在文件共享的管理页面，可添加或移除文件（如下图）。
最后点击保存，所有文件就更新完成了。更新 需要，来决定是否分区。一般小容量的固态硬盘，不建议分区。
大容量的固态硬盘、机械硬盘，采用分区不但对管理文件有利，还能起到备份作用。何乐而不为呢？
磁盘分区其实非常简单，win10系统现在可以直接在系统内进行 1800g这个量级。
但是这几个应用场合不同，cpu虽然运算不行，但是擅长管理和调度，比如读取数据，管理文件，人机交互等，例程多，辅助工具也很多。
dsp相比而言管理弱了，运算加强了。这两者都是靠高主频来解决 史。这个知识点是尤为重要的，在理解了这三个区域之后，git 的操作才会显得很容易。
在使用 Git 管理文件系统的时候，需要进行一些配置，比如用户信息的配置。 Git 管理文件系统主要分为三个层次，如下所示（ 会显得很容易。
在使用 Git 管理文件系统的时候，需要进行一些配置，比如用户信息的配置。 Git 管理文件系统主要分为三个层次，如下所示（PS：只输入下面这些命令是不行的）
上面已经稍微使用了一下 git  基石。作业系统需要处理如管理与配置记忆体、决定系统资源供需的优先次序、控制输入与输出设备、操作网路与管理文件系统等基本事务。作业系统也提供一个让用户与各电脑设备互动的操作接口。
并发性（concurrency"
K_系统中断_计算机科学与技术,系统中断,计算机科学与技术,242,"系统中断: stm32时钟系统中断处理
1. 设置相应的时钟
首先需要打开GPIOB、GPIOC和GPIOE(因为按键另外一端连接的是 该中断程序的指针所在的地址——然后，或者跟过去把操作系统的秘密全部打印出来、或者用自己写的函数替换掉系统中断服务。或者，你可以直接向硬盘所在的IO口写命令字，控制集成在硬盘电路板上的单片机系统执行任务。你也可 stm32时钟系统中断处理
1. 设置相应的时钟
首先需要打开GPIOB、GPIOC和GPIOE(因为按键另外一端连接的是"
K_系统内核_计算机科学与技术,系统内核,计算机科学与技术,654,"系统内核: 最长的。
然而你的电脑关机后也只要几秒就能启动？因为你的电脑根本没有真正「关机」。
「睡眠模式」会将系统内核、驱动、会话、运行状态等等数据都存储在「内存」中，因为内存的读写速度很快，而且大部分数据本身就在「内 ，然后加载新任务的上下文到这些寄存器和程序计数器，最后再跳转到程序计数器所指的新位置，运行新任务。
系统内核会存储保持下来的上下文信息，当此任务再次被分配给 CPU 运行时，CPU 会重新加载这些上下文，这样 上传与下载目标机器上的文件
游戏中还有一个关键的词汇叫做Shell，Shell是真实的词汇，是外部与系统内核进行交互的方式。有命令式的，就像Mac和Linux的终端，Windows的CMD命令行。也有图形式的 被动升级，什么 ocx, com, atl, ole，dx1-7类似的东西都可以搞出那么多来折腾人，系统内核 GUI，网络、多媒体，大量的 API偶合在一起。最终简单的一个 Office和 Windows一样 被动升级，什么 ocx, com, atl, ole，dx1-7类似的东西都可以搞出那么多来折腾人，系统内核 GUI，网络、多媒体，大量的 API偶合在一起。最终简单的一个 Office和 Windows一样 出要实际要访问的物理内存地址。
而当进程访问的虚拟地址在页表中查不到时，系统会产生一个缺页异常，进入系统内核空间分配物理内存、更新进程页表，最后再返回用户空间，恢复进程的运行。
由于内存空间都是预先划分好的，"
K_系统启动_计算机科学与技术,系统启动,计算机科学与技术,643,"系统启动: 固定硬盘、光驱、路由器)
最靠近夹层的底部主板作为“主节点”——主控主板，连接硬盘、光驱（可选）等，系统启动/关机/重启的时候也是从这个部分操作。其他的主板当作“分支节点”，使用PXE网络启动方式启动。
顶部 两个不同的iOS系统）。若是你找到一个此类漏洞，Apple的100万刀奖金等着你。2. 分区。进行双系统启动或是完全刷入Android必须对闪存进行分区/完全改变文件系统。而iOS并没有提供公开API，也没有 活时留下的垃圾（手动@360大流氓2345小流氓）
10.最后，你的U盘就会出现这些东西请不要乱动
系统启动盘教程到这里就结束了
首先，将U盘插入电脑（最好是机箱背面直连主板的）USB接口中（不认识USB接口 分享下我日常使用的软件-安装操作系统篇-Ventoy
今天给大家分享一款系统启动盘神器，可以安装多个操作系统。他就是 Ventoy
官方简介Ventoy 简介Ventoy是一个制作 ，这个过程也不简单。此外，内核编程都是C语言和汇编级别的操作，出了问题要debug也是极其麻烦，就拿系统启动来说，在进入保护模式或长模式之前，页表和CPU模式处于不断切换之中，进了保护模式之后也要刷新一两次G 固定硬盘、光驱、路由器)
最靠近夹层的底部主板作为“主节点”——主控主板，连接硬盘、光驱（可选）等，系统启动/关机/重启的时候也是从这个部分操作。其他的主板当作“分支节点”，使用PXE网络启动方式启动。
顶部"
K_系统调用表_not-field,系统调用表,not-field,0,系统调用表
K_系统配置_计算机科学与技术,系统配置,计算机科学与技术,652,"系统配置: 扩展的设计方式，使研究人员和工程师们能更加容易地嵌入自己设计的模块并快速实现任务。除此之外，可管理的系统配置可以使其应用更加的灵活，易于完成多种任务。FastReID能够提供不同方法之间的公平对比。该开源库已 人员快速地将新设计的模块插入到系统的任意部分，而且能够帮助研究员和工程师快速地实验新的想法。
2) 系统配置高度管理化，可统一配置模型结构、模型训练、模型评价、模型部署到YAML文件中。可自定义模型结构的主干 扩展的设计方式，使研究人员和工程师们能更加容易地嵌入自己设计的模块并快速实现任务。除此之外，可管理的系统配置可以使其应用更加的灵活，易于完成多种任务。FastReID能够提供不同方法之间的公平对比。
我们热忱 扩展的设计方式，使研究人员和工程师们能更加容易地嵌入自己设计的模块并快速实现任务。除此之外，可管理的系统配置可以使其应用更加的灵活，易于完成多种任务。FastReID能够提供不同方法之间的公平对比。该开源库已 人员快速地将新设计的模块插入到系统的任意部分，而且能够帮助研究员和工程师快速地实验新的想法。
2) 系统配置高度管理化，可统一配置模型结构、模型训练、模型评价、模型部署到YAML文件中。可自定义模型结构的主干 扩展的设计方式，使研究人员和工程师们能更加容易地嵌入自己设计的模块并快速实现任务。除此之外，可管理的系统配置可以使其应用更加的灵活，易于完成多种任务。FastReID能够提供不同方法之间的公平对比。
我们热忱"
K_索引值_not-field,索引值,not-field,0,索引值
K_纠错_计算机科学与技术,纠错,计算机科学与技术,538,"纠错: 模糊搜索&自动纠错——Fuzzy Query by Levenshtein Automata
在我们每天使用的搜索引擎  Automata
在我们每天使用的搜索引擎中，有这么一个简单的小功能经常被忽略——模糊搜索以及自动纠错。当我们输入一个错误的单词时，与其相似的结果将会被返回。这个小功能需要很高的效率以提供良好的用户体验 ，但回答的时候大脑是空白的。。。之后就听教授问我：“你确定吗？”
我就知道我完了。
后面她就开始给我纠错，真的丢死人了！
如果说第一个问题是把我的阵脚打乱，第二个问题就是把我的自信打击到了，呜呜，后面感觉 ，但回答的时候大脑是空白的。。。之后就听教授问我：“你确定吗？”
我就知道我完了。
后面她就开始给我纠错，真的丢死人了！
如果说第一个问题是把我的阵脚打乱，第二个问题就是把我的自信打击到了，呜呜，后面感觉 年第一部关于效忠派的学术论文才发表。这时候，早已变成小众化的学术问题了。
至于特朗普，证明了美国有“纠错”能力的同时，还有“纠对”能力。。。。 高中纠错本详细用法？？？
数学纠错本。
很多人觉得积累了那么多错题其实也不看，根本没用，或者只是为了应付老师的作业匆匆忙忙写了很多而已"
K_线程控制块_计算机科学与技术,线程控制块,计算机科学与技术,110,"线程控制块: 多对多的关系，也就是多个用户线程对应到多个内核线程：
用户线程是基于用户态的线程管理库来实现的，那么线程控制块（Thread Control Block, TCB） 也是在库里面来实现的，对于操作系统而言是看不"
K_线程管理_计算机科学与技术,线程管理,计算机科学与技术,655,"线程管理: 程和任务两者解耦，并不直接关联，从而良好的缓冲任务，复用线程。线程池的运行主要分成两部分：任务管理、线程管理。任务管理部分充当生产者的角色，当任务提交后，线程池会判断该任务后续的流转：（1）直接申请线程执行该 断该任务后续的流转：（1）直接申请线程执行该任务；（2）缓冲到队列中等待线程执行；（3）拒绝该任务。线程管理部分是消费者，它们被统一维护在线程池内，根据任务请求进行线程的分配，当线程执行完任务后则会继续获取新 一个内核线程：
第三种是多对多的关系，也就是多个用户线程对应到多个内核线程：
用户线程是基于用户态的线程管理库来实现的，那么线程控制块（Thread Control Block, TCB） 也是在库里面来实现 现的，对于操作系统而言是看不到这个 TCB 的，它只能看到整个进程的 PCB。
所以，用户线程的整个线程管理和调度，操作系统是不直接参与的，而是由用户级线程库函数来完成线程的管理，包括线程的创建、终止、同步和 属于此模型。
N : 1 模式
多个用户线程对应一个 LWP 再对应一个内核线程，如上图的进程 2，线程管理是在用户空间完成的，此模式中用户的线程对操作系统不可见。
M : N 模式
根据前面的两个模型混搭一 驱动多种气质的语言是多么应景！相比于多线程语言，它不必耗费过多的系统开销，同时也不必把精力用于处理多线程管理，相比于同步执行的语言，宿主环境的异步和事件驱动机制又让它实现了非阻塞I/O，所以你应该知道它适合什"
K_结束标志_not-field,结束标志,not-field,0,结束标志
K_缓存_计算机科学与技术,缓存,计算机科学与技术,643,"缓存: 时间长的sql；explain分析sql是否走索引，sql优化；
3. 检查其他子系统是否正常，是否缓存失效引起，需要查看buffer命中率；
4.开启慢查询日志，查看慢查询的 SQL。
6. MyISA ，那么树的高度就增长了1。 安全的删除top level是非常困难的（多个进程内存有该节点page的缓存；无论如何删除，到root节点的路径上都会有一条路径，这条路径上每个节点都有一个子节点）。
fast A在麋鹿点餐的时候大声喊，我要点和麋鹿一样的（发送指令）。
9：厨师听到了，多做了一个汉堡（汉堡进入缓存，CPU预测指令&乱序执行）。狗仔A涉嫌侵犯麋鹿隐私被叉出去X2！（非法读取被发现，终止进程）
10 硬件比较容易，也比较贵，通常我们需要想办法，尽量在算法方面降低消耗。我们可以在模型复杂度、数据结构、缓存等等方面对分类系统进行优化。比如说，使用简单模型，或者使用知识蒸馏等方法减小参数规模；使用合适的数据 模；使用合适的数据结构存储数据，降低计算、查询等操作的资源消耗；把一些可以离线计算的数据提前计算好、缓存起来，需要使用的时候直接查询出来用；等等。
从这篇博客的篇幅分布和“手动狗头”，可以看出，在我看来， 况下被虚拟机回收，所以reflectionData()方法在开始的地方，先判断了是否可以使用缓存以及缓存是否失效，如果失效了，就会调用 newReflectionData方法生成一个新的 Reflecti"
K_编解码器_计算机科学与技术,编解码器,计算机科学与技术,650,"编解码器: 方的图片解码器，去支持这些需要的的格式。
一般来说，我们需要根据自己想要支持的图像格式，选择相对应的编解码器，进行编解码。这里我们以WebP的解码库libwebp为例子，其他解码器需要根据对应解码器的API处 O来说，主要难度其实在于需要获取的Bitmap。开发者需要一点基本的图像知识，再者就是要能会用第三方编解码器的接口（一般来说第三方编解码器就是C或者C++写的，与OC和Swift交互也非常方便，至少不用像Ja 方的图片解码器，去支持这些需要的的格式。
一般来说，我们需要根据自己想要支持的图像格式，选择相对应的编解码器，进行编解码。这里我们以WebP的解码库libwebp为例子，其他解码器需要根据对应解码器的API处 O来说，主要难度其实在于需要获取的Bitmap。开发者需要一点基本的图像知识，再者就是要能会用第三方编解码器的接口（一般来说第三方编解码器就是C或者C++写的，与OC和Swift交互也非常方便，至少不用像Ja 2Seq、知识增强型系统和微调的 GPT-2 系统。具体包括：Seq2Seq（语言生成任务的最基本的编解码器模型）、知识增强型系统（MenmNet、CopyNet、CCM）、微调的 GPT-2 系统（用于语言 成任务的基本预训练模型 GPT-2 的两种微调：像语言模型一样进行训练的 GPT-2 lang 和用编解码器架构扩展并使用回答数据监控的 GPT-2conv）。此外，本文分别使用 TransE 嵌入和 Glo"
K_编译技术_not-field,编译技术,not-field,0,编译技术
K_编译系统_计算机科学与技术,编译系统,计算机科学与技术,653,"编译系统: 链接（也可以被#include包含到对应类的源文件中）。但通常来说，moc 并不会被手动调用，而是被编译系统自动调用，因此不需要开发者做额外工作。
moc 并不是 Qt 使用的唯一一个代码生成器。另一个典型范 执行，从架构上比Spark少了JVM虚拟机层的开销，性能也会有更大的提升。
LLVM是目前非常流行的编译系统工具链，其中项目就包括了非常著名的Clang、LLDB等，而机器学习领域TensorFlow主推的M 嵌入式开发时，情况就不同了。因为嵌入式设备的资源（CPU、RAM等）无法和 PC 相比，在设备上构建编译系统很麻烦或者根本不可能构建。因此通常做法是在 PC 上使用交叉编译工具链生成能够在嵌入式设备运行的可执 执行，从架构上比Spark少了JVM虚拟机层的开销，性能也会有更大的提升。
LLVM是目前非常流行的编译系统工具链，其中项目就包括了非常著名的Clang、LLDB等，而机器学习领域TensorFlow主推的M 执行，从架构上比Spark少了JVM虚拟机层的开销，性能也会有更大的提升。
LLVM是目前非常流行的编译系统工具链，其中项目就包括了非常著名的Clang、LLDB等，而机器学习领域TensorFlow主推的M CPU指令列表之前进行重组（re-arrangement），这种中间层的使用方式，允许像是LLVM的编译系统可以同时拥有许多不同的前端语言编译器，而且可以产生许多不同架构系统的机器码。
C语言虽然并没有明确设"
K_编辑程序_计算机科学与技术,编辑程序,计算机科学与技术,219,"编辑程序: 编程认为当程序员无法再想出更多能使他／她的代码出错的情况时，这些代码便算完成。
由于极限编程教条提倡编辑程序时只满足目前的需求，并且以尽可能简单的方式实现。有时会碰上一套僵硬的系统，所谓僵硬的系统，表现之一是 件中使用。[1]
因为程序和程序的配置文件通常是以纯文本形式储存，所以程序员也需要使用纯文本编辑器来编辑程序和配置文件。
由文本编辑器创建的纯文本文件与由诸如Microsoft Word、iWork与Open"
K_缺页_计算机科学与技术,缺页,计算机科学与技术,644,"缺页: 量新功能，包括RV64IM/RVC/RVA等指令扩展、时钟中断、硬件填充的TLB、M/S/U特权级、缺页异常、Cache预取、SDRAM控制器、SPI Flash控制器、UART等外围I/O设备……这是一 即应用程序使用操作系统提供的接口调用内核功能； 2. 异常，当应用程序运行时出现异常时（比如最常见的缺页异常）也会切换到内核态进行处理； 3. 外部中断，最常见的情况为当外设（如磁盘、网络适配器）完成用户 过 MMU，找出要实际要访问的物理内存地址。
而当进程访问的虚拟地址在页表中查不到时，系统会产生一个缺页异常，进入系统内核空间分配物理内存、更新进程页表，最后再返回用户空间，恢复进程的运行。
由于内存空间 过 MMU，找出要实际要访问的物理内存地址。
而当进程访问的虚拟地址在页表中查不到时，系统会产生一个缺页异常，进入系统内核空间分配物理内存、更新进程页表，最后再返回用户空间，恢复进程的运行。
由于内存空间 过 MMU，找出要实际要访问的物理内存地址。
而当进程访问的虚拟地址在页表中查不到时，系统会产生一个缺页异常，进入系统内核空间分配物理内存、更新进程页表，最后再返回用户空间，恢复进程的运行。
由于内存空间 过 MMU，找出要实际要访问的物理内存地址。
而当进程访问的虚拟地址在页表中查不到时，系统会产生一个缺页异常，进入系统内核空间分配物理内存、更新进程页表，最后再返回用户空间，恢复进程的运行。
由于内存空间"
K_缺页中断_计算机科学与技术,缺页中断,计算机科学与技术,662,"缺页中断: 过每个进程上页表与物理地址进行映射，获得真正物理地址
如果虚拟地址对应物理地址不在物理内存中，则产生缺页中断，真正分配物理地址，同时更新进程的页表；如果此时物理内存已耗尽，则根据内存替换算法淘汰部分页面至物理 会出现内存泄露了吗？
既然堆内内存不能直接释放，为什么不全部使用 mmap 来分配？
如何查看进程的缺页中断信息？
如何查看堆内内存的碎片情况？
除了 glibc 的 malloc/free ，还有其他第三方 
因此，不是 malloc 后就马上占用实际内存，而是第一次使用时发现虚存对应的物理页面未分配，产生缺页中断，才真正分配物理页面，同时更新进程页面的映射关系。这也是 Linux 虚拟内存管理的核心概念之一。
 过每个进程上页表与物理地址进行映射，获得真正物理地址
如果虚拟地址对应物理地址不在物理内存中，则产生缺页中断，真正分配物理地址，同时更新进程的页表；如果此时物理内存已耗尽，则根据内存替换算法淘汰部分页面至物理 会出现内存泄露了吗？
既然堆内内存不能直接释放，为什么不全部使用 mmap 来分配？
如何查看进程的缺页中断信息？
如何查看堆内内存的碎片情况？
除了 glibc 的 malloc/free ，还有其他第三方 
因此，不是 malloc 后就马上占用实际内存，而是第一次使用时发现虚存对应的物理页面未分配，产生缺页中断，才真正分配物理页面，同时更新进程页面的映射关系。这也是 Linux 虚拟内存管理的核心概念之一。
"
K_网络延时_计算机科学与技术,网络延时,计算机科学与技术,658,"网络延时: 除延迟带来的影响？
网络时间同步现在有2种同步协议NTP和PTP。两种协议原理相同。这两种协议都假定网络延时是对称的。基于这一点来计算时延。例如，已知从a到b的时长＋从b到a的时长，然后 除以2，就得到传输延 装系统时我选择的是centos 7.5，部署云主机选择可用区时请选择距离你工作生活地域比较近的，这样网络延时更低。
从github 下载frp合适的版本到云主机：以我的centos 64位为例
Mac：frp 装系统时我选择的是centos 7.5，部署云主机选择可用区时请选择距离你工作生活地域比较近的，这样网络延时更低。
从github 下载frp合适的版本到云主机：以我的centos 64位为例
Mac：frp  Retransmit算法”触发的重传不是因为发出去的包丢了，也不是因为回应的ACK包丢了，而是因为网络延时了。
可见，引入了D-SACK，有这么几个好处：
2. 是不是自己的timeout太小了，导致重传。  Retransmit算法”触发的重传不是因为发出去的包丢了，也不是因为回应的ACK包丢了，而是因为网络延时了。
可见，引入了D-SACK，有这么几个好处：
2. 是不是自己的timeout太小了，导致重传。  Retransmit算法”触发的重传不是因为发出去的包丢了，也不是因为回应的ACK包丢了，而是因为网络延时导致的reordering。
SACK选项并不是强制的。仅当双端都支持时才会被使用。TCP连接创建时"
K_网络打印机_计算机科学与技术,网络打印机,计算机科学与技术,113,"网络打印机: 网络机顶盒。
餐厅的1个网口，给无线网络扩展预留。
书房的2个网口，1个给无线AP或扩展路由，1个给网络打印机或是网络存储器（NAS）。
主卧的1个网口，给无线AP或是预留。
次卧的1个网口，给无线AP或是预留"
K_网络文件系统_计算机科学与技术,网络文件系统,计算机科学与技术,618,"网络文件系统: 远程文件系统之间的通信都是通过 RPC 完成的。
这是两个分布式文件系统管理，前者是 Sun 公司的网络文件系统（Network File System，NFS），后者是 Andrew 文件管理（Andrew F 远程文件系统之间的通信都是通过 RPC 完成的。
这是两个分布式文件系统管理，前者是 Sun 公司的网络文件系统（Network File System，NFS），后者是 Andrew 文件管理（Andrew F 据进行区分。于是文件检索就可以按照SQL风格甚至自然语言风格进行。
例如BFS[1]和WinFS。
网络文件系统（NFS，Network File System）是一种将远程主机上的分区（目录）经网络挂载到本地系 据进行区分。于是文件检索就可以按照SQL风格甚至自然语言风格进行。
例如BFS[1]和WinFS。
网络文件系统（NFS，Network File System）是一种将远程主机上的分区（目录）经网络挂载到本地系 
网络文件系统（英语：Network File System，缩写作 NFS）是一种分布式文件系统，力求客户端主机 文件系统而言，分布式文件系统（英语：Distributed file system, DFS），或是网络文件系统（英语：Network File System），是一种允许文件透过网络在多台主机上分享的文件系统，"
K_网络爬虫_计算机科学与技术,网络爬虫,计算机科学与技术,570,"网络爬虫: 网络爬虫离不开代理IP?
网络爬虫一定要用到代理IP吗? 随着互联网快速普及渗透，前沿领域蓬勃发展，我们需要 网络爬虫离不开代理IP?
网络爬虫一定要用到代理IP吗? 随着互联网快速普及渗透，前沿领域蓬勃发展，我们需要
用到互联网的越来越多了， 道，代理IP对爬虫工具特别重要，同时有相当大的协助。那麼，对爬虫工具来说，代理IP是不是必不可缺的？网络爬虫一定要用
到代理IP吗？
答案很肯定的：不是， 始终使用相同的IP连续爬取数据信息也是有可能的，只是 戴着不同的“面罩”，则会被认为每次都是不同的人，自然
就没那么容易造成列入黑名单的情况。
因此，倘若网络爬虫工作中不愿使用代理IP，则务必要小心翼翼的操纵访问的頻率，这就造成每日爬取的数据信息沒有是多少，而现 少，而现如今时期高效率高于一切，在这般猛烈的市场竞
争下沒有高效率就等同于宣告死亡，因此，代理IP对网络爬虫工作中特别重要。若是要想高品
质的代理商IP，可以选择我万变IP HTTP代理， 自建服务器，稳定、 代理， 自建服务器，稳定、安全、高匿。物美价廉。
大平台值得信赖。专业技术在线客服1对1为您服务。
网络爬虫不一定要用到代理IP。但是高效率的爬虫，必然要用到代理IP,代理IP是网络爬虫工作者的最佳帮手。"
K_节点对_not-field,节点对,not-field,0,节点对
K_虚拟内存_计算机科学与技术,虚拟内存,计算机科学与技术,607,"虚拟内存: 时的系统状态是一样的
睡眠还是保持着系统运行数据在内存中，而休眠则将内存中的数据保存在硬盘中（应该是虚拟内存） 际的可传递的值（即handle）存在的。
Fuchsia是纯粹的微内核。内核中主要的抽象只包括进程、虚拟内存和IPC机制。各种文件系统、设备驱动、服务都作为一个进程跑在用户态。
这样的话，读写文件就变成了先跟 NFSroot，因为其配置非常简单，只需要修改/etc/initramfs.conf ，让其生成一个虚拟内存（initial ramdisk） that does NFSroot and then setti 际的可传递的值（即handle）存在的。
Fuchsia是纯粹的微内核。内核中主要的抽象只包括进程、虚拟内存和IPC机制。各种文件系统、设备驱动、服务都作为一个进程跑在用户态。
这样的话，读写文件就变成了先跟 际的可传递的值（即handle）存在的。
Fuchsia是纯粹的微内核。内核中主要的抽象只包括进程、虚拟内存和IPC机制。各种文件系统、设备驱动、服务都作为一个进程跑在用户态。
这样的话，读写文件就变成了先跟 比如对内存地址的访问也是由操作系统管控的，某个程序中的内存地址具体落到内存条的哪个位置，还是硬盘中的虚拟内存，就看操作系统的心情了。
至此，操作系统和硬件的交互也介绍的差不多了，更详细的东西建议参考操作系统相"
K_虚拟化技术_计算机科学与技术,虚拟化技术,计算机科学与技术,657,"虚拟化技术: 迪云高级交付经理 董乐
首先我们基础架构的组成主要是计算、存储和网络。在我们以往的模式中主要使用的是虚拟化技术。
无论哪种虚拟化技术在实际生产环境中主要都是通过模板来提高交付效率，模板主要由操作系统和应用组成。 er简单实现。
▼Virtualization Station是功能强大的虚拟机套件，结合储存管理和虚拟化技术，透过 Virtualization Station 可以安装多种操作系统的虚拟机，例如：Windo 些函数之后的魔改容器，当然也可以使用Agent这种大后门来对Botnet的系统级API进行Hook。虚拟化技术的选择：在这里会有人问我为什么不选择虚拟机而选择容器作为养殖环境，一方面是因为虚拟化对资源占用比较多 宙，既不透光也不透声，一切信息都无法相互交流，比隔断更安全，既干净又卫生。这个营造梦境的技术，就是“虚拟化技术”。中哥说得这么玄幻，其实是为了你方便理解。现实世界中虚拟化技术，就是在物理机上通过虚拟化技术创造出 就是“虚拟化技术”。中哥说得这么玄幻，其实是为了你方便理解。现实世界中虚拟化技术，就是在物理机上通过虚拟化技术创造出来的一个个相互隔离的“虚拟机”。让跑在虚拟机里面的操作系统感觉不到任何异常，而且可以像金箍棒一 馆吃饭还要挑人多的那家呢。先走一步的友商亚马逊 AWS 和阿里云都选择用 Xen 而不是 KVM 做虚拟化技术，难道是拍脑袋决定的吗？KVM 毕竟太新了，我们凭什么去踩坑啊？“少壮派”据理力争：如果用复杂的 X"
K_虚拟地址空间_计算机科学与技术,虚拟地址空间,计算机科学与技术,670,"虚拟地址空间: 统资源的管控了。我们运行的所有程序，实际上都是操作系统帮我们运行的。操作系统背后进行了很多的工作，如虚拟地址空间的分配，cpu分时调度，硬件中断信号的响应等。这样对于硬件资源的访问，也是通过操作系统安排的。比如操 一块物理内存，还是指问二级页表，如下图：
一线页表中每一个表项用来设置1M的空间，对于32位的系统，虚拟地址空间有4G，4G/1M=4096。所以一级页表要映射整个4G空间的话，需要4096个页表项。
第0个页表 345678
② MMU根据vaddr[31:20]找到一级页表项：
虚拟地址0x12345678是虚拟地址空间里第0x123个1M，所以找到页表里第0x123项，根据此项内容知道它是一个段页表项。
段内偏移是0 345678
② MMU根据vaddr[31:20]找到一级页表项：
虚拟地址0x12345678是虚拟地址空间里第0x123个1M，所以找到页表里第0x123项。根据此项内容知道它是一个二级页表项。
③ 从这个 级。
共享内存也是非常常见的多进程通信方式，操作系统负责将同一份物理地址的内存映射到多个进程的不同的虚拟地址空间中。进而每个进程都可以操作这份内存。考虑到物理内存的唯一性，它属于临界区资源，需要在进程访问时搞好并 过分段和分页技术抽象了地址空间，所以进程里的内存地址是虚拟的。每个进程运行的时候，都拥有一块非常大的虚拟地址空间，像独占了整个进程一样。它实现了进程之间的隔离，也让每个进程最大化利用内存。
分段，现代操作系统的内"
K_虚拟存储管理_计算机科学与技术,虚拟存储管理,计算机科学与技术,0,虚拟存储管理
K_虚拟机管理器_计算机科学与技术,虚拟机管理器,计算机科学与技术,221,"虚拟机管理器: MM，它的基础是 Google 为 ChromeOS 写的 VMM crosvm，后者是一个全功能的虚拟机管理器，相比之下，firecracker 为了轻量级，连设备模型都被裁减掉了，更不要说ACPI什么的了，所 5究竟是操作系统，还是仅仅在MS-DOS上运行的图形外壳[6][7][8]。
在启动图形用户界面时，虚拟机管理器会接管与文件系统和磁盘相关的功能。MS-DOS本身被降级为16位设备驱动程序的兼容层[9]。这与依赖"
K_虚拟盘_计算机科学与技术,虚拟盘,计算机科学与技术,330,"虚拟盘: ，所以我的理解是，上面还是希望大家能合理健康的上点杠杆，场外配资早已被定性为非法经营，配资平台通常是虚拟盘操作，客户资金被卷款潜逃比比皆是，所以提前干预，以免到时候鸡飞狗跳，本质是保护股民财产。
那如何判断 分
选择是否彻底保留老文件后进入分区界面。
驱动器数量其实就是物理硬盘数量。
每个物理硬盘可以加很多虚拟盘符，也就是一般所说的C盘，D盘，E盘……
除了系统中显示出来日常使用的盘符，还有一些隐藏的小分区，在 分
选择是否彻底保留老文件后进入分区界面。
驱动器数量其实就是物理硬盘数量。
每个物理硬盘可以加很多虚拟盘符，也就是一般所说的C盘，D盘，E盘……
除了系统中显示出来日常使用的盘符，还有一些隐藏的小分区，在"
K_虚页_计算机科学与技术,虚页,计算机科学与技术,0,虚页
K_视窗操作系统_计算机科学与技术,视窗操作系统,计算机科学与技术,606,"视窗操作系统: 究者有时把操作系统分成四大部分：
当然，本节所提出的四部结构观也绝非放之四海皆准。例如，在早期的微软视窗操作系统中，各部分耦合程度很深，难以区分彼此。而在使用外核结构的操作系统中，则根本没有驱动程序的概念。因而， 
动态链接库（英语：Dynamic-link library，缩写为DLL）是微软公司在微软视窗操作系统中实现共享函数库概念的一种实现方式。这些库函数的扩展名是.DLL、.OCX（包含ActiveX控制的 非所有操作系统都支持动态装载。类UNIX操作系统通过C编程语言实现而成的dl库提供该类功能。在微软的视窗操作系统采用Windows应用程序接口。
对于Java语言而言，类的动态装载是通过类加载器（ClassLoa 序接口，也是其用来表征图形对象、将图形对象传送给诸如显示器、打印机之类输出设备的核心组件。GDI 是视窗操作系统（Microsoft Windows）的三大核心部件（也称“子系统”）之一[来源请求]。GDI+ 在 人等。
随着计算机硬件的飞速发展，汉卡逐渐被软件取代，现在已经很少有计算机使用汉卡来处理中文。在微软视窗操作系统开始支持中文之后，汉卡基本上已经退出历史舞台。 
Microsoft Windows（中译：视窗操作系统[4][5]）是微软公司以图形用户界面为主推出的一系列专有商业软件操作系统。其问世时间为1985年，"
K_解调器_电子科学与技术,解调器,电子科学与技术,652,"解调器:  Haunt（CVE-2019-19494）。利用该漏洞，攻击者可以通过端点，远程控制且完全控制调制解调器，进而拦截私人消息、重定向流量或加入僵尸网络等操作。截止目前，仅欧洲，就有近2亿个调制解调器受到影响 unt漏洞藏身于博通芯片的频谱分析仪中。这是一个硬件和软件组件，可在缆线讯号暴冲或受到干扰时保护调制解调器。Internet服务提供商（ISP）经常使用其来调试网络连接质量。
按理说，大多数电缆调制解调器， 制解调器。Internet服务提供商（ISP）经常使用其来调试网络连接质量。
按理说，大多数电缆调制解调器，仅允许来自内部网络的连接访问频谱分析仪。此次漏洞不应存在被远程劫持的风险。
然而，事实并非如此。由 码，进而执行大量非法操作，具体包括几下内容：
可以说，一旦攻击者利用了该漏洞，他们便可以控制电缆调制解调器，刷入恶意固件，进而构成一个庞大的僵尸网络，而整个僵尸网络中设备的体量，将是数亿级。而这样的入侵后果 调器市场的发展。该报告旨在为客户提供全面的市场分析和科学的前景预测，帮助投资者或经营者充分的了解调制解调器市场。
第一章 2015-2025年中国调制解调器行业总概
1.1 中国调制解调器行业发展概述
1. 5-2025年中国电缆调制解调器市场规模和增长率
1.4.2 2015-2025年中国数字用户线调制解调器市场规模和增长率
1.5 调制解调器在不同应用领域的市场规模分析
1.5.1 2015-2025年中"
K_计数排序_not-field,计数排序,not-field,0,计数排序
K_计算复杂度_计算机科学与技术,计算复杂度,计算机科学与技术,671,"计算复杂度: 算可以离线完成，并且将历史行为的数量缩小到几百的量级，给exact search部分的建模保留充足的计算复杂度空间。
exact seatch部分我们没有投入太多的精力，可以把它看做是一个短序列建模问题，用DI 数不同的假设模型，并用于预测未标记的样本。因此，QBC算法需要训练一定数量的分类器，在实际应用中，其计算复杂度相当大。为了约束计算量，使用EQB方法简化计算。针对高维数据的情形，AMD算法能够将特征空间划分为子 型并且不能含有复杂一点的约束，而动态规划我们知道实际上在求解最优控制问题中是一种比较聪明的穷举法，其计算复杂度往往非常高。最优控制由于过于强调最优性，而暴露出两个问题 1是对于非线性的 包含复杂约束的情况难以求 内存进行计算，近似算法主要针对贪心算法这一缺点给出了近似最优解。
对于每个特征，只考察分位点可以减少计算复杂度。
该算法首先根据特征分布的分位数提出候选划分点，然后将连续型特征映射到由这些候选点划分的桶中，然后 用的单电子问题；同时，它要更严格、更精确，能克服Hatree-Fock方法的精度缺陷，并尽可能地降低计算复杂度。由此，诞生了密度泛函理论。
3.从波函数到电荷密度：密度泛函理论的诞生
3.1Hohenberg- 是一种“即插即用”型模块，它可以对常规卷积进行直接替换，在得到更好特征表达学习的同时不引入额外参数与计算复杂度。
​作者在ImageNet与MS-COCO数据集上验证了所提PSConv的优异性能。
​相比已有多"
K_记录结构_not-field,记录结构,not-field,0,记录结构
K_设备驱动程序_计算机科学与技术,设备驱动程序,计算机科学与技术,663,"设备驱动程序: vmalloc(unsigned long size)。size要分配内存的大小. 以字节为单位。在设备驱动程序或者内核模块中动态开辟内存，不是用malloc，而是kmalloc ,vmalloc，或者用get_ 常，为了使应用程序区分所控制设备的类型，内核使用主设备号。而存在多台同类设备时，为了选择其中的一种，设备驱动程序就使用此设备号。
SWI(软中断)
linux内核中设置了一组用于实现系统功能的子程序，称为系统调用 系统调用，调用内核中实现哪个系统调用的函数，恢复用户程序状态，然后将控制权返还给用户程序。系统调用是设备驱动程序中定义的函数最终被调用的一种方式。
在Linux中，每个系统调用被赋予一个系统调用号。这样，通过这个 中，有一些对象其实我们只需要一个，比如说：线程池、缓存、对话框、注册表、日志对象、充当打印机、显卡等设备驱动程序的对象。事实上，这一类对象只能有一个实例，如果制造出多个实例就可能会导致一些问题的产生，比如：程序的 中，有一些对象其实我们只需要一个，比如说：线程池、缓存、对话框、注册表、日志对象、充当打印机、显卡等设备驱动程序的对象。事实上，这一类对象只能有一个实例，如果制造出多个实例就可能会导致一些问题的产生，比如：程序的 用户程序都运行在用户态，当它们需要切换到内核态以获得更高权限时，需要向操作系统申请；而操作系统内核和设备驱动程序则默认就运行在内核态。每个用户线程也拥有两个栈，一个是用户态栈，一个是内核态栈，分别当处于用户态和内"
K_访问冲突_计算机科学与技术,访问冲突,计算机科学与技术,324,访问冲突: 输出带宽，可以满足多线程并发计算的需要。由于shared memory被不同线程共享，所以必须要解决访问冲突的问题。为了保证在读之前数据已经写入，Telsa增加了快速障碍同步指令，通过这个指令来保证线程执行的 块，每个小块都可以被线程单独访问，所以多个线程之间不必进行等待。提高了性能。对这些存储的访问也会发生访问冲突，但是这些冲突并不是放在硬件上解决的。硬件上没有原子访问等机制来保证数据冲突。二是在编译器阶段确定了 ，但是这些冲突并不是放在硬件上解决的。硬件上没有原子访问等机制来保证数据冲突。二是在编译器阶段确定了访问冲突的处理方式。之所以可以这么做是因为基于FPGA的加速器是内部时序是确定的，所以可以确定数据访问时间以
K_访问周期_计算机科学与技术,访问周期,计算机科学与技术,436,"访问周期: 做缓存块的标签和索引，故地址翻译必须在访问缓存之前进行。这种传统方法所以可行的一个重要原因是TLB的访问周期非常短（因为本质上TLB也是一个缓存），因而可以被纳入流水线。
但是，由于地址翻译发生在缓存访问之前 地址翻译一节。
由于电路延迟很大程度上取决于存储芯片的大小，所以可考虑使用较小容量的缓存以保证最短的访问周期。这么做的另一个好处是，由于一级缓存足够小，可以把二级缓存的全部或部分也集成到CPU芯片上，从而减少 做缓存块的标签和索引，故地址翻译必须在访问缓存之前进行。这种传统方法所以可行的一个重要原因是TLB的访问周期非常短（因为本质上TLB也是一个缓存），因而可以被纳入流水线。
但是，由于地址翻译发生在缓存访问之前 地址翻译一节。
由于电路延迟很大程度上取决于存储芯片的大小，所以可考虑使用较小容量的缓存以保证最短的访问周期。这么做的另一个好处是，由于一级缓存足够小，可以把二级缓存的全部或部分也集成到CPU芯片上，从而减少"
K_访问权_计算机科学与技术,访问权,计算机科学与技术,658,"访问权:  server身份验证两种方式。创建登录账户时也分为两种模式的账户。
（4)数据库安全认证
数据库的访问权时通过映射数据库的用户和登录账户之间的关系来实现的。数据库用户是用来指出哪个人可以访问哪个数据库。当 即8位.所以将""GD00""部分和段上限的高4位合并为1个字节存放为limit_high
又称为""段的访问权属性"",在程序中用变量名access_right或ar来表示.
GD00 (高4位)
存放在limi 的程序,运行时的模式是不是同的.
CPU到底是处于系统模式还是应用模式,取决于执行中的应用程序是位于访问权为 0x9a 的段,还是位于访问权为 0xfa 的段
使用上述实例中的结果和函数时:
函数传过来的参 CPU到底是处于系统模式还是应用模式,取决于执行中的应用程序是位于访问权为 0x9a 的段,还是位于访问权为 0xfa 的段
使用上述实例中的结果和函数时:
函数传过来的参数 ar(32位)
ar低16位: 服务」→「Win/Mac/NFS」→「Linux NFS 服务」→「点击这里设置网络共享的 NFS 访问权」
设置NFS访问权
找到需要供电视访问的视频所在文件夹，在右侧点击「编辑共享文件夹权限」
编辑 N 这种情况下，在执行超级任务之后，世界的相关状态是  的状态，这在原则上可以指定，因为  有对它的因果访问权。
不过，这种情况在 Pitowsky 设计的超级任务中并没有出现。
为了找到一个时空，在这个时空中"
K_访问矩阵_计算机科学与技术,访问矩阵,计算机科学与技术,0,访问矩阵
K_访问策略_计算机科学与技术,访问策略,计算机科学与技术,0,访问策略
K_调度程序_计算机科学与技术,调度程序,计算机科学与技术,640,"调度程序: 用数据集（Data Set）和其上的操作作为编程模型的。
由RDD组成的有向无环图（DAG）的执行是调度程序将其生成物理计划并进行优化，然后在Spark集群上执行的。Spark还提供了一个类似于MapRedu 的（其实是驱动的）的中断处理程序在处理这个中断，并在返回到用户空间前，保存中断上收到的信息，然后进入调度程序，调度当前或者下一个进程运行。剩下的事情，就是进程和驱动之间的恩怨了。 行了，于是操作系统会选择下一个要运行的进程。
选择一个进程运行这一功能是在操作系统中完成的，通常称为调度程序（scheduler）。
那到底什么时候调度进程，或以什么原则来调度进程呢？
在进程的生命周期中，当 U 突然的空闲。所以，为了提高 CPU 利用率，在这种发送 I/O 事件致使 CPU 空闲的情况下，调度程序需要从就绪队列中选择一个进程来运行。
原则二：有的程序执行某个任务花费的时间会比较长，如果这个程序一 着 CPU，会造成系统吞吐量（CPU 在单位时间内完成的进程数量）的降低。所以，要提高系统的吞吐率，调度程序要权衡长任务和短任务进程的运行完成数量。
原则三：从进程开始到结束的过程中，实际上是包含两个时间，分 进程的周转时间越小越好，如果进程的等待时间很长而运行时间很短，那周转时间就很长，这不是我们所期望的，调度程序应该避免这种情况发生。
原则四：处于就绪队列的进程，也不能等太久，当然希望这个等待的时间越短越好，这"
K_调度策略_计算机科学与技术,调度策略,计算机科学与技术,658,"调度策略: 码实现如下：
相关技术点：
requestIdleCallback
在 React 16 实现了新的调度策略(Fiber)，新的调度策略提到的异步、可中断，其实就是基于浏览器的 requestIdleCall requestIdleCallback
在 React 16 实现了新的调度策略(Fiber)，新的调度策略提到的异步、可中断，其实就是基于浏览器的 requestIdleCallback 和 request 具。
这篇文章主要涉及的是管理系统资源和调度任务执行相关方面的架构和模型， 具体的资源分配策略和任务调度策略不在我们讨论的范围内。
在系统设计领域研究比较多的朋友可以容易地得出一个结论，那就是我们的系统设计— 控制的方法， 防止对共享状态的修改出现 Race Condition 或死锁的现象。如何为其他服务和调度策略提供一层简单的抽象， 使得任务的调度能兼顾吞吐量、延迟和并发安全呢？
Omega 使用事务(Tran 具。
这篇文章主要涉及的是管理系统资源和调度任务执行相关方面的架构和模型， 具体的资源分配策略和任务调度策略不在我们讨论的范围内。
在系统设计领域研究比较多的朋友可以容易地得出一个结论，那就是我们的系统设计— 控制的方法， 防止对共享状态的修改出现 Race Condition 或死锁的现象。如何为其他服务和调度策略提供一层简单的抽象， 使得任务的调度能兼顾吞吐量、延迟和并发安全呢？
Omega 使用事务(Tran"
K_调用程序_not-field,调用程序,not-field,0,调用程序
K_路由协议_计算机科学与技术,路由协议,计算机科学与技术,655,"路由协议: 像我们在地图上要先标出目的地，然后才能知道怎么去一样。再反过来看RIP，知道它为什么是“道听途说”的路由协议了吧）。OSPF使用Router ID（RID）来标识OSPF路由器。
RID长得和IP地址、区域I 。
所以，三层转发不像二层转发，没有专门的协议来防止路由环路。三层转发的环路一是依靠TTL，二是依靠路由协议本身来考虑。
我们所说的路由表，通常是指IP路由表，也叫全局路由表。每台网络设备只有一个全局路由表， 像我们在地图上要先标出目的地，然后才能知道怎么去一样。再反过来看RIP，知道它为什么是“道听途说”的路由协议了吧）。OSPF使用Router ID（RID）来标识OSPF路由器。
RID长得和IP地址、区域I 。
所以，三层转发不像二层转发，没有专门的协议来防止路由环路。三层转发的环路一是依靠TTL，二是依靠路由协议本身来考虑。
我们所说的路由表，通常是指IP路由表，也叫全局路由表。每台网络设备只有一个全局路由表， 。除了技术还得有理论方向的研究啊，要不然拿什么来发论文，拿什么毕业呢？理论研究方向又分为MAC协议、路由协议、拓扑控制、定位技术、安全技术、数据处理技术等，我们实验室主要做的其实就是路由协议、定位、安全、数据 又分为MAC协议、路由协议、拓扑控制、定位技术、安全技术、数据处理技术等，我们实验室主要做的其实就是路由协议、定位、安全、数据压缩。
说到这里题主是不是头都大了呢？不要着急，其实你不用全都学，我们刚进来的时候"
K_路由算法_计算机科学与技术,路由算法,计算机科学与技术,654,"路由算法: )，只有在数据规模很小的时候，才适合使用这个算法，但是在实际的应用中，求单源最短路是最常见的，比如在路由算法中，某个节点仅需要知道从这个节点出发到达其他节点的最短路径，而不需要知道其他点的情况，因此在路由算法 路由算法中，某个节点仅需要知道从这个节点出发到达其他节点的最短路径，而不需要知道其他点的情况，因此在路由算法中最适合的应该是单源最短路算法，Dijkstra算法。
dijkstra算法是一种经典的基于贪心的单 只有提供给网络这些信息，网络（邮局）才能把分组（包裹）往正确的地址传送。
分组通过最佳路径（取决于 路由算法）路由到目标。但并不是所有在相同两个主机之间传送的分组（即使是来自同一消息的那些分组）一定要沿着相同 互联网的规模自从采用IP以后成长了超过八个数量级。
路由度量（routing metric）包含了被路由算法使用来决定哪一条路径较另一条路径好的所有数值。度量可能包括许多信息，例如带宽、延迟、经过节点数、路径 将u{\displaystyle u}加入S{\displaystyle S}中[1]。该算法常用于路由算法或者作为其他图算法的一个子模块[12]。举例来说，如果图中的顶点表示城市，而边上的权重表示城市间开车 也看到EIGRP，一种和RIP属于同一基本协议类但更具适应性的路由协议，也有被使用。
RIP所使用的路由算法是Bellman-Ford算法.这种算法最早被用于一个计算机网络是在1969年，当时是作为ARPAN"
K_路由聚合_计算机科学与技术,路由聚合,计算机科学与技术,110,"路由聚合: 可选过渡（Optional Transitive）
AGGREGATOR(聚合者)：此属性标明了实施路由聚合的BGP路由器ID和聚合路由的路由器的AS号。
COMMUNITY(团体)：此属性指共享一个公共属性"
K_路由选择信息协议_计算机科学与技术,路由选择信息协议,计算机科学与技术,0,路由选择信息协议
K_软中断_计算机科学与技术,软中断,计算机科学与技术,647,"软中断: 跳转到中断处理程序”这个动作。
CPU能认识的就仅仅是中断线和中断处理程序这些概念。所谓线程，进程，软中断等概念，是软件发明出来的，CPU是不认识的。所谓线程，本质上是保存CPU运行状态的一种形式，CPU的 中断处理，到发出EOI这一段，称为硬中断，把EOI之后，再回到原来被中断之前的程序之前的这一段，称为软中断。但这些是软件的概念，中断对于CPU来说，只有开始，没有结束一说，每次中断的发生，都只是一次强行跳转 ，内核使用主设备号。而存在多台同类设备时，为了选择其中的一种，设备驱动程序就使用此设备号。
SWI(软中断)
linux内核中设置了一组用于实现系统功能的子程序，称为系统调用。系统调用和普通库函数调用非常相 统调用设置参数。其中一个参数是系统调用编号。参数设置完成后，程序执行“系统调用”指令。x86系统上的软中断由int产生。这个指令会导致一个异常：产生一个事件，这个事件会致使处理器切换到内核态并跳转到一个新的 个系统调用的时候，这个系统调用号就被用来指明到底是要执行哪个系统调用。进程不会提及系统调用的名称。
软中断（softirq）：Linux系统把中断分为两部分，前半部分是中断立即执行的，后半部分可以在稍后的某 后半部分的紧急程度不那么“硬”，也由于后半部分的执行是由软件来启动的，所以后半部分的中断机制也叫做“软中断”。
工作队列：Linux总是在已经进入就绪状态的进程中来选择一个合适的进程来运行的。为了加快寻找速"
K_载波侦听_计算机科学与技术,载波侦听,计算机科学与技术,434,"载波侦听: 网卡直接集成进计算机主板。
以太网通讯具有自相关性的特点，这对于电信通讯工程十分重要。
带冲突检测的载波侦听多路访问（CSMA/CD）技术规定了多台电脑共享一个通道的方法。这项技术最早出现在1960年代由夏威 网卡直接集成进计算机主板。
以太网通讯具有自相关性的特点，这对于电信通讯工程十分重要。
带冲突检测的载波侦听多路访问（CSMA/CD）技术规定了多台电脑共享一个通道的方法。这项技术最早出现在1960年代由夏威 网卡直接集成进计算机主板。
以太网通讯具有自相关性的特点，这对于电信通讯工程十分重要。
带冲突检测的载波侦听多路访问（CSMA/CD）技术规定了多台电脑共享一个通道的方法。这项技术最早出现在1960年代由夏威 线拓扑都会有一个网段和碰撞网域。为了让节点能够同时在总线网络中传输资料，采用了媒体存取控制技术，例如载波侦听多路存取（CSMA）或总线主控（英语：Bus mastering）（Bus master）。"
K_辅助存储器_计算机科学与技术,辅助存储器,计算机科学与技术,657,"辅助存储器: 一般均含有一定容量的存储器），单独封装。
分级结构：高速缓冲存储器(Cache)、主存储器(MM)、辅助存储器(外存储器)。
存储特点：计算机实现大容量记忆功能的核心部件  存储记忆信息（按位存放）
位(bit 
分页（英语：Paging），是一种操作系统里存储器管理的一种技术，可以使电脑的主存可以使用存储在辅助存储器中的资料。操作系统会将辅助存储器（通常是磁盘）中的资料分割成固定大小的区块，称为“页”（pages） 是一种操作系统里存储器管理的一种技术，可以使电脑的主存可以使用存储在辅助存储器中的资料。操作系统会将辅助存储器（通常是磁盘）中的资料分割成固定大小的区块，称为“页”（pages）。当不需要时，将分页由主存（通常 ）中的资料分割成固定大小的区块，称为“页”（pages）。当不需要时，将分页由主存（通常是内存）移到辅助存储器；当需要时，再将资料取回，加载主存中。相对于分段，分页允许存储器存储于不连续的区块以维持文件系统的整 空的帧中，将不需要的资料从帧上清除，但如果随机存取存储器没有空的帧可用，操作系统会把一部分的资料存回辅助存储器然后释放。辅助存储器会用分页的方式将文件存在经过平均分配大小的页上，等到随机存取存储器需要使用时再写 资料从帧上清除，但如果随机存取存储器没有空的帧可用，操作系统会把一部分的资料存回辅助存储器然后释放。辅助存储器会用分页的方式将文件存在经过平均分配大小的页上，等到随机存取存储器需要使用时再写回。如果在随机存取存"
K_输出通道_计算机科学与技术,输出通道,计算机科学与技术,662,"输出通道: (PSConv)，它混合了不同的扩张因子并将其置于卷积核的不同位置。特别的，扩展因子集合可以沿输入和输出通道轴周期性循环，集成不同尺度的特征。PSConv是一种“即插即用”型模块，它可以对常规卷积进行直接替换 图中，不同颜色代表了不同的感受野。每个小方块代表了深入与输出的连接关系。在常规卷积中，每个输入通道与输出通道均存在连接，而在空间维度则进行不同尺寸的卷积计算且卷积核尺寸相同；在组卷积中，输入通道与输出通道线进 道与输出通道均存在连接，而在空间维度则进行不同尺寸的卷积计算且卷积核尺寸相同；在组卷积中，输入通道与输出通道线进行分组，对应组之间进行常规卷积计算；在所提PSConv卷积中，输入与输出通道同样通过全局连接，但 组卷积中，输入通道与输出通道线进行分组，对应组之间进行常规卷积计算；在所提PSConv卷积中，输入与输出通道同样通过全局连接，但区别在于不同通道的卷积计算时的卷积核存在区别，比如四种尺度卷积交替执行。
​也就 致形式都差不多，没有找到特别统一的说法。
CNN的FLOPs：
(1) 知乎：
Ci、Co表示输入和输出通道，K卷积核大小，HW是输出的feature map大小。其中括号中的式子这样理解：
左边是乘法运算量 致形式都差不多，没有找到特别统一的说法。
CNN的FLOPs：
(1) 知乎：
Ci、Co表示输入和输出通道，K卷积核大小，HW是输出的feature map大小。其中括号中的式子这样理解：
左边是乘法运算量"
K_运行时间_计算机科学与技术,运行时间,计算机科学与技术,655,"运行时间: 时，rE为23小时，All-pairs为16小时。在CIFAR-10上结果差不多。
在验证输入尺寸对运行时间的影响时，研究人员使用的是64GB RAM的6核Intel Xeon W-2135，以及GeForc 需求然后从中去取一个平衡点。
算法运行所需时间，大家第一反应是不是通过在程序的开头和结尾计时来计算出运行时间，这样行吗？肯定行啊，但它有很大的缺陷。
所以我们就会想到通过预测来判断时间复杂度。
使用事前计算法 在应用中，这是一种最基本的保障，即使在最坏情况下，也能够正常提供服务，所以，除非特别指定，我们提到的运行时间都指的是最坏情况下的，如下排序算法：
最好情况是第一个就是期望元素一次找到，最差情况就是N次才找到， 乎是成正比的，所以如果可以实现这种挑选边缘点，利用边缘进行聚类的方法，是极有意义的。下面给出数据量与运行时间的几组测试结果：
四、应用：颜色聚类
下面举一个k-means聚类在图像分割中的应用。下图是一个蠢萌 的问题的集合记为P，通常认为这个集合中的问题能被计算机有效解决。因为随着问题输入规模n的增长，算法的运行时间是n的多项式，相比于指数时间算法，多项式算法的运行时间增长速度要慢很多。将存在多项式检验算法的问题的 有效解决。因为随着问题输入规模n的增长，算法的运行时间是n的多项式，相比于指数时间算法，多项式算法的运行时间增长速度要慢很多。将存在多项式检验算法的问题的集合记为NP，检验算法指的是对于问题的某个解，算法能够"
K_进制转换_计算机科学与技术,进制转换,计算机科学与技术,603,"进制转换: 何转换呢？如以上整数转换成二进制，小数转换成二进制，然后加在一起就OK了，如图所示。
4、  整数二进制转换为十进制：首先将二进制数补齐位数，首位如果是0就代表是正整数，如果首位是1则代表是负整数。
先看首位 中，目前主流的编程语言也都能写几句，在这些语言中进制转化没有一个不符合我刚说的规则，因为根据数学定义进制转换就应该是这样的，计算机科学还没发展到推翻数学的地步 分、求和等运算。
（3）复数计算（图为求  以及复数极坐标形式的运算，即电学上常用的相量）。
（4）进制转换和位运算（左图为十进制数1234转换为十六进制，右图为十进制数234和十六进制数4BA5的与，用二进 一键 Office 转换工具、在线 PDF 转换器、在线文字识别转换、视频格式转换、电子书格式转换、进制转换、颜色转换、单位转换、拼音转换、时间日期转换等。
https://www.ehow.com/
Eho 一键 Office 转换工具、在线 PDF 转换器、在线文字识别转换、视频格式转换、电子书格式转换、进制转换、颜色转换、单位转换、拼音转换、时间日期转换等。
https://www.ehow.com/
Eho 来避免相同碱基的连续出现。
下图是实际编码过程的示例。其中的Huffman code是用于二进制跟三进制转换的编码方式，与题目无关此处就不多做解释了。"
K_进程切换_计算机科学与技术,进程切换,计算机科学与技术,670,"进程切换: 
所以，进程也有关中断的概念，关进程的中断，会导致本进程运行的过程中，CPU不再接受中断，但如果这个进程切换到另一个进程上，那就按新进程的上下文来说了。
在大部分的通用CPU上（请注意，这里说的是CPU这个视 ad的syscall调用，陷入内核，内核会设置DMA，然后把进程挂起。因为进程挂起了，内核另找了一个进程切换进来执行。当DMA完成发生中断的时候，不管当前执行的是哪个进程，都会直接通过中断进入内核，这个过程外 ，提高IO效率；但如果不能抢占进来，就会恢复当前的进程的执行，等到高优先级执行结束后，再让之前挂起的进程切换进来继续执行，这对于执行IO的进程来说是不可见的。发布于2016-08-21​赞同70​​19条评论 是共享 CPU 资源的，在不同的时候进程之间需要切换，让不同的进程可以在 CPU 执行，那么这个一个进程切换到另一个进程运行，称为进程的上下文切换。
大多数操作系统都是多任务，通常支持大于 CPU 数量的任务 。
进程都希望自己能够占用 CPU 进行工作，那么这涉及到前面说过的进程上下文切换。
一旦操作系统把进程切换到运行状态，也就意味着该进程占用着 CPU 在执行，但是当操作系统把进程切换到其他状态时，那就不能在 文切换。
一旦操作系统把进程切换到运行状态，也就意味着该进程占用着 CPU 在执行，但是当操作系统把进程切换到其他状态时，那就不能在 CPU 中执行了，于是操作系统会选择下一个要运行的进程。
选择一个进程运行"
K_进程创建_计算机科学与技术,进程创建,计算机科学与技术,657,"进程创建: 概念。
在Fuchsia中，路径只是一个形式上的字符串，并不一定对应于磁盘上的一个vnode。在一个进程创建时，会给它提供各种资源，这些资源被赋予各种路径。实际上，我们不应该再把这些资源的路径看成是一个统一的 概念。
在Fuchsia中，路径只是一个形式上的字符串，并不一定对应于磁盘上的一个vnode。在一个进程创建时，会给它提供各种资源，这些资源被赋予各种路径。实际上，我们不应该再把这些资源的路径看成是一个统一的 概念。
在Fuchsia中，路径只是一个形式上的字符串，并不一定对应于磁盘上的一个vnode。在一个进程创建时，会给它提供各种资源，这些资源被赋予各种路径。实际上，我们不应该再把这些资源的路径看成是一个统一的 要双向通信，需要创建两个管道，再来匿名管道是只能用于存在父子关系的进程间通信，匿名管道的生命周期随着进程创建而建立，随着进程终止而消失。
命名管道突破了匿名管道只能在亲缘关系进程间的通信限制，因为使用命名管道 统资源并且运行相应的程序
对于一个进程来说，它的核心内容分为两部分 ：
一个是它的内存，这个内存是这进程创建之初从系统分配的，它所有创建的变量都会储存在这一片内存环境当中；
另一个是它的上下文环境，我们知道进 的一些状态。
在操作系统中可以运行多个进程的，对于一个进程来说，他可以创建自己的子进程，当我们在一个进程创建出若干个子进程的时候，子进程和父进程一样，拥有自己的内存空间和上下文环境：
例如：父进程通过fope"
K_进程复制_计算机科学与技术,进程复制,计算机科学与技术,0,进程复制
K_进程状态_计算机科学与技术,进程状态,计算机科学与技术,333,"进程状态: 行状态、就绪状态、阻塞状态。
上图中各个状态的意义：
当然，进程另外两个基本状态：
于是，一个完整的进程状态的变迁如下图：
再来详细说明一下进程的状态变迁：
另外，还有一个状态叫挂起状态，它表示进程没有占有物 指向相应的 PCB，不同状态对应不同的索引表。
一般会选择链表，因为可能面临进程创建，销毁等调度导致进程状态发生变化，所以链表能够更加灵活的插入和删除。
我们熟知了进程的状态变迁和进程的数据结构 PCB 后， （原优先权最高的进程）的执行，重新将CPU分配给新到的优先权最高的进程。
在进程调度中不得不提的就是进程状态，进程调度实际就是改变被调度进程的状态，下图描述了调度的时机和动作[1]：
上表中的(2)(3)就是"
K_进程调度_计算机科学与技术,进程调度,计算机科学与技术,657,"进程调度: 广泛应用于中小规模的数据平台应用。
单机操作系统，如 Windows、Linux 和 macOS 的进程调度器是典型的集中式调度器。 当用户请求执行应用之后，由操作系统将进程载入内存。计算机硬件的所有资源，包 广泛应用于中小规模的数据平台应用。
单机操作系统，如 Windows、Linux 和 macOS 的进程调度器是典型的集中式调度器。 当用户请求执行应用之后，由操作系统将进程载入内存。计算机硬件的所有资源，包 了死锁的原因，尤其是产生死锁的四个必要条件，就可以最大可能地避免、预防和解除死锁。所以，在系统设计、进程调度等方面注意如何让这四个必要条件不成立，如何确定资源的合理分配算法，避免进程永久占据系统资源。此外，也 将控制权还给操作系统，操作系统决定将下次的执行权限赋予哪个进程，这个过程，必须要调度算法协调多方。
进程调度的策略有先进先出，短任务优先，最短完成时间优先，多级反馈，比例份额。
先进先出（FIFO）策略，先进 ）
罗培羽：如果这篇文章说不清epoll的本质，那就过来掐死我吧！ （3）
这一步，贯穿网卡、中断、进程调度的知识，叙述阻塞recv下，内核接收数据全过程。
如下图所示，进程在recv阻塞期间，计算机收到了对 将控制权还给操作系统，操作系统决定将下次的执行权限赋予哪个进程，这个过程，必须要调度算法协调多方。
进程调度的策略有先进先出，短任务优先，最短完成时间优先，多级反馈，比例份额。
先进先出（FIFO）策略，先进"
K_远程系统_计算机科学与技术,远程系统,计算机科学与技术,632,"远程系统: ELAY这样的特性。
编程、调试和配置接口通常由JTAG和用于配置位流存储的非易失性存储器组成。对于远程系统升级要求，最好选择具有“Multiboot”或类似功能的FPGA。例如，如果FPGA配置是由处理器控 了防范这种信息盗窃和商业竞争攻击所采取的措施。
移动代码（Mobile code）是一种软件技术可由远程系统透过另一个网络转存入本机端进行代理作业，可进行下载或在本机端上运行没有明确安装或者接受者的作业。移动 
上传（英语：upload）在计算机网络中是指向一个远程系统发送数据。该系统可能为一个服务器或者另一个客户端，只要是一个可以存储或处理数据副本的远程系统。
在本 指向一个远程系统发送数据。该系统可能为一个服务器或者另一个客户端，只要是一个可以存储或处理数据副本的远程系统。
在本地系统的控制下，将数据从一个远程系统传输到另一个远程系统的功能称之为远程上传。
远程上传主要 务器或者另一个客户端，只要是一个可以存储或处理数据副本的远程系统。
在本地系统的控制下，将数据从一个远程系统传输到另一个远程系统的功能称之为远程上传。
远程上传主要在一些网络硬盘、云存储服务中使用。它类同于“ ，只要是一个可以存储或处理数据副本的远程系统。
在本地系统的控制下，将数据从一个远程系统传输到另一个远程系统的功能称之为远程上传。
远程上传主要在一些网络硬盘、云存储服务中使用。它类同于“离线下载”功能。"
K_远程访问_计算机科学与技术,远程访问,计算机科学与技术,659,"远程访问: 你的主力电脑不可能24小时开机吧，那么当关机后，必须能通过网络的方式远程去开机，才能去保证随时随地的远程访问，21世纪的电脑主板都是支持网络唤醒的。
网络唤醒是主板支持的一项公有标准技术，当电脑关机或者休眠时 你的主力电脑不可能24小时开机吧，那么当关机后，必须能通过网络的方式远程去开机，才能去保证随时随地的远程访问，21世纪的电脑主板都是支持网络唤醒的。
网络唤醒是主板支持的一项公有标准技术，当电脑关机或者休眠时 有显示器时，利用VNC远程桌面连接树莓派现实图形界面是一个不错的选择。就是考虑到继续用内网穿透技术来远程访问速度会非常慢，故这里只测试局域网同一网段下的连接。
在树莓派上安装VNCserver，并运行，即可通 持用户自行安装需要的app插件，实现不同的功能。这么多花哨的功能我随后和大家分享。这里首先要实现的是远程访问、离线下载和cloud云同步。
U-Anywhere实现外网远程访问：
首先要注册一个账号，用你的邮 后和大家分享。这里首先要实现的是远程访问、离线下载和cloud云同步。
U-Anywhere实现外网远程访问：
首先要注册一个账号，用你的邮箱就行了。
设定外网访问地址
直接使用浏览器外网登录
打开文件管理器 的折腾空间。这里只是简单介绍了使用万由HS-200S实现的几个功能：RAID1镜像、多用户权限管理、远程访问、远程离线下载和Cloud云同步。
其实，基于赛扬3855U这个处理器，这货应该还能折腾很多。比如基"
K_连接建立_计算机科学与技术,连接建立,计算机科学与技术,649,"连接建立: 启动概念，是用来探索当前连接对应拥塞窗口的合适大小。用来弄清楚新连接当前的网络情况。“慢速启动”是在连接建立后，每收到一个来自收端的确认，就控制窗口增加一个段值大小，当窗口值达到“慢速启动”的限值后，慢速启动 启动概念，是用来探索当前连接对应拥塞窗口的合适大小。用来弄清楚新连接当前的网络情况。“慢速启动”是在连接建立后，每收到一个来自收端的确认，就控制窗口增加一个段值大小，当窗口值达到“慢速启动”的限值后，慢速启动 质量损失，以提供更节省空间，且能较好的保存视频信息的处理约定形式。
协议层，主要完成对网络交互数据的连接建立与数据传输工作。例如我们常用的 RTMP（Real Time Messaging Protocol） ng）是相对于报文交换（或称分组交换）的一个概念。电路交换要求必须首先在通信双方之间建立连接通道。在连接建立成功之后，双方的通信活动才能开始。通信双方需要传递的信息都是通过已经建立好的连接来进行传递的，而且这 递的，而且这个连接也将一直被维持到双方的通信结束。在某次通信活动的整个过程中，这个连接将始终占用着。连接建立开始时，通信系统分配给它的资源（通道、带宽、时隙、码字等等），这也体现了电路交换区别于报文交换的本质 45规定的八位位组传送，它能够解析要使用的呼叫媒体的类型（例如常规呼叫、视频会议或VoIP），然后在连接建立后管理连接。呼叫控制功能包括但不限于确定端点的主/从状态、监视端点状态、修改连接参数、终止连接以及终"
K_连接请求_计算机科学与技术,连接请求,计算机科学与技术,674,"连接请求: 
**标识符**
当ACK=1，表示确认号字段有效
当SYN=1，ACK=0时，表示当前报文段是一个连接请求报文
当SYN=1，ACK=1时，表示当前报文段是一个同意建立连接的应答报文
当FIN=1，表示此报  TCB，后进入 LISTEN 状态，开始等待客户端发送数据。
第一次握手
> 客户端向服务器端发送连接请求报文段，请求发送后，客户端进入SYN-SENT 状态。
第二次握手
> 服务端收到连接请求报文段后， 务器端发送连接请求报文段，请求发送后，客户端进入SYN-SENT 状态。
第二次握手
> 服务端收到连接请求报文段后，发送完成后便进入 SYN-RECEIVED 状态。
第三次握手
> 客户端收到连接同意的应 D状态，此时连接建立成功。
有人问了，两次握手就可以建立连接了，为啥要第三次呢？
> 因为防止失效的连接请求报文段被服务器端接收，从而导致错误。
### 26.http请求码有哪些？
100为继续，一般发送p 
**标识符**
当ACK=1，表示确认号字段有效
当SYN=1，ACK=0时，表示当前报文段是一个连接请求报文
当SYN=1，ACK=1时，表示当前报文段是一个同意建立连接的应答报文
当FIN=1，表示此报  TCB，后进入 LISTEN 状态，开始等待客户端发送数据。
第一次握手
> 客户端向服务器端发送连接请求报文段，请求发送后，客户端进入SYN-SENT 状态。
第二次握手
> 服务端收到连接请求报文段后，"
K_选取_计算机科学与技术,选取,计算机科学与技术,641,"选取: 、不要在条件判断时进行 算数运算
4、很多时候用 exists 代替 in 是一个好的选择
(1) 选取最适用的字段属性，尽可能减少定义字段长度，尽量把字段设置 NOT NULL, 例如’省份，性别’,  么，最早的那个“先验概率”从何而来？贝叶斯学派的数学家们会告诉你，这玩意儿是主观的。
因为先验概率的选取，如果样本不大，会影响最终的推断，所以贝叶斯推断是一个十足的主观的东西。这也是两大学派上百年痛快撕逼 ·         指标过多时，数据统计量大，且权重难以确定
当我们希望能解决较普遍的问题时，指标的选取数量很可能也就随之增加。指标的增加就意味着我们要构造层次更深、数量更多、规模更庞大的判断矩阵。那么我 Q表示当前所使用的查询策略、U表示未标注的样本集。流程图可解释为如下步骤（以分类任务为例）：
（1）选取合适的分类器（网络模型）记为 current_model 、主动选择策略、数据划分为 train_s ]对“基于池的样例选择策略”是这样描述的：基于池的方法每次从系统维护的未标注样例池中按预设的选择规则选取一个样例交给基准分类器进行识别，当基准分类器对其识别出现错误时进行人工标注。相较基于流的方法，基于池 杂度O(nlogn)稳定的排序算法4. 快速排序 Quick Sort基本思想分治实现从原始的数组，选取一基准值，筛选成较小和较大的两个子数组，然后从两个子数组不断地挑选基准值，进行递归排序，当所有的子数"
K_通信子网_计算机科学与技术,通信子网,计算机科学与技术,0,通信子网
K_通信工程_not-field,通信工程,not-field,0,通信工程
K_通用操作系统_计算机科学与技术,通用操作系统,计算机科学与技术,668,"通用操作系统: 一样处理事务、运行同样特殊指令的程序强迫停止，毕竟在此情境下，操作系统也只是另一个平起平坐的程序。为通用操作系统所生产的CPU通常于硬件层级上实践了一定程度的特殊指令保护概念。通常特权层级较低的程序想要运行某些特 略优于同一应用领域中采用其他内核结构的操作系统（但通常认为此种性能优势不能完全归功于单内核结构）。
通用操作系统是面向一般没有特定应用需求的操作系统。由于没有特定的应用需求，通用操作系统为了适应更广泛的应用，需要 完全归功于单内核结构）。
通用操作系统是面向一般没有特定应用需求的操作系统。由于没有特定的应用需求，通用操作系统为了适应更广泛的应用，需要支持更多的硬件与软件，需要针对所有的用户体验，对系统进行更新。通用操作系统 通用操作系统为了适应更广泛的应用，需要支持更多的硬件与软件，需要针对所有的用户体验，对系统进行更新。通用操作系统是一个工程量繁重的操作系统。
“实时操作系统”（Real Time OS）泛指所有据有一定实时资源调 些实时操作系统中常用的算法：
WinCE、VxWorks、μC/OS-Ⅱ等运用较广。Linux是作为通用操作系统开发的，其内核在实时处理能力上先天不足，部分网络开发社区将其经过改造能在一定程度上成为实时操作系统。 享的文件和打印机，允许共享数据，用户，组，安全，应用和其他网络功能。通常部署在局域网或私有网络。由于通用操作系统现在已经包含了很多功能特性，这个说法已成为历史。
参见[编辑]
分布式操作系统
网络功能虚拟化
参考"
K_逻辑分区_计算机科学与技术,逻辑分区,计算机科学与技术,660,"逻辑分区: 最多四个主分区。它们中的其中一个可以作为扩展分区，并下设多个逻辑分区。1-4 扇区作为主分区被保留，逻辑分区从扇区 5 开始。
fdisk 作为核心组件内置于 Linux 中，所以你不必手动安装它。
在执行操  来替代它的默认值 e。
请注意，创建扩展分区时，你应该使用剩下的所有空间，以便之后在扩展分区下创建逻辑分区。
上文中，我们总共创建了四个分区（三个主分区和一个扩展分区）。在创建逻辑分区之前，扩展分区的容量将 便之后在扩展分区下创建逻辑分区。
上文中，我们总共创建了四个分区（三个主分区和一个扩展分区）。在创建逻辑分区之前，扩展分区的容量将会以未分配空间显示。
使用以下命令来显示磁盘上的未分配空间，下面的示例中显示的 下命令来显示磁盘上的未分配空间，下面的示例中显示的是 7GB：
创建扩展分区后，请按照之前的步骤创建逻辑分区。在这里，我创建了位于 /dev/sdc5 的 1GB 逻辑分区。你可以查看分区表值来确认这点。
如 创建扩展分区后，请按照之前的步骤创建逻辑分区。在这里，我创建了位于 /dev/sdc5 的 1GB 逻辑分区。你可以查看分区表值来确认这点。
如果我们不再使用某个分区，请按照下面的步骤删除它。
请确保你输入了 最多四个主分区。它们中的其中一个可以作为扩展分区，并下设多个逻辑分区。1-4 扇区作为主分区被保留，逻辑分区从扇区 5 开始。
fdisk 作为核心组件内置于 Linux 中，所以你不必手动安装它。
在执行操"
K_逻辑地址空间_计算机科学与技术,逻辑地址空间,计算机科学与技术,110,逻辑地址空间: 的内存虚拟地址是连续的，而物理地址则无需连续。它通过分配非连续的物理内存块，再修改页表，把内存映射到逻辑地址空间的连续区域中。通过vmalloc获得的页必须一个一个地进行映射，效率不高，因此，只在不得已(一般是为
K_配置文件_计算机科学与技术,配置文件,计算机科学与技术,658,"配置文件: g';
查询超过10秒就记录
set global long_query_time=10;
方法二：配置文件设置
修改配置文件my.cnf，在[mysqld]下的下方加入
3.重启MySQL服务
4.查看设置 各种场景：数据库（整数），输入输出（字符串），grpc及内部逻辑（枚举）。
大部分的后端服务，都会用配置文件来允许使用者在不同的场景下使用服务。配置文件可以用 ini，json，yaml，toml 等，甚至是 ，grpc及内部逻辑（枚举）。
大部分的后端服务，都会用配置文件来允许使用者在不同的场景下使用服务。配置文件可以用 ini，json，yaml，toml 等，甚至是 dhall（有人用 dhall 么？）。我  等，甚至是 dhall（有人用 dhall 么？）。我个人偏好 toml，兼具可读性和灵活性。对于配置文件的每个部分，我会定义这样的 proto：
还是略微加一点点 hack，在生成的 rust 代码中加上 f 写的配置思路也类似），那么，在 proto 里定义的类型和下面的文件就可以相互转换，非常方便：
配置文件里面的配置项也可以是随用随填，不必一开始就完全定义好，有些内容，即便日后弃用（ deprecate） recate），也不用对序列化反序列化配置的逻辑做任何修改，非常方便。我个人觉得，项目一开始先定义好配置文件的样子是非常有必要的，尤其是对于单元测试。因为有了配置文件和内部数据结构的灵活转换，我们就可以这样子"
K_重新启动_计算机科学与技术,重新启动,计算机科学与技术,658,"重新启动: 到worker失败的可能性。(master没考虑，论文说打log，做备份，从checkpoint开始重新启动)
这里利用CountDownLatch并发控制，当phase中的所有worker都完成任务后，返回 24小时之内跑完这些处理。那么我如果要用很多台机器处理，我就面临了如何分配工作，如果一台机器挂了如何重新启动相应的任务，机器之间如何互相通信交换数据以完成复杂的计算等等。这就是MapReduce / Tez  要更轻量，更激进地获取资源，更专门地对SQL做优化，而且不需要那么多容错性保证（因为系统出错了大不了重新启动任务，如果整个处理时间更短的话，比如几分钟之内）。这些系统让用户更快速地处理SQL任务，牺牲了通用性 ，它可以向客户端提供同步信息，但不会修改自己的时钟。
单播客户端/服务器模式
运行在客户模式的主机在重新启动时和重新启动后定期向运行在服务器模式的主机发送 NTP 报文。服务器收到客户端的报文后，首先将报文的 就像是一部没装电池的门锁。任何操作，都打不开门锁。
最后，在门锁的应急电源处接了一个7号电池，系统又重新启动，恢复正常。
杭州锁具市场盲测10款智能锁打开了2款
最后，我们又去了杭州的一家五金锁具市场，随机进 眠问题。这里给出两套方案供你参考：
定时开关机
定时开关机2
建议勾选「复制作业正在进行时，延迟计划重新启动/关机」以免影响正常文件备份任务。
想从外网访问自己的 QNAP NAS 有两种途径：设置 myQN"
K_重新安装_计算机科学与技术,重新安装,计算机科学与技术,662,"重新安装: 系统，系统文件、随机软件、驱动，都可以在这个文件夹中找到，这样当用户系统发生问题，需要添加系统组件，重新安装驱动的时候，都可以方便的找到，如果用户需要更大的可用硬盘空间，可以删除此目录。
C盘作为系统盘，一旦 都会发到省级维修点维护，因此如果你在三线城市的话，维修时间会长一些。
还有，linux系统，到手需要重新安装系统，不会的话电脑城50块钱搞定
简评：R5-4500U+512G固态+铝镁合金机身+超薄边框卖39 网登录
打开文件管理器，就可以直接管理NAS里面的资料了。
小贴士：
折腾的过程中出现了问题，不得已重新安装了系统。
但是系统安装之后，发现一个问题。。。。。。再次绑定U-Anywhere的账号，提示：
配合 件都要装C盘，没必要特意把软件移动到别的盘，因此不少软件就算安装在别的盘，C盘也会有常驻的文件。如果重新安装了系统，这些软件可能也用不了了，反正都要重装软件，为什么不把软件放在C盘呢？
固态要买多大的？
对于 件都要装C盘，没必要特意把软件移动到别的盘，因此不少软件就算安装在别的盘，C盘也会有常驻的文件。如果重新安装了系统，这些软件可能也用不了了，反正都要重装软件，为什么不把软件放在C盘呢？
固态要买多大的？
对于 都会发到省级维修点维护，因此如果你在三线城市的话，维修时间会长一些。
还有，linux系统，到手需要重新安装系统，不会的话电脑城50块钱搞定
简评：R5-4500U+512G固态+铝镁合金机身+超薄边框卖39"
K_重新执行_计算机科学与技术,重新执行,计算机科学与技术,655,"重新执行: 该模块有几千个类，那每改动一次类，就会有几千类连带重新 执行 dex 编译。
在优化前为了得到真正的重新执行 dex 编译的数值，做到最佳优化，设计了一套 hook dex 编译流程的方法(该方法理论上可以  时，只重新编译目录中被修改的 class 为 dex（而不是原来的整个 jar 内所有 class 重新执行 dex 编译），整体 dex 重新编译的数量将大幅度减少。实现具体方案如下：
而 jar 转 目录 的数量将大幅度减少。实现具体方案如下：
而 jar 转 目录的映射细节为:
在第一次增量修改完成后，重新执行 dex 编译的类数量降低至 2152 个，但是其中仍然有很多迷惑的不该执行 dex 编译的类，预期 类数量降低至 2152 个，但是其中仍然有很多迷惑的不该执行 dex 编译的类，预期是修改多少类，就重新执行 多少次 dex，因此继续对其中原因进行进一步的探索
由于 java8 的字节码有些指令在 Andr xBuilder 中，为了避免某些类 desugar 后，依赖它的类的行为正确，需要把依赖它的所有类重新执行一遍 dex 编译。
而 d8 会根据 DesugaringGraph 查找 desguar 有变动 State里面，然后设置错误命令时间至当前本地执行时间的所有命令为pending状态，触发这些状态的重新执行。
TSS相比TimeWarp，最大的优势就是大大降低了快照的记录频率（由原来的按事件记录改为按延迟"
K_链路状态分组_计算机科学与技术,链路状态分组,计算机科学与技术,0,链路状态分组
K_错误代码_计算机科学与技术,错误代码,计算机科学与技术,115,"错误代码: 字为：
路径为：
添加成功，然后OK确定：
Console控制台中：
只要不报错就成功。
值>0表示错误代码
返回0即正常。
如果你打不开的话，需要重启Blender，而且它还可能要下载个Freeimage."
K_阻塞接收_计算机科学与技术,阻塞接收,计算机科学与技术,0,阻塞接收
K_阻塞状态_计算机科学与技术,阻塞状态,计算机科学与技术,551,"阻塞状态: ack Tran;
当然这样修改也是有代价的，这会导致第一条SQL执行完毕之前，第二条SQL一直处于阻塞状态。单独执行Query1或Query2需要约1分钟，但如果开始执行Query1时，马上同时执行Quer 种不同的方式，一种是直接操作硬件设备寄存器，这一般是不需要中断的，CPU在写入一个寄存器的时候会处于阻塞状态，直到写入完成之前不能继续，因此通常只有处理非常少的数据的时候才会这样做。另一种方式是使用DMA，D 失后，它又进入准备运行状态。
所以，在一个进程的活动期间至少具备三种基本状态，即运行状态、就绪状态、阻塞状态。
上图中各个状态的意义：
当然，进程另外两个基本状态：
于是，一个完整的进程状态的变迁如下图：
再 程的状态变迁：
另外，还有一个状态叫挂起状态，它表示进程没有占有物理内存空间。这跟阻塞状态是不一样，阻塞状态是等待某个事件的返回。
由于虚拟内存管理原因，进程的所使用的空间可能并没有映射到物理内存，而是在硬盘 程如下：
04 唤醒进程
进程由「运行」转变为「阻塞」状态是由于进程必须等待某一事件的完成，所以处于阻塞状态的进程是绝对不可能叫醒自己的。
如果某进程正在等待 I/O 事件，需由别的进程发消息给它，则只有当该"
K_随机存储器_计算机科学与技术,随机存储器,计算机科学与技术,663,"随机存储器: 人员必须学好单片机技术，否则必然被社会淘汰。
二、什么是单片机?
单片机就是把中央处理器(CPU)、随机存储器(RAM)、只读存储器(ROM)、定时器/计数器和各种输入/输出接口(I/O接口)等主要功能部件集成 失数据(程序)。
(3)单片机内部结构之一RAM
“内存”，也改了名字，在单片机里叫数据存储器，也叫随机存储器。用RAM(Random Access  Memery)表示。其作用是用于存放运算的中间结果，数据暂 器应用广泛，它通常是一块在硬件上集成的可读芯片，作用是识别与控制硬件，它的特点是只可读取，不能写入。随机存储器的特点是可读可写，断电后一切数据都消失，我们所说的内存条就是指它了。
缓存CACHE
缓存就是数据交 器应用广泛，它通常是一块在硬件上集成的可读芯片，作用是识别与控制硬件，它的特点是只可读取，不能写入。随机存储器的特点是可读可写，断电后一切数据都消失，我们所说的内存条就是指它了。
缓存CACHE
缓存就是数据交 ows port，所以BREW Emulator可以运行针对Windows的小程序。由于AEE占用的随机存储器和闪存极小，适用于低端（low end）主流机型。
除了向应用程序提供BREW API服务，AEE同 了嵌入式系统所必需的四个基本部分：一个中央处理器核心，程序存储器（只读存储器或者闪存）、数据存储器（随机存储器）、一个或者更多的定时/计数器，还有用来与外围设备以及扩展资源进行通信的输入/输出端口——所有这些都"
K_静态分配_计算机科学与技术,静态分配,计算机科学与技术,537,"静态分配: 一项。
使资源同时访问而非互斥使用，就没有进程会阻塞在资源上，从而不发生死锁。
采用静态分配的方式，静态分配的方式是指进程必须在执行之前就申请需要的全部资源，且直至所要的资源全部得到满足后才开始执行。
剥夺调 转换过程中的SNAT和DNAT
SNAT阶段：由于私网对外只有一个IP(一般是拨号拿来的或者运营商给静态分配的)，私网的主机A在给公网发出去请求的给Web Server的时候，它的这个请求的数据包先经过路由器 
静态变量（英语：Static Variable）在计算机编程领域指在程序执行前系统就为之静态分配（英语：Static memory allocation）（也即在运行时中不再改变分配情况）存储空间 ascal为代表的许多程序语言中，所有局部变量都由系统自动分配存储空间，而所有全局变量的存储空间则以静态分配的方式获取（对应“静态变量”），因此由于实际上“局部变量”和“全局变量”这两个术语已足以涵盖所有的情 静态变量
静态变量（Static Variable）在计算机编程领域指在程序执行前系统就为之静态分配（也即在运行时中不再改变分配情况）存储空间的一类变量。与之相对应的是在运行时只暂时存在的自动变量（即"
K_非对称数字用户线_计算机科学与技术,非对称数字用户线,计算机科学与技术,0,非对称数字用户线
K_非屏蔽双绞线_计算机科学与技术,非屏蔽双绞线,计算机科学与技术,664,"非屏蔽双绞线: 使用了与以太网不同的150ohm屏蔽双绞线来传输数据。1990年代初，AT&T提出了以100ohm的非屏蔽双绞线作为传输媒介来传输数据。而这一想法也在RJ45成为主流连接器后。开始流出并成为标配产品。1990年代 网线。
▲超5类网线：超五类非屏蔽双绞线(UTP—Unshielded Twisted Pair)，非屏蔽双绞线电缆是由多对双绞线和一个塑料护套构成，外皮标注“CAT5e”字样；传输带宽为100MHz，用于语音传 SynOptics这样的网络设备制造商曾经出售过用于连接许多10BASE-2细同轴线网段的集线器。
非屏蔽双绞线（unshielded twisted-pair cables , UTP）最先应用在星型局域网中， SynOptics这样的网络设备制造商曾经出售过用于连接许多10BASE-2细同轴线网段的集线器。
非屏蔽双绞线（unshielded twisted-pair cables , UTP）最先应用在星型局域网中， IEEE 802.3an 标准 - 是在2006年发布，能提供 10 Gbit/s 的连接速率。通过非屏蔽双绞线或屏蔽双绞线电缆，其传输距离可达100米（330英尺）。CAT-6 的传输距离可达55米（180英尺 SynOptics这样的网络设备制造商曾经出售过用于连接许多10BASE-2细同轴线网段的集线器。
非屏蔽双绞线（unshielded twisted-pair cables , UTP）最先应用在星型局域网中，"
K_非法指令_not-field,非法指令,not-field,0,非法指令
K_非终结符_电子科学与技术,非终结符,电子科学与技术,657,"非终结符: 上下文无关语法的定义，并介绍用于解析技术的术语。 上下文无关语法有四个组成部分：
一组非终端（V）。非终结符是表示字符串集的语法变量。非终端定义字符串集，帮助定义由语法生成的语言。
一组标记，称为终端符号（∑ 可以产生 a 的数目少于 b 的数目的所有字符串。
在推导的任何一步α=> β中，都是对α中的最左边非终结符进行替换。如文法:
那么最左推导为:
每一个不生成空串的上下文无关文法都可以转化为等价的Chomsk ensitive grammar)是一种形式文法，其中任何产生式规则的左手端和右手端都可以被终结符和非终结符构成的上下文所围绕。上下文有关文法比上下文无关文法更一般性，但仍足够有秩序得可以被线性有界自动机所解 , S) 是上下文有关的，如果在 P 中所有的规则都有如下形式
这里的 A ∈ N（就是 A 是单一非终结符），α,β ∈ (N U Σ)*（就是 α 和 β 是非终结符和终结符的字符串）而 γ ∈ (N U 
这里的 A ∈ N（就是 A 是单一非终结符），α,β ∈ (N U Σ)*（就是 α 和 β 是非终结符和终结符的字符串）而 γ ∈ (N U Σ)+（就是 γ 是非终结符和终结符的非空字符串）。
上下文 U Σ)*（就是 α 和 β 是非终结符和终结符的字符串）而 γ ∈ (N U Σ)+（就是 γ 是非终结符和终结符的非空字符串）。
上下文有关文法的某些定义只要求，对于任何形如 u → v 的产生式规则，u"
K_面向对象编程_计算机科学与技术,面向对象编程,计算机科学与技术,666,"面向对象编程: 中自由变量的值，例如x。也让类库更安全，类库的表现和具体使用场景无关。
闭包与对象有很强的联系，很多面向对象编程思想的拥趸们，经常以“对象”可以封装状态而引以为豪。而事实上，无论是面向对象还是函数式，只不过表达思 Component代表一个只包含数据的组件、System代表一个处理数据的系统。在这个架构下，我们将面向对象编程转为面向数据编程，游戏的不同模块可以划分成不同的系统，每个模块只关心自己需要的数据（Componen Component代表一个只包含数据的组件、System代表一个处理数据的系统。在这个架构下，我们将面向对象编程转为面向数据编程，游戏的不同模块可以划分成不同的系统，每个模块只关心自己需要的数据（Componen ，以及工作努力。客户很满意，老板也很满意，你的自我感觉也很不错。
并且你发现了比单元测试更好的东西，面向对象编程（OOP），或函数式编程（FP），无论是哪一种，你发现你可以把一个模块里的150行堆砌在一起的代码再 用这些特性将会使初学者写的代码更加规范，更易于阅读和扩展，降低了一些封装的门槛，同时也方便了一些熟悉面向对象编程的开发者进行开发。
而对于大型的项目开发，这种面向对象的开发方式能有助于团队合作，提高开发人员的工作 一个模板，它描述一类对象的行为和状态。 - 方法：方法是类的操作的实现步骤。
TypeScript 面向对象编程实例：
1.string 2.numbers 3.boolean
4.number[]  or Ar"
K_面向连接的协议_计算机科学与技术,面向连接的协议,计算机科学与技术,0,面向连接的协议
K_页帧_计算机科学与技术,页帧,计算机科学与技术,0,页帧
K_顺序存储器_计算机科学与技术,顺序存储器,计算机科学与技术,0,顺序存储器
K_顺序查找_计算机科学与技术,顺序查找,计算机科学与技术,269,"顺序查找: 。Perl使用一种有序列表式的继承机制：搜索方法时，它会先搜索当前类别的方法，然后使用深度优先搜索来顺序查找各个继承类别及其父类。CLOS允许程序设计者完全控制方法的组合。如果这还不足够，元对象协议给程序设计 顺序查找
顺序查找是按照序列原有顺序对数组进行遍历比较查询的基本查找算法。 顺序查找
顺序查找是按照序列原有顺序对数组进行遍历比较查询的基本查找算法。 散列技术
散列技术的方法指的是不同于顺序查找、二分查找、二叉排序树及B-树上的查找。它不以关键字的比较为基本操作，采用直接寻址技术。在理想情况下"
K_预分配_计算机科学与技术,预分配,计算机科学与技术,108,"预分配: la/seastar采用的是动态内存分配，而像一些HPC有时是采用 pooling objects和预分配，你们是怎么考虑这一点的？
使用内存池往往是在于有着regular workload，而scylla"
K_高速总线_计算机科学与技术,高速总线,计算机科学与技术,652,"高速总线: 的传输速率，所以在车载导航和娱乐系统中，一般采用速率可达22.5Mb/s 的MOST总线或其他类似的高速总线。不同总线网络之间通信，全部依靠网关转发报文。因此，网关也基本是车内总线中最重要的部件，重要性就相当 他几家PC兼容机厂商联合起来捣鼓出来EISA。因为两者都期待兼容ISA，导致速度没有多大提升。真正的高速总线始于VLB，它绑定自己的频率到了当时486 CPU内部总线频率：33MHz。而到了奔腾时代，内部总线 题：当一段同轴电缆断开，所有这个段上的设备就无法通讯，中继器可以保证其他网段正常工作。
类似于其他的高速总线，以太网网段必须在两头以电阻器作为终端。对于同轴电缆，电缆两头的终端必须接上被称作“终端器”的50欧 题：当一段同轴电缆断开，所有这个段上的设备就无法通讯，中继器可以保证其他网段正常工作。
类似于其他的高速总线，以太网网段必须在两头以电阻器作为终端。对于同轴电缆，电缆两头的终端必须接上被称作“终端器”的50欧 题：当一段同轴电缆断开，所有这个段上的设备就无法通讯，中继器可以保证其他网段正常工作。
类似于其他的高速总线，以太网网段必须在两头以电阻器作为终端。对于同轴电缆，电缆两头的终端必须接上被称作“终端器”的50欧 器的个人电脑主板芯片组两枚芯片中的一枚，北桥用来处理高速信号，例如中央处理器、存储器、集成式GPU、高速总线（如PCI Express接口或AGP接口）控制器[1][2]，还有与南桥之间的通信。
传统的北桥内"
K_高速缓存_计算机科学与技术,高速缓存,计算机科学与技术,566,"高速缓存: 4000左右的TS-453B上，使其拥有更丰富的扩展性，可以添加万兆网卡或扩展m.2. SSD硬盘的高速缓存等。而具备pci-e接口的群晖售价都在6000+
▼通过万兆网络及SSD的加持，可以轻松跑出万兆的文 用多级存储架构：最高的一级是 CPU内的寄存器，跟 CPU的速度一样快。然后是多级Cache（中文：高速缓存），每一级速度略慢。接着是前面提到的内存。以上统称为一级存储，通常断电后数据丢失。再往下就是硬盘。也 高速缓存与一致性专栏索引
我一直坚持由浅入深的方式发布文章，因此时间线就是很好的阅读顺序。但是文章日益增多， spinlock前世今生
高速缓存的基本原理算是介绍差不多了。软件一般都会极致的配合硬件，尽最大努力优化性能。软件围绕着高速缓存做出的 今生
高速缓存的基本原理算是介绍差不多了。软件一般都会极致的配合硬件，尽最大努力优化性能。软件围绕着高速缓存做出的优化就有很多。我们以一个点作为切入，探究spinlock的前世今生。spinlock是Linu 她的步伐，我依然怀着敬畏之心去了解其历史。历史可以帮助我们更好的理解藏在代码背后的故事和原理。我们以高速缓存为主题，围绕着spinlock的前世今生，尝试探索spinlock和Cache之间的恩怨情仇。
首先"
K_黑箱_计算机科学与技术,黑箱,计算机科学与技术,621,"黑箱: table machine learning）。量化策略，尤其是使用了机器学习算法的量化策略不应该是黑箱。任何使用者都应该了解这个算法到底干了什么。最近几年，计算机领域的一个细分学科逐渐受到世人关注，它研 table machine learning）。量化策略，尤其是使用了机器学习算法的量化策略不应该是黑箱。任何使用者都应该了解这个算法到底干了什么。最近几年，计算机领域的一个细分学科逐渐受到世人关注，它研 威力
二更：后面又对单关节（单摆模型）进行动力学参数的辨识，还加上了力矩前馈控制。重新写了三篇文章：黑箱辨识、灰箱辨识以及力矩前馈控制。控制效果比上面那篇文章做的更好 会被反射回来，而且反射回来信号的相位不一定是和入射的信号完全反相，是一个矢量。当我们将电阻作为一个“黑箱子”，来描述电阻的特征时，该怎么描述？ S参数即是一种描述电阻在表现为射频特性的高频信号激励下的电气 性，导致其优化问题看上去似乎很简单，但实际上因为非线性函数组合的原因而变得非常复杂。打开神经网络的“黑箱”，其内部结构宛若一个庞大的迷宫。如果能够理解它们并且合理的利用它们，我们将获得非常强大的工具。 但 器的理论计算机科学分支。
主要有以下部分模型：
A.谕示机. （Oracle Machine）
带“黑箱”的图灵机。由图灵本人亲自提出，“黑箱”就是一个谕示，经过一个谕示就可以得到一个问题的判定结果。所有"
