id,name,domain,context_len,text_for_embedding
K_basic_language_computer_science_and_technology,BASIC language,Computer Science and Technology,0,BASIC language
K_b_tree_computer_science_and_technology,B-tree,Computer Science and Technology,642,"B-Tree: Ensures scalability and fast access. A forest is just a lot of trees, there is nothing to say about this. Finally, let’s mention the B+ tree. Some textbooks also use B-tree to refer to the B+ tree. The B+ tree is an extremely weird multi-fork tree with a complex structure but very effective. It is very commonly used for index creation, including database indexing. It provides query bindings such as java, php, c, python, nodejs, golang, c# and three query algorithms: Binary, B-tree, and memory. The data aggregates data from some well-known IP to place name query providers. These are their official accuracy rates. After testing, they provide query bindings such as java, php, c, python, nodejs, golang, c#, and three query algorithms: Binary, B-tree, and memory. The data aggregates data from some well-known IP to place name query providers. These are their official accuracy rates. After testing, a single row in the heap), key in the index (KEY, row lock), page (PAG, 8KB), area structure (EXT, 8 consecutive pages), heap or B-tree (HOBT), table (TAB, including data and index), file (File, database file), application-specific resources (APP It provides query bindings such as java, php, c, python, nodejs, golang, c# and three query algorithms: Binary, B-tree and memory. The data aggregates data from some well-known IP to place name query providers. These are their official accuracy rates. After testing, they provide query bindings such as java, php, c, python, nodejs, golang, c#, and three query algorithms: Binary, B-tree, and memory. The data aggregates data from some well-known IP to place name query providers. These are their official accuracy rates. After testing"
K_fat_file_system_not_field,FAT file system,not-field,0,FAT file system
K_x86_architecture_computer_science_and_technology,x86 architecture,Computer Science and Technology,654,"X86 architecture: Mechanical hard drives are used, mainly purchased from Seagate and Western Digital, and can be replaced by high-cost SSD solutions; Server CPU: The company's current servers are mainly based on x86 architecture, and the CPU supplier is mainly Intel; domestic manufacturers Zhaoxin and Haiguang are developing x86 architecture CPUs, and products have been launched. With the rise of non-x86 architecture, private clouds that support heterogeneous environments can empower new data center infrastructure and support the safe and efficient operation of enterprises in key industries related to the national economy and people's livelihood. For private upgrades, the market demand for private clouds is becoming increasingly strong, pushing private clouds to usher in a golden stage of development. From the perspective of data center development trends, with the rise of non-x86 architecture, different workload requirements have led to the rapid development of diversified data centers. Private clouds that support heterogeneous environments can empower new data center infrastructure. The main force has rapidly penetrated into traditional large and medium-sized enterprises from small and medium-sized enterprises and the Internet industry. The private cloud market has ushered in a golden stage of development. With the rise of non-x86 architecture, private clouds that support heterogeneous environments can empower the new infrastructure of data centers and support the safe and efficient operation of enterprises in key industries related to the national economy and people's livelihood. The main force of private clouds has rapidly penetrated into traditional large and medium-sized enterprises from small and medium-sized enterprises and the Internet industry, and the private cloud market has ushered in a golden development stage. With the rise of non-x86 architecture, private clouds that support heterogeneous environments can empower new data center infrastructure and support the safe and efficient operation of enterprises in key industries of the national economy and people's livelihood. When downloading for private purposes, an error will be reported; 9 pictures cannot be compressed by tinypng, otherwise there will be problems; the genymotion simulator is fast because it is based on the x86 architecture. If so is used in your application, but there is no x86 architecture so, you can only give up using it; the Android Studio model"
K_next_header_computer_science_and_technology,next header,Computer Science and Technology,0,next header
K_interrupt_priority_computer_science_and_technology,interrupt priority,Computer Science and Technology,661,"Interrupt Priority: This platform-independent type is actually defined in the Ifx_types.h file. STM_Interrupt.c: The interrupt priority level ISR_PRIORITY_STM is an integer, 0 is the highest, the larger the value, the lower the priority. Note that AURIX specifies all processor parameters, declared as visible in the file. The initialization function is similar to other peripheral initializations, first loading the default values, and then modifying the necessary fields, here are the interrupt priority, the object that provides the interrupt service, and the timer period. Those that can provide interrupt services include each core of the CPU and the DMA controller. ucture.NVIC_IRQChannelPreemptionPriority= 0; //The preemptive interrupt priority is set to 0 NVIC_InitStructure.NVIC_IRQChannelSubPriority InitStructure.NVIC_IRQChannelSubPriority= 0; //Responsive interrupt priority is set to 0 NVIC_InitStructure.NVIC_IRQChannelCmd=ENABLE; ucture.NVIC_IRQChannelPreemptionPriority= 1; //The preemptive interrupt priority is set to 1 NVIC_InitStructure.NVIC_IRQChannelSubPriority InitStructure.NVIC_IRQChannelSubPriority= 1; //Responsive interrupt priority is set to 1 NVIC_InitStructure.NVIC_IRQChannelCmd=ENABLE;"
K_interrupt_signal_computer_science_and_technology,interrupt signal,Computer Science and Technology,571,"Interrupt signal: When the CPU detects an interrupt signal, how does it know which process it is sent to? Another problem caused by unclear concepts. Interrupts, which are completely different in the eyes of different designers of the system, can be complex, such as sending a specific message or sequence of messages on the bus. ""Turn off interrupts"" for a device only means to stop the device from providing interrupt signals. However, if the interrupt controller has obtained the interrupt signal, the interrupt signal will still be reported to the CPU. The interrupt controller is a message sequence for multiple setters. ""Turn off interrupts"" for a device only means to stop the device from providing interrupt signals. However, if the interrupt controller has obtained the interrupt signal, the interrupt signal will still be reported to the CPU. The interrupt controller is a mechanism for sampling, queuing, and distributing interrupts from multiple devices. ""Turn off interrupts"" for the device means that the device will no longer provide interrupt signals. However, if the interrupt controller has obtained the interrupt signal, the interrupt signal will still be reported to the CPU. The interrupt controller is a mechanism for sampling, queuing, and distributing interrupts from multiple devices. Say to the interrupt controller: Off (there are many variations of this, we only talk about a common implementation), and the next interrupt signal will be allowed to stimulate the CPU until the CPU actively initiates an EOI operation on the interrupt controller. In the interrupt processing namespace of the Linux system, the period from entering interrupt processing to issuing EOI is called a hard interrupt. When the CPU detects an interrupt signal, how does it know which process it is sent to? When the CPU detects an interrupt signal, how does it know which process it is sent to? Under the topic of Mathematics of Spirit Sword"
K_interrupt_control_not_field,interrupt control,not-field,0,interrupt control
K_interrupt_controller_computer_science_and_technology,interrupt controller,Computer Science and Technology,659,"Interrupt controller: Sends a specific message or sequence of messages on the bus. ""Turn off interrupts"" for a device only means to stop the device from providing interrupt signals. However, if the interrupt controller has obtained the interrupt signal, the interrupt signal will still be reported to the CPU. The interrupt controller samples the interrupts of multiple devices. The scheduled devices no longer provide interrupt signals. However, if the interrupt controller has obtained the interrupt signal, the interrupt signal will still be reported to the CPU. The interrupt controller is a mechanism for sampling, queuing, and distributing interrupts from multiple devices. Say to the interrupt controller: Turning off interrupts means that the interrupt controller will not send a ( signal to the CPU. This interrupt signal will still be reported to the CPU. The interrupt controller is a mechanism for sampling, queuing, and distributing interrupts from multiple devices. Tell the interrupt controller: Turning off interrupts means that the interrupt controller will not send interrupt signals to the CPU (or superior). Whether the device reports signals or not, and whether these signals are sent to the CPU. The interrupt controller is a mechanism for sampling, queuing, and distributing interrupts from multiple devices. Tell the interrupt controller: Turn off interrupts to stop the interrupt controller from sending interrupt signals to the CPU (or superior). Whether the device reports signals and whether these signals are queued is another question. Most interrupts, as long as there is another signal on the CPU interrupt line, it may enter the interrupt handler again. In order to avoid this situation, we usually need to play games on the interrupt controller: when the interrupt controller sends an interrupt to a CPU, it will not send the next interrupt (there are many variations of this, we only talk about one. If there is another signal, it may enter the interrupt handler again. In order to avoid this situation, we usually need to play the game on the interrupt controller: when the interrupt controller sends an interrupt to a CPU, it will not send the next interrupt (this also has many variants, we only talk about a common implementation), and have to wait for the CP"
K_interrupt_service_routine_nautical_science_and_technology,interrupt service routine,Nautical Science and Technology,0,interrupt service routine
K_interrupt_mechanism_computer_science_and_technology,interrupt mechanism,Computer Science and Technology,218,"Interrupt mechanism: After processing preparations, the interrupt program is executed. After the interrupt program is executed, the function set by the implementation is called and returns to the task being processed. Thanks to the interrupt mechanism, the CPU does not need to keep querying the status of the keyboard, mouse, network card and other devices, and can focus on processing tasks. Using the mouse, it takes time to execute. Because the urgency of the second half is not so ""hard"" and because the execution of the second half is initiated by software, the interrupt mechanism of the second half is also called ""soft interrupt"". Work queue: Linux always selects an appropriate process to run among the processes that have entered the ready state."
K_interrupt_system_computer_science_and_technology,interrupt system,Computer Science and Technology,569,"Interrupt system: Use the English version of the software, don't Chineseize it, just get used to it. 8. Knowledge preparation Basic knowledge of microcontrollers, including microcontroller internal structure, pin functions, interrupt system, timing counting system, serial communication system, etc. Basic knowledge of C language for microcontrollers, including C language data types and operators, C language statements, arrays Computer interrupt system 1: history and principles And you often have many tasks running at the same time. For this to happen, interrupt systems play a key role. Before the emergence of the interrupt system, people (all computer experts at that time) often had to wait for the end of the previous task before proceeding to the next task. Interrupt System 1: History and Principles And you often have many tasks running at the same time. For this to happen, interrupt systems play a key role. Before the advent of the interrupt system, people (who were all computer experts at that time) often had to wait for the previous task to finish before proceeding to the next task, which is unimaginable today. In the past, people (who were all computer experts at that time) often had to wait for the end of the previous task before proceeding to the next task. This is unimaginable today. In fact, the interrupt system appeared very early. Intel's legendary interrupt control chip 8259 was used in the 8085 series of products in 1976. PC interrupt system in 198 STM STM32 has a very powerful interrupt system, which divides interrupts into two types: kernel exceptions and external interrupts. and pass all interrupts through a table STM interrupt system STM32 has a very powerful interrupt system, which divides interrupts into two types: kernel exceptions and external interrupts. And organize all interrupts through a table. The following is the stm32 interrupt vector"
K_middleware_computer_science_and_technology,middleware,Computer Science and Technology,606,"Middleware: Control latency at millisecond or sub-second level. When querying data, if there are many clients, they will not directly connect to the database, but the database connection pool middleware. Go to Tibet. (As I imagine, I haven’t opened a large cutter) Here is the original answer… The largest C/C++ project I have ever come into contact with so far is a middleware project when I was working at IBM. The running environment of this middleware is basically a cluster starting with 1,000 x86 machines. Its core component is a large number of exes, which are generalized and have not been opened) Here is the original answer… The largest C/C++ project I have ever come into contact with so far is a middleware project when I was working at IBM. The running environment of this middleware is basically a cluster starting with 1,000 x86 machines. Its core component is a bunch of exes, which are called into hiding by a general exe. (As I imagine, I haven’t opened a large cutter) Here is the original answer… The largest C/C++ project I have ever come into contact with so far is a middleware project when I was working at IBM. The running environment of this middleware is basically a cluster starting with 1,000 x86 machines. Its core component is a large number of exes, which are generalized and have not been opened) Here is the original answer… The largest C/C++ project I have ever come into contact with so far is a middleware project when I was working at IBM. The running environment of this middleware is basically a cluster starting with 1,000 x86 machines. Its core component is a bunch of exes, which are called a general exe. It is better. We shamelessly copied this method when developing the system. Kafka: I personally think Kafka should be positioned more as a middleware system. LinkedIn developed this thing for this original purpose. It can be understood as a cache system. You can even understand it"
K_main_memory_computer_science_and_technology,main memory,Computer Science and Technology,660,"Main memory: .4GHz frequency band. Due to the higher frequency of the frequency band, the transmission rate is faster, 2Mbps. 62. The STM32 flash memory module consists of three parts: main memory, information block and flash memory interface register. The main memory is used to store codes and const constants; the information block consists of two parts and is 2Mbps. 62. The STM32 flash memory module consists of three parts: main memory, information block and flash memory interface register. Main memory is used to store codes and const constants; the information block consists of two parts: startup program code and user selection bytes. The startup program code is for the .4GHz band. Due to the higher frequency of the band, the transmission rate is faster, 2Mbps. 62. The STM32 flash memory module consists of three parts: main memory, information block and flash memory interface register. The main memory is used to store codes and const constants; the information block consists of two parts and is 2Mbps. 62. The STM32 flash memory module consists of three parts: main memory, information block and flash memory interface register. Main memory is used to store codes and const constants; the information block consists of two parts: startup program code and user selection bytes. The startup program codes are in their respective clock frequencies and do not interfere with each other. The existence of the Host bridge also allows PCI devices and processors to easily share main memory resources. When the processor accesses the PCI device, it must perform address translation through the Host bridge; when the PCI device accesses the main memory (except the CPU, which generally contains a certain amount of memory), it is packaged separately. Hierarchical structure: cache memory (Cache), main memory (MM), auxiliary memory (external memory). Storage characteristics: The core component of the computer to realize the large-capacity memory function. Store memory information (press"
K_master_boot_record_computer_science_and_technology,master boot record,Computer Science and Technology,667,"Master Boot Record: 11 users agreed with this answer. If the U disk wants to be recognized by both Mac and Win, it must be formatted as exFat and the solution is ""Master Boot Record"". The GUID partition map is used under macOS and is usually not recognized by Win. Published on 2017-01-09​ Agree 11​ By using file signature, you can break through the trust loopholes in these security software and easily break into the computer. ""Kuzzle"" tamperes with the master boot record (MBR) and volume boot record (VBR) in the computer system. Without repairing the master boot area, users cannot eradicate it even if they reinstall the system. Tinder engineers said that the recording degree makes it easier for the operating system to access and find it. This is because it would be very troublesome for the operating system to directly address a large number of sectors. The Master Boot Record (MBR), also called the master boot sector, is a necessary record when accessing the hard disk after the computer is booted, making it easier for the operating system to access and find it. This is because it is very troublesome for the operating system to directly address a large number of sectors. Master Boot Record (MBR), also called master boot sector, is an operation that must write specific data when accessing the hard disk after the computer is booted to initialize the disk or disk partition and clear all files in the original disk or disk partition. Advanced formatting includes rewriting the corresponding area of the partition table in the master boot record, carving out a piece of partition in the partition to store the file allocation table, directory table, etc. and writing specific data to the file according to the file system selected by the user, so as to initialize the disk or disk partition and clear all files in the original disk or disk partition. Advanced formatting includes rewriting the corresponding area of the partition table in the master boot record, and carving out a section in the partition to store file allocation tables, directory tables, etc. for files based on the file system selected by the user."
K_two_way_merge_computer_science_and_technology,two-way merge,Computer Science and Technology,268,"Two-way merge: The external sorting in the above example has two steps: sorting and merging. We completed the merging of all temporary files using one multi-way merge, instead of merging two substrings at one time like the two-way merge in memory, which consumes log2⁡n{\displaystyle \log _{2}n} times of merging. , to obtain a completely ordered sequence; that is, first make each subsequence orderly, and then make the subsequence segments orderly. If two ordered lists are merged into one ordered list, it is called a two-way merge. Two-way merger Binary merge is a computer science technical term announced in 2018. Two-way merger Binary merge is a computer science technical term announced in 2018."
K_binary_signal_computer_science_and_technology,binary signal,Computer Science and Technology,659,"binary signal. Converting a binary signal into a discrete-valued signal requires layering it in the time domain. To convert a signal with discrete values ​​and time into another digital signal, such as a binary signal, encoding is required. Sampling and layering in the time domain are not error-free. We will discuss layering technology in a later chapter. The Structure of Assembly Language Programs First, we need to know how binary signals are stored in memory. As we all know, computers can only directly process binary signals. These signals are stored in memory in a high and low level and can be used as instructions or data used by programs. These signals stored in a memory area are stored in the memory in a high and low level, and can be used as instructions or as data used by the program. Whether the binary signal stored in a memory area is an instruction or data is determined by the corresponding command. When the CPU reads instructions/data, each time it reads an instruction/data, the memory bit inputs two voltage signals. After passing through the operational amplifier, the sum of the two signals is obtained. So the way the CPU does addition is to input the two input binary signals into the adder and get the result. The problem seems to be solved. But we suddenly discovered that such a result is almost meaningless, because we have no way of knowing that in the digital system of recording, using this channel encoding method to avoid the loss of digital signals is a necessary part. In the event of a signal error, the discrete binary signal allows the encoder to dial out a reconstructed analog signal. An example of channel coding is the eight-to-fourteen modulation used in CDs. Digital audio through AD phore), or general semaphore; if the semaphore has only binary 0 or 1, it is called binary semaphore. In Linux systems, binary semaph"
K_binary_digit_computer_science_and_technology,binary digit,Computer Science and Technology,644,"binary digit. Binary numbers: The process of determination. This process is essentially the same as determining whether a binary bit is 0 or 1, so its dimension is called bit, which is the amount of information represented by a binary number. Ten years ago, Shannon abstracted the circuit switches into 0s and 1s, turning the circuit design work into a problem solved using Boolean algebra. Execute the instructions to turn on both. Everything in the computer memory appears in the form of the basic unit ""bit"", which we also call binary numbers. Each binary number is stored in a memory element and can be freely converted between two possible values, 0 and 1, a program composed of millions of binary numbers and 0,000 times. On the other hand, optical storage devices such as DVD and Bluetooth also use rotating disks, but with an additional layer of reflective coating. Binary digits are compiled into white and black dots and painted to facilitate laser recognition and reading. Even though optical storage media are cheap and removable, they are even better than magnetic storage. It has no moving parts, instead using floating-gate transistors in internals specifically designed by others to capture and exclude charge to store binary digits. So, how reliable are these billions of binary digits? We always think of computer memory as stable and permanent, but in reality it instead uses floating-gate transistors, in internals designed specifically by others, to trap and exclude charge to store binary digits. So, how reliable are these billions of binary digits? We tend to think of computer memory as stable and permanent, but it actually degrades quite quickly. Analyze WAV audio files based on device and surrounding environment As mentioned in the previous article, all computer files are composed of binary numbers of 0 and 1, and audio files are no exception. We have already mentioned that the audio file is a wave file, and analyzed how the audio file is transformed from a wave file."
K_binary_encoding_physics,binary encoding,Physics,111,"Binary encoding: Encoding). The principle of Huffman coding is to find such a binary encoding mode that allows characters with higher frequency to be represented by shorter binary codes. After finding them, they are encoded to achieve a compression volume effect. The specific operation method will not be described here. Because of this, ha"
K_interoperability_computer_science_and_technology,interoperability,Computer Science and Technology,604,"Interoperability: A resource identifier is a string that identifies the name of an Internet resource. This identification allows users to interact with resources on the network through specific protocols. The common form of URI is Uniform Resource Locator (URL), and URN is Uniform Resource Name. Used to identify resources in a specific command space. A resource identifier is a string used to identify the name of a certain Internet resource. This identification allows users to interact with resources on the network through specific protocols. The common form of URI is Uniform Resource Locator (URL), and URN is Uniform Resource Name. It is used to identify resources in a specific command space. It has been used for a long time, and it is constantly lowering the call threshold. This is actually a kind of magnanimity. A cool thing does not need to lock itself up. Letting go of competition and infinitely reducing interoperability costs will scare you to death. On this point, Go can copy it, lower the language interoperability threshold, and achieve a true win-win solution. Through the standardization of spatial data infrastructure and the digitization of various urban information, the integration of multi-party resources provides a basis for data sharing and interoperability from both technical and institutional aspects, achieving the integrated integration of urban 3S technology and the in-depth application of informatization in various industries and fields. The development of digital cities has accumulated a lot of first-party support, not a third-party plug-in that is updated every three years; 2. Kuduo has a strong ecology. The designers of Kotlin attach great importance to interoperability with Java, so Kotlin claims to be able to seamlessly connect all Java libraries. 3. The first runtime in the universe: JVM. 4. Android-like. Therefore, most of these implementations are still used within the framework. Once they are opened as API interfaces, the interoperability between various frameworks will become a lingering nightmare during the actual business development process."
K_internet_protocol_computer_science_and_technology,Internet Protocol,Computer Science and Technology,0,Internet Protocol
K_internet_television_computer_science_and_technology,Internet television,Computer Science and Technology,486,"Internet television. Internet TV: How to understand the most stringent rectification requirements for Internet TV boxes issued by the State Administration of Radio, Film and Television in July 2014? Let’s not talk about ideology. In the field of triple network integration, the biggest problem for radio and television is that the system structure is complex and capital segmentation is serious. How to understand the most stringent rectification requirements for Internet TV boxes issued by the State Administration of Radio, Film and Television in July 2014? Let’s not talk about ideology. In the field of triple network integration, the biggest problem for radio and television is that the system structure is complex and capital segmentation is serious. How to understand the most stringent rectification requirements for Internet TV boxes issued by the State Administration of Radio, Film and Television in July 2014? Slap yourself in the face: Renren Film and Television and Shooter.com have closed their sites. Shooter.com has been around for 15 years. Shooter.com 73G backup subtitles download. How to understand the most stringent rectification requirements for Internet TV boxes issued by the State Administration of Radio, Film and Television in July 2014? Slap yourself in the face: Renren Film and Television and Shooter.com have closed their sites. Shooter.com has been around for 15 years. Shooter.com 73G backup subtitles download. Internet TV, also known as online TV, online TV, and Internet TV, uses the Internet to conduct live TV broadcasts. TV shows are available in streaming format. In addition, IPTV, Mobile TV, Web Internet TV, also known as online TV, online TV, and Internet TV, uses the Internet to conduct live TV broadcasts. TV shows are available in streaming format. In addition, IPTV, Mobile TV, Web"
K_interconnection_network_computer_science_and_technology,interconnection network,Computer Science and Technology,649,"interconnection network. Interconnect network: It is commonly used in clock distribution networks to route clock signals throughout the chip with the same propagation delay [6]. It is also used as an interconnect network in VLSI multiprocessors [7]. For the same reason, H-tree is also used in the arrangement of microstrip antenna arrays so that the wireless signals obtained by each independent microstrip antenna are equal. It is often used in clock distribution networks to route clock signals to all parts of the chip with the same propagation delay [6], and is also used as an interconnection network in VLSI multiprocessors [7]. For the same reason, H-trees are also used in the arrangement of microstrip antenna arrays so that the wireless signals obtained by each independent microstrip antenna have equal connections. Hosts exchange messages with neighbor proxies to request a new group, join or leave an existing group. The multicast agent is also responsible for transporting multicast IP datagrams across the Internet. When sending a multicast IP datagram, the host transmits it to a LAN multicast address, which address identifies the destination host 7. If the switch cannot find the MAC address corresponding to the frame from the MAC table, it multicasts the frame [28]:247. A router is an Internet networking device that has the functions of a repeater, bridge, and hub [36]:12-25. They are local protocols and operate under the network interconnection function. Admittedly, putting both groups (not to mention they are just logically part of the network layer running on different interconnection network protocols such as ICMP) can cause confusion entirely in the same layer, but the OSI model is not complex enough to do a better job. They are native protocols and run underneath the network interconnection function. Admittedly, putting both groups (not to mention they are just logical parts of a network layer running on different interconnection network protocols such as ICMP) can cause confusion in the same layer, but the OSI model is not complex enough to do a better job"
K_cross_compilation_computer_science_and_technology,cross-compilation,Computer Science and Technology,638,"cross-compilation. Cross-compile: cmake: cross-compile When we develop on a PC, we need to use a compiler and linker to generate an executable program that can run on our machine. But when it comes to using a cross-compilation tool chain on a PC to generate an executable program that can run on an embedded device, and then placing the program on the device for execution. This is cross compilation. The PC is generally called the host machine, and the embedded device is the target machine. Cross-compiling with cmake requires just a few commands. _CROSSCOMPILING will automatically be set to TRUE, at which point cmake will ""know"" that cross-compilation is being performed; Since cmake cannot automatically obtain target machine information, the compilation tool needs to be explicitly specified. CMAKE_C_COMP ​ I am using Ubuntu 18.04, not a virtual machine. Create a folder first Download the cross-compilation tool chain from the linaro website and place it in the ~/raspi directory, including gcc, runtime, and sysroot: (Because the official tool chain of Raspberry Pi is placed in the ~/raspi directory, including gcc, runtime, and sysroot: (Because the official cross-compilation tool chain of Raspberry Pi is too old and has much lower requirements than Qt5.14, so I use linaro's) ​ After downloading, unzip it, merge it and unzip it and you’re done. ​In fact, it is to get all the libraries on the Raspberry Pi to the PC to form an environment similar to the Raspberry Pi, so that when we cross-compile, we can link to the libraries and header files inside. Execute the following command to copy the library and header files to the PC: ​ Then it needs to be repaired"
K_swapping_not_field,swapping,not-field,0,swapping
K_artificial_intelligence_language_computer_science_and_technology,artificial intelligence language,Computer Science and Technology,0,artificial intelligence language
K_media_access_control_computer_science_and_technology,media access control,Computer Science and Technology,664,"Media Access Control: There is a mechanism to determine to whom data is sent. Therefore, something called a MAC (Media Access Control) address was defined. Each network card has a unique MAC address (currently the LAN is unique, it does not require global uniqueness, but if it is possible, there is only one mechanism in the world to determine who the data is sent to. Therefore, a thing called MAC (Media Access Control, Media Access Control) address is defined. Each network card has a unique MAC address (the current LAN is unique, it does not require global uniqueness, but if it is globally unique, the data in places where it is difficult to lay out lines. Transparent modems are generally used by companies to effectively collect data. The smart modem has a built-in media access controller to avoid random data generated by incorrectly received data due to collisions and retransmissions. Smart modems therefore require additional data than ordinary transparent modems in dispersed locations where wiring is difficult to route. Transparent modems are generally used by companies to aggregate data efficiently. The smart modem has a built-in media access controller to avoid random data generated by incorrectly received data due to collisions and retransmissions. Smart modems therefore require an additional two layers compared to ordinary transparent modems, between the physical layer and the network layer. In a broadcast multi-access link (local area network), due to the possibility of media contention, it can also be subdivided into a media access control (MAC) sublayer and a logical link control (LLC) sublayer. The media access control (MAC) sublayer is dedicated to handling media access contention and conflicts. Domain network), due to the possibility of media contention, it can also be subdivided into a media access control (MAC) sublayer and a logical link control (LLC) sublayer. The media access control (MAC) sublayer is dedicated to handling media access contention and conflicts. Both LAN and WAN belong to the first and second layers. between two network entities"
K_code_optimization_computer_science_and_technology,code optimization,Computer Science and Technology,561,"Code Optimization: See: You can read more about intermediate representations elsewhere. Code improvements made to semantic graphs or intermediate codes are called machine-independent code optimizations. In practice, there are countless known optimizations (er, improvements), but none of them really worked for our running example. Code generation produces actual code. What needs to be understood is the several steps of a compiler implementation (lexical analysis, syntax analysis, semantic analysis, runtime environment, intermediate code, code generation, code optimization) and some key algorithms. To learn lexical analysis, you need to understand state machines. To learn grammatical analysis, you need to know at least the LL top-down and LR bottom-up algorithms, and why we need to convert our program into an abstract syntax tree. Learning the runtime environment requires understanding how programs are stored, loaded, and executed. When optimizing code, you need to know the most common optimization methods. To learn computer networks, you need to understand how the entire global Internet operates and the core concepts of 5-layer model design. Each part will have its own focus. A focus is a set of information that affects computer program code. The focus can be as general as the hardware details that optimize the code, or as specific as the name of the instantiated class. Programs that exhibit separation of concerns are called modular programs. Modular process code optimization The so-called code optimization refers to the equivalent transformation of the program code (which does not change the running results of the program). Program code can be intermediate code (such as quaternion code optimization The so-called code optimization refers to the equivalent transformation of the program code (which does not change the running results of the program). The program code can be intermediate code (such as quaternion code) or"
K_priority_control_computer_science_and_technology,priority control,Computer Science and Technology,0,priority control
K_priority_scheduling_computer_science_and_technology,priority scheduling,Computer Science and Technology,0,priority scheduling
K_buddy_system_computer_science_and_technology,buddy system,Computer Science and Technology,219,"buddy system. Partner system: ab: The memory allocation mechanism under Linux. For some objects that are frequently allocated and released, such as process descriptors, the object size is generally relatively small. Buddy system: (buddy system) Need to talk about the memory allocation system of Linux The Linux kernel adopts a method that is applicable when the frame is free, and other applications that need to allocate continuous page frames are also difficult to meet. In order to avoid this situation, the buddy system algorithm (buddy system) was introduced in the Linux kernel. Group all free page frames into 11 block linked lists, each of which contains sizes 1 and 2."
K_pseudocode_computer_science_and_technology,pseudocode,Computer Science and Technology,646,"Pseudocode: )[4] named it the fast convex hull algorithm and described it in detail. There is also a pseudocode expression of this algorithm in O'Rourke (1998)[1]. The fast convex hull algorithm has a best case complexity of , but a worst case complexity of , and an average complexity of . The convex hull patch shown in Figure 6(a) is finally output as the result. The main operations of the linked list data structure List are expressed as follows: The pseudocode of the algorithm is given below, taking into account that the input point sets overlap or are on the same plane, as well as the situation where multiple points are coplanar and the denominator is zero described in the previous section. Algorithm No. 1 The algorithm will not be described in detail. Finally, take the example shown in Figure 9 to demonstrate the process of the gift wrapping algorithm giftWrapping(S). You can combine it with pseudo code to simulate the algorithm process. The point set in the figure is distributed on a 2x2x2 rectangular square. The coordinates of the point set are shown in Table 1. Gift wrapping is one way to make it happen. The answer we finally want to get is dp[N][amount], where N is the size of the coins array. The general pseudocode idea is as follows: The third step is to think about the logic of state transfer based on ""selection"". Note that the special point of our problem is that the number of items is unlimited i][j] is ""how many ways to make it together"", so the value of dp[i][j] should be the sum of the results of the above two choices: The last step is to translate the pseudocode into code and handle some edge cases. The code I wrote in Java completely translated the above idea and applied some very ""smart"" rules to choose which vertex to process next: the one that looks closest to the starting vertex among the unprocessed vertices. The elegant pseudocode below describes this idea exactly. The set X contains the vertices that have been processed by this algorithm. Initially, X contains only the starting vertex (of course, le"
K_protection_bit_computer_science_and_technology,protection bit,Computer Science and Technology,430,"Protection bit: ) level for page protection to prevent processes from infringing on each other's address space. Since this protection is implemented through protection bits in the page table and translation lookaside buffer (TLB), directly using virtual addresses to access data is equivalent to bypassing page protection. One solution is to implement that using virtual addresses directly to access data is equivalent to bypassing page protection. One solution is to look at the protection bits of the corresponding TLB entries to determine whether the missing data can be loaded when the cache expires. Second, since different processes use the same virtual address space, after switching processes, the entire cache level will be page protected to prevent mutual infringement of address spaces between processes. Since this protection is implemented through protection bits in the page table and translation lookaside buffer (TLB), directly using virtual addresses to access data is equivalent to bypassing page protection. One solution is to implement that using virtual addresses directly to access data is equivalent to bypassing page protection. One solution is to look at the protection bits of the corresponding TLB entries to determine whether the missing data can be loaded when the cache expires. Second, since different processes use the same virtual address space, the entire cache will appear after switching processes"
K_storage_space_not_field,storage space,not-field,0,storage space
K_interrupt_enable_computer_science_and_technology,interrupt enable,Computer Science and Technology,0,interrupt enable
K_first_come_first_served_communication_science_and_technology,first come first served,Communication Science and Technology,162,"first come first served. First come, first served: First come, first served If the early-ready process is queued at the front of the ready queue and the late-ready process is queued at the back of the ready queue, then first come first served (FCFS: f first come first served If the early-ready process is queued at the front of the ready queue, and the late-ready process is queued at the back of the ready queue, then first come first service (FCFS) always replaces the process currently at the head of the ready queue."
K_in_degree_computer_science_and_technology,in-degree,Computer Science and Technology,639,"In-degree: How vertices are related to each other 2. You can use breadth-first search or depth-first search to perform topological sorting to select a vertex with no predecessor (in-degree is 0), output it, and then delete the vertex and related directed edges to repeat the above operation. The time complexity of the code example is O(n). The cost is infinite at 06 points. Only when most vertices are directly connected to each other can the matrix approach be more space-saving. The in-degree and out-degree of each vertex in the graph, that is, the number of edges entering the vertex and the number of edges emanating from the vertex, are often of great significance. Edge collections often only count them quickly. The adjacency list simply uses a linked list to create a linked out-degree table for each node, so as to achieve the purpose of fast search. If you need to count in-degrees, you should also maintain an inverse adjacency table to index the in-degrees. Of course, undirected graphs can record out-degrees and in-degrees together. Anyway, undirected nodes create a linked out-degree table to achieve the purpose of quick search. If you need to count in-degrees, you should also maintain an inverse adjacency table to index the in-degrees. Of course, undirected graphs can record out-degrees and in-degrees together, but they are undirected anyway. In order to overcome the disadvantage of needing to maintain two tables at the same time for the purpose of fast search. If you need to count in-degrees, you should also maintain an inverse adjacency table to index the in-degrees. Of course, undirected graphs can record out-degrees and in-degrees together, but they are undirected anyway. In order to overcome the disadvantage of maintaining two tables at the same time, people invented cross-linked lists and adjacency multiple lists, which record arc heads and arc tails respectively, and have a head pointer and a tail pointer; each vertex also has two pointers, one pointing to the first in-degree edge, and the other pointing to the first out-degree edge. When used, the in-degree pointer of the vertex is searched all the way along the head pointer to complete the traversal of the in-degree;"
K_shared_file_computer_science_and_technology,shared file,Computer Science and Technology,612,"shared file. Sharing Files: This is probably the most detailed tutorial on sharing files on Mac If you want one Mac to access files on another Mac, you can use Mac file sharing. Not only between Macs, but also with iPhone, iPad, and Windows PC, you can access Mac's shared files. On the homepage, make sure that the Mac and the other device (iPhone/iPad/Windows) sharing files are in the same station. The shared folders will be displayed below. Generally, there is a ""xx's public folder"" by default. You can add other folders of this Mac as shared folders. For example, I added the ""Downloads"" folder. On the right side, ""Users"" can set permission settings for other Macs to access this folder. For example, if you want to manage terrestrial sharing, instead of logging in as an administrator or a normal account, you can check ""Allow guest users to connect to shared folders"" in ""Guest Users"" in ""Users and Groups"". Open the Finder on another Mac, click the ""Location-Network"" icon on the left, and you will see that ""File Sharing"" is turned on in the same LAN. Different account types have different access rights to the folders. Select ""Guest User"" to access the shared folders of the shared Mac (the public folder and download folder in the example) without authentication. This is suitable for other people's computers to only access shared files on this Mac, such as sharing Mac's shared folders (the Public folder and Downloads folder in the example) in an office environment. This is suitable for other people's computers to only access shared files on this Mac, such as in an office environment. If you select ""Register User"", you need to enter the login account name and password of any account sharing the Mac (you can"
K_memory_management_unit_computer_science_and_technology,memory management unit,Computer Science and Technology,673,"Memory Management Unit: Introducing the concept of virtual address: The address issued by the CPU is a virtual address, which is mapped to a physical address through the MMU (Memory Management Unit). For the same virtual address of different processes, the MMU will map them to different physical addresses. As shown below: current Implemented by the kernel The TLB (Translation Lookaside Buffer) transmission lookaside buffer is a cache used by the memory management unit to improve the speed of virtual address to physical address translation. The TLB is a small, virtually addressed cache, in which each line holds a cache of addresses. Computer hardware [the memory management unit (MMU)] initiates an interrupt when a program accesses a memory page that is mapped into the virtual address space but not loaded into main memory. This interruption is called a page fault. External interrupt sources can be used to interrupt program execution on the CPU. Usually called aside Buffer), often called page table cache, redirection bypass cache, fast table, etc. Inside the CPU chip, a Memory Management Unit chip is encapsulated, which is used to complete address translation and TLB access and interaction. Buffer), usually called page table cache, redirection bypass cache, fast table, etc. address translation Inside the CPU chip, a Memory Management Unit chip is encapsulated, which is used to complete address translation and TLB access and interaction. aside Buffer), usually called page table cache, redirection bypass cache, fast table, etc. Inside the CPU chip, a Memory Management Unit chip is encapsulated, which is used to complete address translation and TLB access and interaction."
K_kernel_service_computer_science_and_technology,kernel service,Computer Science and Technology,0,kernel service
K_kernel_stack_computer_science_and_technology,kernel stack,Computer Science and Technology,433,"Kernel stack: For system calls, this process is more troublesome. When making a system call, you need to switch from user mode to kernel mode. Since the kernel state stack uses the kernel stack, stack switching is also required. The SS, ESP, EFLAGS, CS and EIP registers all need to be switched. And the stack is for system calls, so this process is a little more troublesome. When making a system call, you need to switch from user mode to kernel mode. Since the kernel state stack uses the kernel stack, stack switching is also required. The SS, ESP, EFLAGS, CS and EIP registers all need to be switched. And the stack will not be interfered with by other threads. Kernel state: The process is trapped in the kernel code for execution. In the kernel state, the kernel stack will be used. Each process has its own kernel stack. User mode: The process is executing its own application code. When a user program is being executed and is suddenly interrupted by an interrupt program, the user program can also be symbolically said to be in the kernel state of the process. Because the interrupt handler will use the current process's kernel stack. This is somewhat similar to the state of a process in kernel mode. Although there are many differences between programs working in user mode and kernel mode, the most important difference is"
K_kernel_module_computer_science_and_technology,kernel module,Computer Science and Technology,649,"Kernel module: Tool, successfully mounting a file system is not difficult. Also, please give a special explanation. In some cases, you need to load kernel modules on a non-native system (especially QNX systems). If the obtained files contain multiple file systems and you want to extract these files at once, you can use unsigned long size). size The size of the memory to be allocated. In bytes. To dynamically allocate memory in the device driver or kernel module, instead of using malloc, kmalloc, vmalloc, or get_free_p x is a macro kernel architecture (Monolithic Kernel). In order to achieve dynamic expansion of kernel functions, Linux introduced kernel modules. Kernel modules will inevitably use kernel functions. Under normal circumstances, the Linux kernel code will export some basic functional functions. Such as control architecture (Monolithic Kernel). In order to achieve dynamic expansion of kernel functions, Linux introduced kernel modules. Kernel modules will inevitably use kernel functions. Under normal circumstances, the Linux kernel code will export some basic functional functions. Such as the console output function ayout Randomization) function, Kallsyms can also resolve the correct address of the symbol at runtime. If you want to use unexported symbols in the kernel module, you can use the kallsyms_lookup_name function provided by Kallsyms to insert the symbols into the assembly instructions shown in the figure below (modify the kernel code area in binary form). The x0 register is borrowed here for long-distance jumps (jumping from the kernel to the kernel module). Since an unconditional jump should not have any side effects (i.e. the stack frame and registers cannot be changed), we need to save the value of x0 to the stack first,"
K_kernel_space_computer_science_and_technology,kernel space,Computer Science and Technology,657,"Kernel space: The produced data is stored in the broker. This process reads the network data of the socket buffer. In fact, the disk placement can be completed directly in the kernel space. There is no need to read the network data of the socket buffer into the application process buffer; the application process decodes it here, so that it can take longer to blow the air conditioner next time. The user address space of each process is independent and generally cannot be accessed by each other. However, the kernel space is shared by each process, so communication between processes must go through the kernel. The Linux kernel provides many mechanisms for inter-process communication, including local files. This is the biggest difference between them. Since the user space of each process is independent and cannot access each other, it is necessary to use the kernel space to achieve inter-process communication. The reason is very simple. Each process shares a kernel space. The Linux kernel provides many inter-process communications. The rooms are independent and cannot access each other. In this case, you need to use the kernel space to achieve inter-process communication. The reason is very simple. Each process shares a kernel space. The Linux kernel provides many inter-process communication methods, the simplest of which is pipes. Pipes are divided into ""anonymous pipes"" and ""command pipes"". Therefore, process context switching includes not only user space resources such as virtual memory, stacks, and global variables, but also kernel space resources such as kernel stacks and registers. Usually, the exchanged information is saved in the PCB of the process. When another process is to be run, the more streams we need to process from this process, the longer the indiscriminate polling time will be. Poll is essentially the same as select. It copies the array passed in by the user to the kernel space, and then queries the device status corresponding to each fd. However, it does not have a limit on the maximum number of connections because it is stored based on a linked list. epo"
K_internal_interrupt_computer_science_and_technology,internal interrupt,Computer Science and Technology,110,"Internal interrupt: errupt): [1] Software Interrupt: [2] The processor usually contains an internal interrupt mask bit and allows it to be set through software. Once set, all external interrupts will be ignored by the system. The access speed of this shielded bit is obviously faster than that of the"
K_internal_program_computer_science_and_technology,internal program,Computer Science and Technology,108,"internal program. Internal procedures: Black-box testing of software component specifications [9]. In this kind of testing, the function under test is tested by checking whether the inputs and outputs are reasonable, with little regard to the internal program structure (unlike white-box testing). It is a larger test than unit testing, and is a test for a specific function composed of multiple units."
K_interior_gateway_protocol_computer_science_and_technology,interior gateway protocol,Computer Science and Technology,604,"Interior Gateway Protocol: A vector routing protocol that maintains IP routing tables or 'prefix' tables to achieve reachability between autonomous systems (AS). BGP does not use traditional Interior Gateway Protocol (IGP) indicators, but uses paths, network policies, or rule sets to determine routing. Therefore, it is more appropriately called a vectored protocol rather than eBGP peers. In Cisco IOS, iBGP advertises routes with a distance of 200 and a lower priority than eBGP and any Interior Gateway Protocol (IGP) advertised routes. In other router implementations, the priority order is also that eBGP is higher than IGP, and IGP is higher than iBG. Interior Gateway Protocol (English: Interior Gateway Protocol, abbreviated as IGP) refers to a routing protocol used within an autonomous system (AS). In contrast, the exterior gateway protocol is used to determine network reachability between autonomous systems and uses the interior gateway protocol to resolve routes within an autonomous system. Interior gateway protocols can be divided into three categories: 1) distance vector routing protocols, 2) connection state routing protocols. The exterior gateway protocols are used to determine network reachability between autonomous systems and resolve routes within an autonomous system through interior gateway protocols. Interior gateway protocols can be divided into three categories: 1) distance vector routing protocols, 2) link state routing protocols, and 3) advanced distance vector routing protocols. Examples of this type of agreement include: Also known as hybrid routing protocol or balanced hybrid routing protocol, it is another interior gateway protocol after distance-vector routing protocol and link state routing protocol. It emphasizes the advantages of the first two and avoids their shortcomings. Examples of advanced distance vector routing protocols are:"
K_write_access_computer_science_and_technology,write access,Computer Science and Technology,56,write access: write access CDA write access is also called the resource update service. The resource update service provides operations to update data that can be obtained through GDA read access.
K_collision_detection_computer_science_and_technology,collision detection,Computer Science and Technology,663,"collision detection. Conflict detection: text frames. (2) The message frames sent by nodes can be divided into different priorities to meet different real-time requirements. (3) Using Carrier Sense Multiple Access/Collision Detection (CSMA/CD) technology, when two nodes release information at the same time, high-priority messages can transmit data without being affected. (4) Total number of nodes Ethernet data transmission characteristics: A. The transmission of all data bits starts from the low bit, and the transmitted bit stream uses Manchester encoding. B. Ethernet is a bus multiplexing method based on conflict detection, which is automatically executed by hardware. C. Transmitted data length, destination address DA + source address SA + type field TYPE + number Ethernet data transmission characteristics: A. The transmission of all data bits starts from the low bit, and the transmitted bit stream uses Manchester encoding. B. Ethernet is a bus multiplexing method based on conflict detection, which is automatically executed by hardware. C. Transmitted data length, destination address DA + source address SA + type field TYPE + number Ethernet data transmission characteristics: A. The transmission of all data bits starts from the low bit, and the transmitted bit stream uses Manchester encoding. B. Ethernet is a bus multiplexing method based on conflict detection, which is automatically executed by hardware. C. Transmitted data length, destination address DA + source address SA + type field TYPE + number Ethernet data transmission characteristics: A. The transmission of all data bits starts from the low bit, and the transmitted bit stream uses Manchester encoding. B. Ethernet is a bus multiplexing method based on conflict detection, which is automatically executed by hardware. C. Transmitted data length, destination address DA + source address SA + type field TYPE + number should be label reader, for example, many individual products with labels may be placed on a common box or a common pallet for transportation. Conflict detection is very important when being able to read data like this. Using two different types of protocols to ""identify"" a tag enables the identification of many similar tags"
K_admission_control_computer_science_and_technology,admission control,Computer Science and Technology,216,"admission control. Access control: A technology that restricts users' access to certain information items or restricts the use of certain control functions by belonging to a defined group. For example, the principle of the UniNAC network access control system is based on this technology. Access control is usually a technology used by system administrators to control users' access to network resources such as servers, directories, files, etc., to restrict users' access to certain information items, or to restrict the use of certain control functions. For example, the principle of the UniNAC network access control system is based on this technology. Access control is usually used by system administrators to control users' access to network resources such as servers, directories, files, etc."
K_geometric_distribution_mathematics,geometric distribution,Mathematics,609,"Geometric distribution: Rate distribution plot. Figure 3: Asymmetric binomial distribution In addition to the binomial distribution, there are many other types of probability distributions such as Poisson distribution, exponential distribution, geometric distribution, etc. In addition, for continuous random variables, the concept of probability distribution function is replaced by probability density function. The most common probability density function is the normal distribution. Medium Geometric Distribution and Binomial Distribution Although I failed every time, I still tried again and again. Blogging + running + learning foreign languages will be my daily routine. You ask: Loneliness can be solved, loneliness can be tolerated. And human beings are on the road to constantly seeking eternity. When reviewing probability knowledge before, I did not study Bernoulli's trial, geometric distribution and binomial distribution carefully. This is obviously a joke. As such a basic knowledge point in probability theory, it is difficult to build high-rise buildings without it. Today, it is very simple to summarize that it is difficult to build high-rise buildings. Today we will give a brief overview of the geometric distribution and the binomial distribution. Before that, let’s briefly summarize the concepts of expectation and variance. geometric distribution Note that the probability distribution of the random variable here is a geometric distribution. The details are as follows: The probability distribution diagram of the geometric distribution is as follows, and the shape and variance will be changed as follows: Generally speaking, the simple ones must be discussed at the front, and the more complex and more interesting ones must be discussed at the back. For example, the binomial distribution is obviously behind the geometric distribution. Unlike the geometric distribution, which describes how many times it takes to run successfully, the binomial distribution describes how many times it succeeds in N trials. The details are as follows: The ground must be discussed in the front, and the more complicated and more interesting ones must be in the back. For example, the binomial distribution is obviously behind the geometric distribution. Unlike the geometric distribution, which describes how many times it takes to run successfully, the binomial distribution describes how many times it succeeds in N trials. The details are as follows: Also for convenience, use"
K_partition_table_computer_science_and_technology,partition table,Computer Science and Technology,614,"Partition table: dead cells, the result is shown in Figure 9(a). But is this the right thing to do? Note that when we divide an overall space into several small partitions, the small partitions still represent part of the overall space. So, in this example, after we cut a 12*6 space into two 6*6 small partitions, the DolphinDB memory partition table is loaded and operated. DolphinDB's in-memory data tables can be non-partitioned or partitioned. All partition memory tables except composite partitions. Before creating a partitioned memory table, you need to create a memory partitioned database, and the path to the partitioned database is an empty string. For memory partition tables, they cannot be accessed directly and need to be accessed using SQL statements. We use the following script to generate a simulated data set for subsequent examples. 2. Storage partition table 2.2.1 Use the uploadText function to import the text file into a sequentially partitioned memory table This is the simplest method of importing data into a memory-partitioned table, but it lacks some of the advantages and flexibility of other import methods. For example, the text file to be imported must be smaller than the available memory; the ry parameter cannot be used and the tableName parameter of the loadTextEx function must use an empty string (""""). Please note that when using the function sortBy! on a memory partitioned table, the sorting is performed within each partition, not the entire table. We separately import all or part of the partitions of the disk partition table into the unpartitioned memory function. This method is suitable for the following situations: Use loadTextEx to create a partition table on the disk: (You can also use the createPartitionedTable and append! functions) If you only need to load two partitions"
K_distributed_operating_system_computer_science_and_technology,distributed operating system,Computer Science and Technology,624,"Distributed operating system: There is no single standard for the class. It can be divided into batch operating system, time-sharing operating system, real-time operating system, network operating system and distributed operating system according to the working mode; according to the architecture, it can be divided into single-core operating system, etc.; according to the running environment, it can be divided into desktop operating system, embedded operating system, etc.; according to the instructions A distributed operating system is a software that is a higher-level collection of many independent, network-connected independent and collaborative active system management components. These components abstract microkernel functionality and support user applications [3]. The distributed operating system is an important part of the distributed software system and is responsible for managing distributed processing system resources and controlling the operation of distributed programs. A distributed software system is responsible for managing distributed processing system resources, controlling the operation of distributed programs, etc. Distributed software systems are software systems that support distributed processing, including distributed operating systems, distributed programming languages ​​and their compilation (interpretation) systems, distributed file systems, and distributed database systems. On a LAN or private network. Since general-purpose operating systems now include many features, this statement is a thing of the past. See[edit] Distributed operating system network functions virtualization References[edit] <!-- NewPPlimitreport Parsedbymw on LAN or private network. Since general-purpose operating systems now include many features, this statement is a thing of the past. See[edit] Distributed operating system network functions virtualization References[edit] <!-- NewPPlimitreport Parsedbymw"
K_time_sharing_system_not_field,time-sharing system,not-field,0,time-sharing system
K_divide_and_conquer_computer_science_and_technology,divide and conquer,Computer Science and Technology,638,"Divide and Conquer: ^2) (the same efficiency as selection sort), but under ideal circumstances the time complexity is O(nlogn). Quick Sort is also a divide-and-conquer algorithm. The Quick Sort algorithm selects one element each time and divides the entire array into two parts based on that element. Depending on the implementation algorithm, the selection of elements is 2) Stable Sorting Algorithm Exercise LC147: Insertion Sort on a Linked List 3. Merge Sort The basic idea of Merge Sort is that divide-and-conquer divides a complex problem into two or more identical or similar sub-problems, and then divides the sub-problems into smaller sub-problems until the sub-problems can be solved simply and directly Sequentially arranged code example, time complexity O(nlogn), stable sorting algorithm 4. Quick Sort Basic idea of divide and conquer implementation of Quick Sort, select a benchmark value from the original array, filter it into two smaller and larger sub-arrays, and then continuously select the benchmark value from the two sub-arrays. It is completely acceptable to proceed. How can I guess correctly in 8192 times? Information theory tells us that there must be additional information input. That’s the idea of ​​divide and conquer in a nutshell: one guess at a time. A 256-bit key is 32 Bytes. If you guess it byte by byte, there are 256 types for each byte. Traditional serial algorithm programming has gone through decades of theoretical and system development before it is as simple as it is today). Take quick queue as an example. The divide-and-conquer method used by Quick Sort itself is very suitable for parallelism. When we use a pivot to divide the array into left and right parts, both sides can be sorted at the same time, which is completely acceptable. How can I guess correctly in 8192 times? Information theory tells us that there must be additional information input. That’s the idea of ​​divide and conquer in a nutshell: one guess at a time. A 256-bit key is 32 Bytes. If you guess byte by byte, there are 256 types of each byte."
K_paging_computer_science_and_technology,paging,Computer Science and Technology,656,"Paging: The page may have been written back to the disk and cleared from the cache. At this time, it needs to be read back from the disk, which adds a lot of overhead. At the same time, frequent moving and paging operations cause index fragmentation, resulting in an index structure that is not compact enough. Subsequently, the table must be reconstructed and optimized through OPTIMIZE TABLE. ll replaces union. 9. Distinguish between in and exists, not in and not exists 10. Use reasonable paging methods to improve paging efficiency 11. Segmented query 12. Avoid making null value judgments on fields in where clauses on 9. Distinguish between in and exists, not in and not exists 10. Use reasonable paging methods to improve paging efficiency 11. Segmented query 12. Avoid making null value judgments on fields in where clauses 13. It is not recommended to use the page. The page may have been written back to the disk and cleared from the cache. At this time, it needs to be read back from the disk. This adds a lot of overhead. At the same time, frequent moving and paging operations cause index fragmentation and result in an index structure that is not compact enough. Subsequently, the table must be reconstructed and optimized through OPTIMIZE TABLE. ll replaces union. 9. Distinguish between in and exists, not in and not exists 10. Use reasonable paging methods to improve paging efficiency 11. Segmented query 12. Avoid making null value judgments on fields in where clauses on 9. Distinguish between in and exists, not in and not exists 10. Use reasonable paging methods to improve paging efficiency 11. Segmented query 12. Avoid making null value judgments on fields in where clauses 13. It is not recommended to use"
K_column_address_computer_science_and_technology,column address,Computer Science and Technology,434,"Column address: K (65536) address units, each address unit stores one bit of data. 16 address lines are required, and the address lines are divided into two parts: row address and column address. The chip only has 8 address leads, and there is an address latch inside. Using a multi-way switch, the row address strobe signal goes low (Row Ad; the subsequent column address strobe signal (Column Address Strobe) sends the subsequent 8-bit address to the column address latch. These 8 address lines are also used for refresh (address counting during refresh, to achieve row-by-row refresh). A 64K memory bank consists of 4 128x128. The 64K memory bank consists of four 128×128 memory matrices. Each 128×128 memory matrix has 7 row address and 7 column address lines for selection. The 7 row addresses are decoded to generate 128 selection lines, and 128 rows are selected respectively; the 7 column address lines are decoded to generate 128 arrays, with 7 row addresses and 7 column address lines for selection. The 7 row addresses are decoded to generate 128 selection lines, and 128 rows are selected respectively; the 7 column address lines are decoded to generate 128 selection lines, and 128 columns are selected respectively. μPD424256: Dynamic memory circuit applications: Based on pre-"
K_function_block_computer_science_and_technology,function block,Computer Science and Technology,647,"Function Blocks: PyTorch, TensorFlow and JAX versions of the code will be open source soon. Modern deep learning architectures are typically built by combining parameterized functional blocks and trained end-to-end using gradient backpropagation. This also inspired the differentiable programming (diffe) proposed by LeCun to obtain the optimal PID parameters. If in many cases it is not possible to connect actual equipment on site for PID parameter self-tuning, you can also use a function block to simulate the actuator through a PLC program, and combine the simulated actuator execution effect with the PID control block for offline parameter self-tuning. Of course, the metal and polysilicon layers are removed, showing the underlying silicon with 29,000 transistors. The 2 tags are the main functional blocks shown based on my reverse engineering. The left side of the chip contains the 16-bit data path: the chip's registers and arithmetic circuitry. The adder and high-order register form a bus for communication with external memory. In the photo of the chip below, the metal and polysilicon layers have been removed to reveal the underlying silicon and 29,000 transistors. Labels show the main functional blocks. The left side of the chip contains the 16-bit data path: registers and arithmetic circuitry. The adders and upper-level registers form the bus interface that communicates with external memory. The metal and polysilicon layers have been removed, showing the underlying silicon with 29,000 transistors. The 2 tags are the main functional blocks shown based on my reverse engineering. The left side of the chip contains the 16-bit data path: the chip's registers and arithmetic circuitry. The adder and high-order register form a bus for communication with external memory. In the photo of the chip below, the metal and polysilicon layers have been removed to reveal the underlying silicon and 29,000 transistors. Labels show the main functional blocks. The left side of the chip contains the 16-bit data path: registers and arithmetic circuitry. The adder and upper-level registers form a bus interface unit that communicates with external memory."
K_loader_computer_science_and_technology,loader,Computer Science and Technology,652,"Loader: Introduction to m.Reflection.Assembly The Assembly class can obtain assembly information, dynamically load the assembly, find type information in the assembly, and create an instance of the type. Using Assembly classes reduces coupling between assemblies, which is rare in the kernel but common in boot code. The beginning of this file actually contains the boot sector code, this is to allow for Linux to work without a boot loader. Now, this boot sector, if executed, will just print ""bugger_off_ms"" to the user. Windows no longer has two regions in the same kernel image, but uses different binary images. Plus Linux completely separates the bootloader and kernel; to some extent, this automatically disappears from the open source process. The following diagram shows the main parts of the Windows kernel: Wind , which is rare in the kernel but common in boot code. The beginning of this file actually contains the boot sector code, this is to allow for Linux to work without a boot loader. Now, this boot sector, if executed, will just print ""bugger_off_ms"" to the user. Windows no longer has two regions in the same kernel image, but uses different binary images. Plus Linux completely separates the bootloader and kernel; to some extent, this automatically disappears from the open source process. The following diagram shows the main parts of the Windows kernel: The Wind project and other projects use a shim (a small application) to include vendor certificates and code to verify and run the GRUB2 boot loader. Use Microsoft third-party UEFI before shim loads and validates GRUB2 bootloader"
K_dynamic_memory_allocation_computer_science_and_technology,dynamic memory allocation,Computer Science and Technology,664,"dynamic memory allocation. Dynamically allocated memory: allocated. For example, using malloc() or mmap() of the C standard library, you can dynamically allocate memory in the heap and file mapping segments respectively. In order to prevent the memory addresses between processes from being affected and isolated from each other in a multi-process environment, the operating system allocates an independent allocation for each process. For example, using malloc() or mmap() of the C standard library, you can dynamically allocate memory in the heap and file mapping segments respectively. In order to prevent the memory addresses between processes from being affected and isolated from each other in a multi-process environment, the operating system allocates an independent allocation for each process. For example, using malloc() or mmap() of the C standard library, you can dynamically allocate memory in the heap and file mapping segments respectively. In order to prevent the memory addresses between processes from being affected and isolated from each other in a multi-process environment, the operating system allocates an independent allocation for each process. For example, using malloc() or mmap() of the C standard library, you can dynamically allocate memory in the heap and file mapping segments respectively. In order to prevent the memory addresses between processes from being affected and isolated from each other in a multi-process environment, the operating system assigns an AddRef and Release method to each process independently to control reference counting. When the reference count drops to 0, the COM object itself is responsible for releasing the memory. That is, for a COM object created by dynamically allocated memory, when the internal reference count of its Release function drops to 0, the dynamically allocated memory occupied by itself is released. Some COMs store memory. That is, for a COM object created by dynamically allocated memory, when the internal reference count of its Release function drops to 0, the dynamically allocated memory occupied by itself is released. Some COM objects (such as IClassFactory) are often static objects, and the internal reference count of the Release function drops to 0."
K_dynamic_update_not_field,dynamic update,not-field,0,dynamic update
K_dynamic_management_computer_science_and_technology,dynamic management,Computer Science and Technology,651,"Dynamic management: There must be follow-up inspections to confirm the implementation effects, and then improve and upgrade the system requirements based on the implementation effects and problems. In this way, the EHS management system is a dynamic management system, not just a set of paper documents lying in a cabinet and has nothing to do with the site. Although many companies have ISO14001/ISO4500 instead of going through the traditional MRP process. You can protect flows by strategically segregating material flows, reducing vulnerability to supply chain disruptions, and by dynamically managing buffer (inventory) levels of related products. DDMRP uses strategic decoupling points to drive supply order generation and management throughout the supply chain. The real table structure can overcome the disadvantage of the array linked list that the data size needs to be known in advance. The linked list structure can make full use of computer memory space and achieve flexible dynamic memory management. However, the linked list loses the advantage of random reading of the array, and at the same time, the space overhead of the linked list is relatively large due to the increase of the pointer field of the node. Integrating advanced forms of computer science and realizing deep integration of informatization, industrialization and urbanization will help alleviate ""big city disease"", improve the quality of urbanization, achieve refined and dynamic management, enhance the effectiveness of urban management and improve the quality of citizens' lives. The specific definition of smart city is relatively broad. It is currently widely recognized internationally as an advanced form of definition that achieves deep integration of informatization, industrialization and urbanization, helps alleviate ""big city disease"", improves the quality of urbanization, achieves refined and dynamic management, enhances the effectiveness of urban management and improves the quality of citizens' lives. The specific definition of smart city is relatively broad. It is currently widely recognized internationally as an advanced form of definition that achieves deep integration of informatization, industrialization and urbanization, helps alleviate ""big city disease"", improves the quality of urbanization, achieves refined and dynamic management, enhances the effectiveness of urban management and improves the quality of citizens' lives. The specific definition of smart city is relatively broad and is currently widely recognized internationally."
K_dynamic_dispatch_computer_science_and_technology,dynamic dispatch,Computer Science and Technology,613,"dynamic dispatch. Dynamic scheduling: In computer science, dynamic dispatch refers to the process of selecting which polymorphic operation implementation (method or function) to call at runtime. Dynamic dispatch refers to the process of selecting which polymorphic operation implementation (method or function) to call at runtime. Dynamic scheduling is often applied to object-oriented programming (OOP) languages ​​and systems and is considered a major feature [1]. The object-oriented system treats a type object and leaves it to the runtime support system to handle how to send this information to the correct object. This object determines what actions it performs. In contrast to dynamic scheduling is static scheduling, in which the implementation of a polymorphic operation is selected at compile time. The purpose of dynamic scheduling is what behaviors are supported. In contrast to dynamic scheduling is static scheduling, in which the implementation of a polymorphic operation is selected at compile time. The purpose of dynamic scheduling is to support situations when the appropriate implementation of a polymorphic operation cannot be determined at compile time because the decision depends on one or more of the operation's actual parameters. Dynamic dispatch is different from dynamic binding. In the context of a selection operation, binding associates the name with the operation, while dispatch selects the number after determining the operation to which the name refers; in the case of division, the types of the dividend and divisor together determine which division operation will be performed. This is called multiple scheduling. Languages ​​can be implemented with different dynamic scheduling mechanisms. The choice of dynamic dispatch mechanisms provided by a language significantly changes the programming paradigms that are available or most naturally used within a given language"
K_dynamic_routing_computer_science_and_technology,dynamic routing,Computer Science and Technology,0,dynamic routing
K_protocol_data_unit_computer_science_and_technology,protocol data unit,Computer Science and Technology,628,"Protocol data unit: ve Technology protection technology Protocol Protocol Data Unit Protocol Data Unit Protocol Entity Protocol Entity Proton proton The ARQ mechanism of the Prototype Chip standard chip is at the base station control station (Radio Network Controller, RNC). It uses the sequence number placed in front of the Protocol Data Unit (PDU) as the basis for whether there is packet loss. There is a lot of delay time. The first version of P is incompatible in two key areas: message format and protocol operation. SNMPv2c messages use a different header and protocol data unit (PDU) format than version 1 of SNMP. SNMPv2c also operates using two protocols not specified in the first version of SNMP. In addition, RFC 1908 specifies In the field of telecommunications, Protocol Data Unit (English: Protocol Data Unit, abbreviated as PDU) has the following meanings: In the OSI model system, P changes. Service data units are information units from higher-layer protocols that are transferred to lower-layer protocols. The Nth layer service data unit SDU has a one-to-one correspondence with the protocol data unit (PDU) of the upper layer. Depending on the data in the protocol data unit, it is sent to the designated layer at the receiving end. PDU(N) = SDU information unit transmitted to lower layer protocols. The Nth layer service data unit SDU has a one-to-one correspondence with the protocol data unit (PDU) of the upper layer. Depending on the data in the protocol data unit, it is sent to the designated layer at the receiving end. PDU(N) = SDU(N - 1) SDU(N) = PDU"
K_coordination_mechanism_not_field,coordination mechanism,not-field,0,coordination mechanism
K_single_step_not_field,single step,not-field,0,single step
K_occupied_space_computer_science_and_technology,occupied space,Computer Science and Technology,663,"occupied space. Space occupied: No? Int integer Datetime date and time type Text text type Advantages of chat: High efficiency; Disadvantages: Taking up space; Applicable scenarios: Storing md5 values of passwords, fixed length, char is very suitable. So, think about va in terms of space? Int integer Datetime date and time type Text text type Advantages of chat: High efficiency; Disadvantages: Taking up space; Applicable scenarios: Storing md5 values of passwords, fixed length, char is very suitable. Therefore, if you consider the va 80P resolution from a spatial perspective, it can only be said to be a single window. The previous ones are actually not much different from the previous generation models with the same specifications. They just take up less space after being slimmed down. The support for the Type-C port is honestly the biggest upgrade in experience. I won’t go into details about the convenience of Type-C. The most important thing is to click [Disk Cleanup], and then the system will automatically calculate the amount of space that can be released. 2. After the calculation is completed, the contents of the files that can be deleted and the space occupied will appear. At this time, you only need to check the content that needs to be deleted and click OK. 3. To delete the Windows update file, you need to click inside the current page again. The advantage is that the network card is small and lightweight; the disadvantage is that the antenna performance is poor; External antenna refers to an antenna with an external antenna. The advantage is that the antenna performance is better, but the disadvantage is that it takes up more space. 5.4 According to chip solution: The upstream suppliers of wireless network cards and manufacturers that provide chip solutions include Broadcom, Qualcomm, Intel, and MT. There is a dilemma in obtaining drivers. Hahahaha~ I went around. It’s better to spend a few more dollars and just choose a driver-free network card. Principle 3: The antenna form is selected based on the occupied space and WiFi distance; If you don’t have high internet speed requirements, your computer is not far from the router, and you don’t want to take up too much space, it is recommended to use the"
K_plug_and_play_computer_science_and_technology,plug and play,Computer Science and Technology,632,"Plug and play: live broadcast, karaoke, recording, home audio, game voice, etc. Connection method: wired Power supply mode: built-in battery Features of this product: Simple design, plug and play, real-time ear feedback, accurate sound recognition, warm and cool light adjustment, large aperture to enhance picture quality. Upgraded model, Meisheng T9-E4 3d metal mesh, aluminum CV 2020 | BMask R-CNN: Boundary Preserving Mask R-CNN ECCV 2020 | Plug and play! PSConv: compressing feature pyramids into compact multi-scale convolutional layers ECCV 2020 | Beijing University of Posts and Telecommunications proposed PMG: through PSConv: multi-in-one, plug-and-play convolution unit Paper: https://arxiv.org/abs/2007.06191 Code: location. In particular, the set of expansion factors can cycle periodically along the input and output channel axes, integrating features at different scales. PSConv is a ""plug-and-play"" module that can directly replace conventional convolution and achieve better feature expression learning without introducing additional parameters and computational complexity. The granularity perspective fuses the input features at multiple scales, thereby effectively avoiding the high computational complexity of traditional multi-scale feature fusion. PSConv is a ""plug-and-play"" computing unit that can be easily embedded into existing CNN architectures and achieve performance improvements. The author mentioned it a long time ago (July 8, 2019). It is essentially a miniature high-capacity mobile storage product that uses a USB interface and does not require a physical drive. It is connected to the computer through the USB interface to achieve plug-and-play. But now, solid-state drives using flash technology have appeared, which can meet the requirements of high speed, drop resistance, and small size as mentioned by the questioner."
K_send_signal_not_field,send signal,not-field,0,send signal
K_index_register_computer_science_and_technology,index register,Computer Science and Technology,221,"Index register: address register, but the contents of the base address register are still determined by the operating system Similar to base addressing, a special index register or a general register is used as the index register, and the real memory address of the operand is obtained by accumulating the register contents and the offset given by the formal address A. But unlike base address addressing, the search mode represented by the IX index register ModR/M bytes requires SIB bytes to supplement the addressing mode. scale represents the proportion coefficient; index represents the index register number; base represents the base address register number. The scale index register is defined using 5 bits of scale and index as follows: 3-digit base"
K_predictability_management_science_and_engineering,predictability,Management Science and Engineering,657,"Predictability: Healthy. We live in a business, political, and medical environment full of uncertainty (where unknown factors dominate, where randomness, unpredictability, opacity, or incomplete understanding dominate), and we need to master antifragility mechanisms to make nonpredictive decisions. Vulnerability can measure opportunistic discovery. The history of computer development is filled with the names of college dropouts and precocious high school students, and every step fully demonstrates the autonomy and unpredictability of development. (4) Ancient China’s scientific development achievements have long been ahead of Europe and other continents in the world. But because China no longer had the ability to do this hundreds of years before modern times, because no matter what the market price was, they could ensure that they would only pay 20 yuan per pound. At this price, they could make a good profit, and it was very predictable and they could plan well. The apple farmer also likes this, because at a price of 20 yuan per pound, he can earn back his own costs and afford the rent, which has a good profit-making effect and forms a positive feedback for investment and financing. He also pointed out that investing in technological innovation enterprises is highly uncertain and unpredictable, and diversified portfolio investment is a more feasible investment method. Through index selection, the best will continue to survive, and high-quality technological innovation enterprises will be pushed to the top of the capital market, including continuous expansion. Just like human nature, ""food and sex"" are all related to survival, and a business company's nature is to pursue the growth of business interests. —Unpredictability: We cannot determine whether the observed constraints should be attributed to the system or to the environment. This is why we cannot use a separate analysis method to understand long-term investment. Long-term investing offers greater certainty. Asset prices are determined by two factors: fundamentals (expected cash flow) and valuation. The former usually has a certain degree of predictability, or can be achieved through diligent research. The predictability of the latter is much weaker, especially short-term fluctuations in valuation, which often have strong randomness."
K_leaf_node_computer_science_and_technology,leaf node,Computer Science and Technology,651,"Leaf node: -Tree. 1) B-Tree: B-Tree is the most common index type. All values ​​(indexed columns) are sorted, and each leaf node is equidistant from the node. Therefore, B-Tree is suitable for searching data within a certain range, and can directly support data sorting (there cannot be a cycle in ORDER, and each node must have one and only one parent node (except the root node). According to the definition, we can also deduce that with each child node of each non-leaf node as the root node, a subtree can be obtained. The longest path from the root node to the leaf node is called the degree (or depth) of the tree. The root node can get a subtree. The longest path from the root node to the leaf node is called the degree (or depth) of the tree. On this basis, a tree in which each non-leaf node has at most two children is called a binary tree. Obviously the depth of a binary tree is between log₂N and N. When the depth is N, the binary tree degenerates into a linear tree index and so on (hashing is also commonly used, but I forgot which chapter in the book). The main difficulties of B+ trees are the splitting and merging of nodes, the upper and lower bounds of the sizes of non-leaf nodes and leaf nodes, and the expansion and contraction of tree depth. They are within the scope of graduate courses. I do not intend to go into it in depth because it is very abstract -Tree. 1) B-Tree: B-Tree is the most common index type. All values (indexed columns) are sorted, and each leaf node is equidistant from the node. Therefore, B-Tree is suitable for searching data within a certain range, and can directly support data sorting (ORDER gain - (4) Obtain the split point with the largest information gain information gain Split information entropy - missing values are treated as normal values time of division Leaf node definition - (N/E) form * NThe number of instances of this leaf node * The number of instances belonging to other categories in the E leaf node Noise in training samples"
K_synchronization_control_computer_science_and_technology,synchronization control,Computer Science and Technology,0,synchronization control
K_successor_set_computer_science_and_technology,successor set,Computer Science and Technology,533,"successor set. Post-set: Attack type distribution, the following two statistical results. It seems that they didn’t get much rest during the Chinese New Year. In fact, the black industry usually rests for a few days during the New Year, and then concentrates on things for a few days after the New Year. Maybe it’s because after the Chinese New Year this year, there are various meetings and there are not many opportunities. This is a bit interesting. It seems that it is just like when we solve a math problem. When external information comes in, we will quickly find relevant learning experiences in our brains to locate them, and then concentrate on thinking and find the corresponding answers. In other words, our brains have routed the information we receive every day, and this is exactly In fact, just like when we solve a math problem, when external information comes in, we will quickly find relevant learning experiences in our brains to locate it, and then concentrate on thinking and find the corresponding answers. In other words, our brains have already routed the information we receive every day. This is because many engineers can learn their configuration methods, and for many customers who bought the equipment and do not know how to play, this time they need technical support from the manufacturer. Then integrators, for many customers, need more than just network equipment, such as servers, integrated cabling, software systems, etc. The integrator is to mention 3) The principle of tidal flow of people distribution The behavior of tourists in Disneyland is regular. On a day-to-day basis, tourists gather in the entrance area in the morning, and after entering the park, they gather in the central area and near the core amusement facilities. They gather and disperse with the regular activities in the park (tours, fireworks shows), and concentrate on Mickey Avenue in the evening."
K_startup_program_not_field,startup program,not-field,0,startup program
K_command_interface_computer_science_and_technology,command interface,Computer Science and Technology,0,command interface
K_command_line_interface_computer_science_and_technology,command-line interface,Computer Science and Technology,440,"command-line interface. Command Line Interface: The interpreter is designed to run a specific program. If a programming language is intended to run other programs in an application software (such as a Unix shell) or other command line interface, the programming language is called a scripting language. It is difficult to compare which programming language is most commonly used, and the term ""usage"" does not apply to interpreters running specific programs. If a programming language is intended to run other programs in an application software (such as a Unix shell) or other command line interface, the programming language is called a scripting language. It is difficult to compare which programming language is most commonly used, and the term ""usage"" does not apply to interpreters running specific programs. If a programming language is intended to run other programs in an application software (such as a Unix shell) or other command line interface, the programming language is called a scripting language. It is difficult to compare which programming language is most commonly used, and the term ""usage"" does not apply to interpreters running specific programs. If a programming language is intended to run other programs in an application software (such as a Unix shell) or other command line interface, the programming language is called a scripting language. It's hard to compare which programming language is the most used, and the term ""usage"""
K_graph_search_computer_science_and_technology,graph search,Computer Science and Technology,656,"graph search. Image search: Google Images Google image recognition 2 Google images Baidu Image Search Image Search - Make image search easier Image recognition search Baidu Pictures—the world’s largest Chinese picture library TinEy image recognition http://www.tineye.com/360 cognition The information retrieved from the database can also be input into the policy network to complete similar structured operations such as ""Xiao Xi opens Baidu map to search for coconut chicken"" mentioned above. The query result (the location of the coconut chicken) can help complete the conversation goal. See, the length of the policy network po path is 7, while the length of the more circuitous path is only 1+2+3=6. The high-level structure of Dijkstra's algorithm is similar to the graph search algorithm in Chapter 2. [4] Each iteration of its main loop processes a new vertex. The advanced thing about this algorithm is that it uses a very ""smart"" method. At this point, we have completed the entire proof process. Dijkstra's shortest path algorithm reminds us of the linear-time graph search algorithm discussed in Chapter 2. The key reason why breadth-first and depth-first search algorithms can run in linear time (Theorem 2.1 and Theorem 2.4) is that they determine the planning system ········1.2 Multi-autonomous robot collaborative planning system 2 Path planning research ········2.1 Graph search method ·················2.1.1 Visual diagram method ················2.1.2 Complete the operation. It includes three problems: base point-to-point motion planning; joint space planning; comprehensive planning. This chapter studies several commonly used motion planning algorithms: graph search method, RRT algorithm, artificial potential field method, and BUG algorithm. And some improvements have been made to the shortcomings of some algorithms. Graph search methods rely on known cycles"
K_graph_traversal_computer_science_and_technology,graph traversal,Computer Science and Technology,556,"Graph traversal: The pointer behind the vertex can complete the traversal of the in and out degrees. Since it is similar to a cross linked list, I won't draw a picture. After talking about graph storage, let’s talk about graph traversal. Traversal means starting from one vertex and visiting all vertices along a certain rule, and each vertex is visited only once. The traversal is mainly divided into depth-first traversal. The first field data of the node is used to store the number i of the node vi, and the second field firstarc is used to point to the first node in the linked list. Graph traversal methods include depth-first search and breadth (width)-first search. The depth-first search method is an extension of root-first traversal of trees. Its basic idea is: the first field data of the node is used to store the number i of the node vi, and the second field firstarc is used to point to the first node in the linked list. Graph traversal methods include depth-first search and breadth (width)-first search. The depth-first search method is a generalization of root-first traversal of trees. Its basic idea is: Graph traversal problems are divided into four categories: The first and third types of problems have been completely solved, while the second and fourth types of problems have only been partially solved. Partially resolved. The first type of problem is to study the properties of the so-called Euler diagram, while the second type of problem is to study the properties of the so-called Hamiltonian diagram. Graph traversal methods include depth-first search and breadth (width)-first search. In computer science, tree traversal (also called tree search) is a type of graph traversal, which refers to the process of visiting all nodes of a certain tree without repetition according to certain rules. The specific access operation may be to check the value of the node, update"
K_domain_name_system_computer_science_and_technology,domain name system,Computer Science and Technology,652,"Domain Name System: Does it matter? That’s right! It's related: the full name of DNS is actually [Domain Name System], which translates to Domain Name System. In the Internet, there is only IP. IP is actually a string of numbers, which is equivalent to your house number. If everyone wants to find you on the Internet, they must know something? That’s right! It's related: the full name of DNS is actually [Domain Name System], which translates to Domain Name System. In the Internet, only IP exists. IP is actually a string of numbers, which is equivalent to the house number of your home. If everyone wants to find you on the network, an IP address must exist, and the DNS protocol is the protocol that converts IP addresses into a protocol that is easy for humans to remember. The full name of DNS is Domain Name System (abbreviation: DNS). It exists as a distributed IP address that maps domain names and IP addresses to each other. The DNS protocol is the protocol for converting IP addresses into a protocol that is easy for humans to remember. The full name of DNS is Domain Name System (abbreviation: DNS). It exists as a distributed IP address that maps domain names and IP addresses to each other. The DNS protocol is the protocol for converting IP addresses into a protocol that is easy for humans to remember. The full name of DNS is Domain Name System (abbreviation: DNS). It is more intuitive as a distribution that maps domain names and IP addresses to each other. How to communicate between two machines requires the development of various protocols. For example: file transfer applies to the TCP protocol. The domain name system applies the DNS protocol. With the existence of some protocols, various data streams are transmitted according to rules, and computers can communicate successfully. TCP/IP protocol is a"
K_processing_unit_computer_science_and_technology,processing unit,Computer Science and Technology,650,"Processing unit: There are superficial similarities, but there are distinct differences between the computing principles of the human brain and silicon-based computers. These include: (1) Computation (processing unit) and storage (storage unit) are separated in computers, unlike calculation (neurons) and storage (synapses) in the human brain, which are integrated; (2) Limited by two-dimensional connections. This transition from general to specific represents the hierarchical structure of the visual cortex. c, the most advanced silicon computing ecosystem. Broadly speaking, the computing hierarchy is divided into processing units and memory storage. The physical separation of processing units and memory hierarchies leads to the proverbial ""memory well bottleneck"". The transition represents the hierarchy of visual cortex. c, the most advanced silicon computing ecosystem. Broadly speaking, the computing hierarchy is divided into processing units and memory storage. The physical separation of processing units and memory hierarchies leads to the proverbial ""memory well bottleneck."" processor to complete knowledge processing operations such as scene and action analysis. The latter example is the pasm system prototype developed by Purdue University in the United States. It is a system composed of 16 pe (processing units). They can be dynamically divided to form independent hybrid sub-machines of various sizes. The execution method can be configured in simd and simd as needed. The advantage is that the output granularity is small. However, it is more difficult to turn block-level programming into a high-concurrency, pipelined structure. Because the granularity is small, if you want to achieve a pipelined structure, you must have enough processing units. It should be noted that the encoding and decoding context is critical, and the encoding prediction performance will be greatly affected if the context is cut off. Bar processing is based on both points: In order to build a neural network model, we need to first think about what the neural network in the brain looks like? Each neuron can be thought of as a processing unit/Nucleus, which contains many input/Den"
K_processor_scheduling_computer_science_and_technology,processor scheduling,Computer Science and Technology,0,processor scheduling
K_processing_flow_civil_engineering,processing flow,Civil Engineering,325,"Processing flow: When , a positioning output with a frequency of 100Hz can be given. The figure below is a schematic diagram of two sensor data fusion. The information processing flow of the software running on the controller is similar to the following figure in the time dimension. In the period of 0~100ms, the IMU is used to estimate the position 9 times. When the new GPS positioning data is received, how to obtain the word vector? This problem is relatively big. To start from the beginning, you first have a text corpus, and you need to preprocess the corpus. This processing process is related to the type of your corpus and your personal purpose. For example, if it is an English corpus, you may need to perform operations such as case conversion to check for spelling errors. If it is TSIDE AIR), clean air that meets the specifications will be obtained after being processed by various processing units of the clean room system. The following is a brief introduction to its treatment process: the outdoor air passes through the outdoor air conditioning unit (Make-up Air Unit or MAU) to initially filter particles and control them."
K_reset_circuit_computer_science_and_technology,reset circuit,Computer Science and Technology,112,"Reset circuit: VCU, structurally, consists of a metal shell and a set of PCB circuit boards. Hardware composition Functionally, the minimum system consists of the main control chip and its surrounding clock circuit, reset circuit, reserved interface circuit and power module. In addition to the minimum system, it is generally equipped with digital signal processing circuits and analog signal processing circuits."
K_external_memory_computer_science_and_technology,external memory,Computer Science and Technology,569,"External memory: Storage is a type of memory. All hardware with storage capabilities can be called memory. This is natural. Hard drives are even more obvious. They are included in the ranks of external memories. It can be seen from this -. Memory is the internal memory in its professional name. It is not a mysterious thing. It is just a drop in the ocean of memory. Memory is a type of memory. All hardware with storage capabilities can be called memory. This is natural. Hard drives are even more obvious. They are included in the ranks of external memories. It can be seen from this -. Memory is the internal memory in the professional name. It is not a mysterious thing. It is just a drop in the ocean of memory (memory of a certain capacity), individually packaged. Hierarchical structure: cache memory (Cache), main memory (MM), auxiliary memory (external memory). Storage characteristics: The core component of the computer to achieve large-capacity memory function. Stores memory information (bit-wise storage) Bit storage--g) refers to a sorting algorithm that can handle extremely large amounts of data. Generally speaking, the data processed by external sorting cannot be loaded into the memory at one time and can only be placed on an external memory (usually a hard disk) that is slow in reading and writing. External sorting usually uses a ""sort-merge"" strategy. In the sorting phase, the amount of data that can be placed in the memory is first read into the external memory. External storage refers to storage other than computer memory and CPU cache. This type of storage can generally still save data after power is turned off. Common external storage memory External storage refers to storage other than computer memory and CPU cache. This type of storage can generally still save data after power is turned off. Common external memories include hard disks, floppy disks, optical disks, U disks, etc."
K_external_interrupt_computer_science_and_technology,external interrupt,Computer Science and Technology,656,"External interrupt: Enter user-level thread mode. 37. The two advanced timers TIM1 and TIM8 are connected to the APB1 bus. 38. The external interrupts of STM32 are distinguished by groups. That is to say, PA0, PB0, and PC0 microcontrollers cannot distinguish which interrupt is triggered. They are all EXIT0 line interrupt service routines. Therefore, external interrupts support 16-way interrupt resolution. On the other hand, we can set GPIO_EXTILineConfig(GPI into user-level thread mode. 37. The two advanced timers TIM1 and TIM8 are connected to the APB1 bus. 38. The external interrupts of STM32 are distinguished by groups. That is to say, PA0, PB0, and PC0 microcontrollers cannot distinguish which interrupt is triggered. They are all EXIT0 line interrupt service routines. Therefore, external interrupts support 16-way interrupt resolution. From another aspect, we can set GPIO_EXTILineConfig (GPI includes input and output devices such as disks, keyboards, etc., in case of exception errors or even calls from another CPU. 1. PIC mode In the PIC era, external interrupt sources must be connected to the IRQ pin of the 8259, and the 8259 will tell the CPU that an interrupt has occurred through INTR. At this time, the OS or BIOS area is marked black, and this area is the kernel exception. Kernel exceptions cannot be interrupted and their priority cannot be set (that is, the priority overrides external interrupts). Common kernel exceptions include the following: reset, non-maskable interrupt (NMI), hard error (Hardfa)"
K_external_resource_management_science_and_engineering,external resource,Management Science and Engineering,653,"External resources: With the improvement of education and the widespread application of information technology, open innovation has ushered in a new space. Open innovation is the behavior of enterprises using external resources to innovate. External resources include innovations from university professors, innovations from other companies, suggestions from suppliers, consumer demands, etc. In short, companies use available external capital resources, such as innovations from university professors, innovations from other companies, suggestions from suppliers, consumer demands, etc. In short, companies can use available external resources to innovate and create more benefits without hiring the best employees. (2) What are the influencing factors of open innovation? Based on the improvement of my research literacy and the widespread application of information technology, open innovation has ushered in a new space. Open innovation is the behavior of enterprises using external resources to innovate. External resources include innovations from university professors, innovations from other companies, suggestions from suppliers, consumer demands, etc. In short, companies use available external capital resources, such as innovations from university professors, innovations from other companies, suggestions from suppliers, consumer demands, etc. In short, companies can use available external resources to innovate and create more benefits without hiring the best employees. (2) What are the influencing factors of open innovation? According to my research, I can endure the long cycle of converting research results into commercial benefits; I can continue to invest until a certain result is converted into commercial benefits; I can also mobilize a large number of external resources to overcome difficulties in research and development. For example, Procter & Gamble could turn to the Internet for help printing graphics on potato chips. In most cases, for a startup founder, maintaining control and obtaining financial rewards are difficult to achieve at both ends. Because a startup needs to obtain external resources to create value, and obtaining external resources usually requires the founder to weaken his control (for example, not being CEO and letting others join the board of directors). Teach me how to start a business"
K_external_input_not_field,external input,not-field,0,external input
K_multiprocessor_scheduling_computer_science_and_technology,multiprocessor scheduling,Computer Science and Technology,0,multiprocessor scheduling
K_multimedia_communication_computer_science_and_technology,multimedia communication,Computer Science and Technology,226,"Multimedia communication: ) Application of multimedia technology (1) Education and training (2) Computer games (3) Movie stunts and advertising (4) E-commerce (5) Multimedia communication 2. Common multimedia technologies 1) Image (1) Acquisition of images: using existing picture files and digital devices (scanners and digital cameras). Limited to the telecommunications industry, it can also be used in finance, medical care, education, transportation and other industries; communication terminals can do more things, such as multimedia communication, remote control, etc. in addition to voice communication; perhaps LAN, Internet, telecommunications network, broadcast network, satellite network, etc. can be integrated to form a communication network, no matter what terminal is used"
K_multicore_processor_computer_science_and_technology,multicore processor,Computer Science and Technology,632,"multicore processor. Multi-core processors: Parallelizable nature, which can produce better results. On my dual-core processor computer, my results are 150 times faster than the original, and the effect will be even more obvious if it is a multi-core processor. But be aware that many Mathematica functions such as Table, Plot, and NInte ader_index increase so much free space that they can be written, but in fact, readers of that space are confused before they can read them. On a multi-core processor, the cache update notifications to another core may be out of order, which will cause errors equivalent to the above two points. It is entirely possible that the two threads incremented so much free space in different ader_index that they can write, but in fact the readers of that space were confused before they could read them. On multi-core processors, cache update notifications to another core may be out of order, which will cause errors equivalent to the above two points. It is entirely possible that the two threads are in different Linux kernels. Thirty related issues Note: Under multi-core processors, there may be multiple processes in the kernel state. In the kernel state, processes can access all kernel data, so the shared data needs to be energy-saving and programmable. Both are very important. Multi-core CPU storage structure The development of multi-core CPUs is also to meet the growing computing needs. The challenges of multi-core processors mainly come from shared memory bandwidth, cache consistency, cache access conflicts and multi-core thread scheduling. Of course, these problems are divided into analog integrated circuits, digital integrated circuits, and mixed-signal integrated circuits that combine both analog and digital. State-of-the-art integrated circuits are at the heart of microprocessors or multi-core processors that control circuits in everything from digital microwaves to cell phones to computers. Memory and application specific integrated circuits are examples of other integrated circuit families"
K_multi_user_system_computer_science_and_technology,multi-user system,Computer Science and Technology,333,"Multi-user system: No. When a user logs in, the operating system usually identifies the user with an identification number rather than a username. Computer systems can be divided into two categories based on the number of users: Users on multi-user systems usually have a home directory that stores user-related files that are inaccessible to other users. User accounts usually contain a public user signal. When a user logs in, the operating system usually identifies the user with an identification number rather than a username. Computer systems can be divided into two categories based on the number of users: Users on multi-user systems usually have a home directory that stores user-related files that are inaccessible to other users. User accounts usually contain a public user signal. When a user logs in, the operating system usually identifies the user with an identification number rather than a username. Computer systems can be divided into two categories based on the number of users: Users on multi-user systems usually have a home directory that stores user-related files that are inaccessible to other users. User accounts usually contain a public user profile"
K_multilevel_feedback_queue_computer_science_and_technology,multilevel feedback queue,Computer Science and Technology,224,"multilevel feedback queue. Multi-level feedback queue: two methods of processing high priority, non-preemptive and preemptive: But there are still disadvantages, which may cause low-priority processes to never run. The multilevel feedback queue (Multilevel Feedback Queue) scheduling algorithm is the ""time slice rotation algorithm"" and the ""highest priority algorithm. When the time increases, its priority will be increased. So is there a way to balance fairness and efficiency? Here we introduce an algorithm that is fairly well thought out, the multi-level feedback queue (MFQ) scheduling algorithm, which is the synthesis and development of the time slice rotation algorithm and the priority algorithm. How it works: It can be found that for the need to handle"
K_multiple_processes_computer_science_and_technology,multiple processes,Computer Science and Technology,629,"multiple processes. Multi-process: --------- Xidapuben, implements: multiple instances, dynamic source weight update. Greatly improve update speed Multi-instance means that there are many processes updating data at different times at the same time. Dynamic source weight means that sources that frequently update articles will be updated frequently, and sources that do not update articles for a long time will also compare the minimum data set required for the program to run. We can understand context from context switch. In a multi-process or multi-thread environment, when switching tasks, we must first interrupt the current task and hand over computing resources to the next task. Because the previous task .lua will be restored later. There are only 100 codes. An increment atomic operation is used here. No locking is required. It is friendly to the implementation of multi-threads and multi-processes and has very little overhead. https://github.com/Kong/kong/tree/m In-depth Python inter-process communication principle - graphic version Following the use of native multi-process parallel running in the previous section and the calculation of pi based on Redis as a message queue, in this section we use the native operating system message queue to replace Red's extensive method, which can not only cross processes but also cross networks. The Internet is as developed as it is today, all thanks to sockets. However, multi-process communication on the same machine is still quite wasteful. Let’s not discuss this yet, let’s see how to use it first. When multiple processes on the same machine use ordinary sockets to communicate, it is equivalent to us communicating through sockets through a special file. We know that cross-network communication inevitably requires communication through sockets, but in this example, the multiple processes are on the same machine, and there is no need to cross the network. Using ordinary sockets for communication is a bit wasteful. The picture above shows a single-process socketpair."
K_mass_storage_computer_science_and_technology,mass storage,Computer Science and Technology,0,mass storage
K_subtask_computer_science_and_technology,subtask,Computer Science and Technology,645,"Subtasks: The goals will be clear and the process will be transparent. The boss can make decisions quickly and efficiently, and employees can cooperate better and more clearly. Moreover, each task also contains subtasks, so you can break down large tasks into details. There is also a task leader who can upload files and various attachments. If you don’t understand the problem, you can comment below, etc. Section: The overall network structure of the pre-training model: After the main body of the bert model (the main structure of the model can be read with reference to the source code of the model), there are two sub-tasks, the masked language model and the next sentence prediction model. After obtaining the loss and prediction probability values ​​of these two sub-tasks, an optimal optimization model will be created in the training mode The main structure of the model can be read with reference to the source code of the model). There are two subtasks, the masked language model and the next sentence prediction model. After obtaining the loss and predicted probability values ​​of these two subtasks, an optimizer will be created in the training mode to iterate the model parameters, and a measurement function test will be created in the verification mode. When operating Word, you can perform operations such as typing and spell checking at the same time. Like this, multiple ""subtasks"" are running simultaneously within a process. From the above example, we can know that a process is composed of multiple threads. A process must have at least one thread. In fact, threads are the lowest priority in the operating system. A lottery drawing is conducted every time the CPU running rights are awarded, so as to achieve theoretical fairness. Each task can also subdivide its share into subtasks, which allows the task to also have control. The core of virtualization is memory virtualization, which is implemented by the operating system. Operating systems can be simply divided into two categories through segmentation and paging: one is the series extraction method, and the other is the joint extraction method. The series extraction method decomposes the problem into two series of subtasks, that is, first uses the entity recognition model to extract entities, and then uses the relationship extraction model to obtain the relationship between entity pairs. Its advantage is that it facilitates independent optimization of entity recognition."
K_subroutine_call_instruction_not_field,subroutine call instruction,not-field,0,subroutine call instruction
K_storage_allocation_computer_science_and_technology,storage allocation,Computer Science and Technology,440,"Storage allocation: Personnel must first memorize all instruction codes and the meaning of the codes of the computer being used. When hand-programming, programmers have to handle the storage allocation and input and output of each instruction and data by themselves, and they also need to remember the state of the work unit used in each step of the programming process. This is a very tedious task, and writing the program costs zeof(ElemType)); if(!L-&gt;elem) exit(OVERFLOW);/*Storage allocation failed*/ L-&gt;length=0;/*The length of the empty table is 0*/ L-&gt;listsize=LIST *sizeof(ElemType)); if(!newbase) exit(OVERFLOW);/*Storage allocation failed*/ L-&gt;elem=newbase;/*new base address*/ L-&gt;listsize+=LI Personnel must first memorize all instruction codes and the meaning of the codes of the computer used. When hand-programming, programmers have to handle the storage allocation and input and output of each instruction and data by themselves, and they also need to remember the state of the work unit used in each step of the programming process. This is a very tedious task, and writing programs costs"
K_memory_chip_computer_science_and_technology,memory chip,Computer Science and Technology,653,"Memory chips: For solid-state hard drive products that offer great value for money, you must start from the product itself and refer to the strength and background of the product manufacturer to make a comprehensive purchase. Hongwang Semiconductor, as a high-quality proposal provider of domestic memory chips, has focused on the storage industry for sixteen years. The launched M.2 NVME SSD N800 TX series adopts the M.2 NV method learned in the previous chapter to increase machine speed. To improve the memory access speed, we can use high-speed chips, set up multi-layer Cache, and perform cross-addressing multi-body parallel access to the memory chip. Regarding the transmission speed between I/O and the host, from serial to interrupt request to DMA I/O processing and address translation and cache query are performed concurrently, which greatly speeds up the cache access speed. See the Address Translation section for details. Since circuit latency depends largely on the size of the memory chip, consider using a smaller-capacity cache to ensure the shortest access cycle. Another benefit of doing this is that because the first-level cache is small enough, address translation and cache query are performed concurrently, which greatly speeds up cache access. See the Address Translation section for details. Since circuit latency depends largely on the size of the memory chip, consider using a smaller-capacity cache to ensure the shortest access cycle. Another advantage of this is that since the L1 cache is small enough, it is common for microcontroller-based (such as central processing units with integrated memory and/or peripheral interface), but also ordinary microprocessors (using external memory chips and peripheral interface circuits) in more complex systems. General-purpose processors, processors specialized in certain types of calculations, processors custom-designed for handheld applications, etc., can all be based on microcontrollers (such as a central processing unit with integrated memory and/or peripheral interfaces), but ordinary microprocessors (using external memory chips and peripheral interface circuits) are also common in more complex systems. General-purpose processors, processors specialized in certain types of calculations, processors custom-designed for handheld applications, etc., can all be used."
K_safe_mode_public_administration,safe mode,Public Administration,606,"Safe mode: Safe Mode (English: Safe Mode) usually refers to a special debugging mode of the operating system and a running mode of some software. For Microsoft Windows, it often refers to a special debugging mode of the operating system and a running mode of some software. For operating systems such as Microsoft Windows and Mac OS, safe mode is a special operating mode used for system debugging. When the system is in safe mode, the system's functionality is reduced (for example, in DirectX API mode. For operating systems such as Microsoft Windows and Mac OS, safe mode is a special operating mode used for system debugging. When the system is in safe mode, the system's functions will be reduced (for example, programs written with the DirectX API cannot run), but because many non-kernel programs will not run, it is more suitable for debugging. An installed operating system will only enter safe mode if there is a major problem, such as a hard drive problem, a computer virus, or the installation of some problematic or poorly designed software that hinders the operation of the operating system. Every operating problem, computer virus, and installation of some faulty or poorly designed software hinders the operation of the operating system. The security mode of each operating system is also different. Generally speaking, when the operating system enters safe mode, it will only load a small number of necessary programs and drivers. Most devices have bad software, and this software hinders the operation of the operating system. The security mode of each operating system is also different. Generally speaking, when the operating system enters safe mode, it will only load a small number of necessary programs and drivers, and most devices cannot be used except for minimal display and input needs."
K_full_recovery_computer_science_and_technology,full recovery,Computer Science and Technology,655,"Full recovery: takes more time. When the computer is awakened from the ""sleep"" state, the system will read the temporary data saved in the ""hard disk"" and restore it to the ""memory"". It can also completely restore the state before ""sleep"". In fact, changing ""sleep"" to ""hibernation"" may be easier to understand. In addition, everyone knows that the computer has a ""sleep"" feeling by default. The incisions on both sides of the ears are slowly fading, and the opening and closing force of the mouth is much better than before the surgery. The jaw is still a little numb now, and it will take some time to fully regain consciousness. The recovery period of bones is relatively long, so it's okay. As the saying goes, it takes a hundred days to break a muscle. I'm not in a hurry, anyway. What does it feel like? The incisions on both sides of the ears are gradually fading, and the opening of the mouth is much better than before the surgery. The jaw is still a little numb, and it will take some time to fully recover. The recovery period of the bones is relatively long. 1) Demand side: Affected by the epidemic, except for infrared thermometers and other anti-epidemic products, the sales of other security products are smooth. The height of the nose has changed after being filled with hyaluronic acid. It was still a little stiff on the first day, but the real test results are relatively good. Twelve days after the operation, I have fully recovered and the traces of filling wounds on my face have completely disappeared. The young lady’s previously thin face has become fleshy, her skin is delicate, and her facial contours are smoother. The main features after surgery are: First, the commonly used ultra-low latency configuration mode, the output bit rate is flat, and the probability of buffer overflow is small. Second, it can ensure complete error recovery within one refresh cycle. The third is the refresh frequency direction, which can be further optimized according to the video content. 2.2.3 Coding pipeline optimization The overall architecture of the encoder"
K_macro_instruction_computer_science_and_technology,macro instruction,Computer Science and Technology,0,macro instruction
K_real_time_system_computer_science_and_technology,real-time system,Computer Science and Technology,673,"Real-time systems: ·Requirements engineering ·System testing ·System maintenance ·Project management ·Quality assurance ·Object-oriented technology ·Computer-aided software engineering ·Development of real-time systems ·Application system analysis and design (embedded systems, data warehouses, Internet applications, etc.) ·Software product line analysis and design 2. Data·Requirements Engineering ·System testing ·System maintenance ·Project management ·Quality assurance ·Object-oriented technology ·Computer-aided software engineering ·Development of real-time systems ·Application system analysis and design (embedded systems, data warehouses, Internet applications, etc.) ·Software product line analysis and design 2.Data A basic requirement of a real-time operating system is a priority-based preemption system. Ensuring that threads with high priority get execution rights ""at the first opportunity"" is the first golden rule in real-time systems. But this kind of system based on priority preemption has a well-known problem that needs attention, which is ""priority inversion"" (Pri is uncertain - depending on the load of the system, it may be several times or even hundreds of times different. We know that uncertainty is the enemy of software systems, especially real-time systems. For those students who don’t know much about the 2.4 scheduler, let’s say a few more words: The dimension of the 2.4 scheduler is uncertain – it may vary several times or even hundreds of times depending on the load of the system. We know that uncertainty is the enemy of software systems, especially real-time systems. For those students who don’t know much about 2.4 scheduler, let’s say a few words: 2.4 scheduler dimension Your HIL is HardWare In Loop, hardware-in-the-loop testing, and then introduce some advanced concepts, such as simulator, real-time system, fault injection, signal conditioning, test cases, model online testing, vehicle model, etc., which makes people feel very awesome. Then, quote a number of several hundred thousand"
K_password_biochemistry_and_molecular_biology,password,Biochemistry and Molecular Biology,610,"Passwords: What is the best way to remember passwords? ""How could she do this to me?"" was the question that kept running through my mind. Not stopping for a moment, every moment of every day. Here are some ways to stay afloat in 2011. One day I went to the office, turned on the computer and prepared for the day's work. Things were going fine until I saw this message: Your password has expired, click ""Change Password"" to set a new password Damn it. I thought ""change password"" was some other setting. I looked at this stupidity. I went to the office, turned on my computer and got ready for the day. Things were going fine until I saw this message: Your password has expired, click ""Change Password"" to set a new password Damn it. I thought ""change password"" was some other setting. I looked at this stupid news like an angry old man booting up his computer to get ready for the day. Things were going fine until I saw this message: Your password has expired, click ""Change Password"" to set a new password Damn it. I thought ""change password"" was some other setting. I looked at this stupid message like I had an angry old grandma whispering in my ears. It was going well until I saw this message: Your password has expired, click ""Change Password"" to set a new password Damn it. I thought ""change password"" was some other setting. I looked at this stupid message like an angry old woman whispering in my ear: The damn password has expired. I thought ""Change Password"" was some other setting. I looked at this stupid message like an angry old woman whispering in my ear: The damn password has expired. At my company, IT management set up the Microsoft Exchange service to require thousands of colleagues around the world to change their passwords. Once every 30 days."
K_ready_state_computer_science_and_technology,ready state,Computer Science and Technology,439,"Ready state: After the reason for stopping disappears, it enters the ready-to-run state again. Therefore, there are at least three basic states during the activity of a process, namely running state, ready state, and blocking state. The meaning of each status in the above picture: Of course, there are two other basic states of the process: Therefore, the execution of a complete process state change such as is initiated by software, so the second half of the interrupt mechanism is also called ""soft interrupt"". Work queue: Linux always selects an appropriate process to run among the processes that have entered the ready state. In order to speed up the search, Linux gathers all ready processes to form an MP4 player, mobile hard disk and other USB devices or portable devices. A normal computer can boot into a ready state even if these devices are removed (although operating such a computer may become difficult or infeasible for the user). This is a short article on computer hardware. You can use the editor or /MP4 player, mobile hard disk and other USB devices or portable devices. A normal computer can boot into a ready state even if these devices are removed (although operating such a computer may become difficult or infeasible for the user). This is a short article on computer hardware. You can edit or"
K_local_area_network_computer_science_and_technology,local area network,Computer Science and Technology,334,"Local area network: The embedding expression of 3 and s4 should be close, which is homogeneous similarity. Node u and node s6 are both central nodes of their respective local area networks. They are structurally similar, and their embedding expressions should also be similar. This is structural similarity. If we were using a random walker or a fingerprinting tool Specialized (i.e. specific to certain components) scanners Intranet penetration or scanning tools Wireless Network (Audit) Scanner LAN (local network) scanner Code audit tool or scanner Modular design scanner or vulnerability detection framework Backdoor detection grayddq/ forms a new route and delivers the message to the transmission destination. In a mesh network, all nodes can be connected to all nodes in the topology to form a ""local area network."" Mesh networks differ from regular network architectures in that all nodes can communicate data over multiple hops, but they are usually not mobile devices."
K_embedded_controller_computer_science_and_technology,embedded controller,Computer Science and Technology,647,"Embedded controller: ro beta 3D printing information 1. Introduction The MOCO universal robot controller is an embedded controller for quadrupeds, bipods, hexapods and drones. Its design concept is to minimize the software development work of robot enthusiasts. It draws on the concept of LEGO MOC construction to provide high performance, easy-to-use, multi-ro beta 3D printing materials. 1. Introduction The MOCO universal robot controller is a universal embedded controller for quadrupeds, bipods, hexapods and drones. Its design concept is to minimize the software development work of robot enthusiasts. It draws on the concept of Lego MOC construction to provide high performance, ease of use, and multi-machine control. The machine is called by the Chinese, and some foreigners call it the Micro Controller Unit (MCU). Some people also call it embedded controller (Embedded Controller). 4. Price of microcontroller (cost-effectiveness) When we understand what a microcontroller orem is) least squares method Lyapunov stability small loop feedback perceptual control theory state observer vector control Description function embedded controller Lead-lag compensator CNC machine tools PID controller programmable logic controller Control application decentralized control system industrial control system orem) least squares method Lyapunov stability small loop feedback perceptual control theory state observer vector control Description function embedded controller Lead-lag compensator CNC machine tools PID controller programmable logic controller Control application decentralized control system Industrial control system embedded controller The embedded controller is a good and basic access device in the Ethernet control network. Embedded controllers are used to perform designated independent control functions and"
K_embedded_operating_system_computer_science_and_technology,embedded operating system,Computer Science and Technology,696,"Embedded operating system: The layered client and server modes are not widely used in embedded systems, and most embedded MPEG-4 decoding systems mostly use commercial embedded operating systems, such as WindowsCE, VxWorks, etc., which have high cost and poor flexibility. For example, using embedded Linux as the operating system not only develops the system 1.2 Operating system ·Types and structure of operating systems ·Basic principles of operating systems ·Operating system performance optimization ·Network operating system and embedded operating system 1.3 Data communications and computer networks ·Basic knowledge of data communication ·Open systems interconnection reference model ·Commonly used protocol standards ·Network Department 1.2 Operating system ·Types and structure of operating systems ·Basic principles of operating systems ·Operating system performance optimization ·Network operating system and embedded operating system 1.3 Data communications and computer networks ·Basic knowledge of data communication ·Open systems interconnection reference model ·Commonly used protocol standards ·Network: The imitation GPS receiving device sends GPS latitude and longitude information to the navigation device periodically (every 100ms). The interface is an Ethernet interface. The navigation device has an embedded operating system and supports the TCP/IP protocol stack. With previous hands-on experience, I quickly wrote a simulation software based on TCP socket, which simulates a GPS receiving device and sends GPS longitude and latitude information to the navigation device periodically (every 100ms). The interface is an Ethernet interface. The navigation device has an embedded operating system and supports the TCP/IP protocol stack. With previous hands-on experience, I quickly wrote the simulation software based on TCP socket. 1.2 Operating system ·Types and structure of operating systems ·Basic principles of operating systems ·Operating system performance optimization ·Network operating system and embedded operating system 1.3 Data communications and computer networks ·Basic knowledge of data communication ·Open systems interconnection reference model ·Commonly used protocol standards ·Network"
K_average_search_length_computer_science_and_technology,average search length,Computer Science and Technology,696,"Average search length: When the inserted keywords are ordered, the resulting binary search tree transforms into a single-branch tree. The depth of the tree is n{\displaystyle n}, and its average search length is n+12{\displaystyle {\frac {n+1}{2}}} (same as sequential search). The best ac {n+1}{2}}} (same as sequential search), the best case is that the shape of the binary search tree is the same as the decision tree of the binary search, and its average search length is proportional to log2⁡(n){\displaystyle \log _{2}(n)} (O(log2⁡(n) When the inserted keywords are ordered, the binary search tree transformed into a single branch tree, the depth of the tree is n{\displaystyle n}, its average search length is n+12{\displaystyle {\frac {n+1}{2}}} (the same as the sequential search), the best ac {n+1}{2}}} (the same as the sequential search), the best case is that the shape of the binary search tree is the same as the decision tree of the binary search, and its average search length is the same as log2⁡(n){\displaystyle \log _{2}(n)} is proportional to (O(log2⁡(n ystyle \alpha }). The smaller it is, the fewer elements are filled in the table and the smaller the possibility of conflict. In fact, the average search length of the hash table is a function of the load factor α{\displaystyle \alpha }, but different conflict handling methods have different functions. When the inserted keywords are ordered, the binary search tree formed transforms into a single branch tree, and the depth of the tree is n{\displaystyle n}, the average search length is n+12{\displaystyle {\frac {n+1}{2}}} (same as sequential search), the best"
K_concurrency_computer_science_and_technology,concurrency,Computer Science and Technology,559,"Concurrency: If Query2 is executed at the same time, Query2 will take 2 minutes to complete; this sequential request for resources reduces concurrency to a certain extent. c). Add With(NoLock) prompt to the SELECT statement: By default, the SELECT statement will delete the queried data. High concurrency performance debugging experience sharing Click to get a test of the maximum service level the system can provide. Performance testing is mainly divided into: (1) Testing of application performance on the client side: Mainly concurrent performance testing, using automated tools to conduct black-box testing by simulating hundreds or thousands of users to repeatedly execute and run applications, such as loadrunner. Click to get a test of the maximum service level the system can provide. Performance testing is mainly divided into: (1) Testing of application performance on the client side: Mainly concurrent performance testing, using automated tools to conduct black-box testing by simulating hundreds or thousands of users to repeatedly execute and run applications, such as loadrunner. Strength is indispensable. Managing threads to obtain concurrency through thread pools is a very basic operation. Let us look at two typical scenarios of using thread pools to obtain concurrency. Scenario 1: Quickly respond to user requests Description: Real-time requests initiated by users, the service pursues response time. For example, if a user wants to view a , these new solutions can all improve the performance of parallel tasks under certain circumstances. However, the key problem solved this time is how to obtain concurrency more easily and safely. In addition, there are actually very few applications of the Actor model. It is only widely used in Scala, and the coroutine framework is not maturely maintained in Java."
K_concurrent_process_computer_science_and_technology,concurrent process,Computer Science and Technology,0,concurrent process
K_parallel_compilation_computer_science_and_technology,parallel compilation,Computer Science and Technology,110,"Parallel compilation: : Sophomore level solid state physics + quantum mechanics Can be modified: basic C, Fortran...and above Ability to change: MPI, OpenMP, parallel compilation/cluster compilation, Linux, proficient in Fortran/C, LAPACK/BLAS..., FFT and other algorithms. simple group theory"
K_broadcast_network_computer_science_and_technology,broadcast network,Computer Science and Technology,435,"Broadcast Networks: How to redistribute? How to clear the original satellite? Just shoot it down? The correct approach is to retrofit existing equipment, which involves more than 100 television and radio networks across the United States, installing close to 100,000 filters on more than 35,000 antennas and re-launching dozens of satellites. For this reason, several major satellite broadcast services are also the reason why Qualcomm must bind millimeter wave chips. As mentioned before, the withdrawal of satellite broadcasting services involves more than 100 television and radio networks across the United States. It requires installing nearly 100,000 filters on more than 35,000 antennas and re-launching dozens of satellites. It is not simple to implement. In this case, broadcasting refers to the dissemination of entertainment or information programs to the public from various sources. In the 20 years between 1986 and 2007, the world's capacity to receive transmitted information over one-way broadcast networks more than tripled, from 432 exabytes (after optimization) to 1.9 zettabytes. This is equivalent to each person per day including which networks each router can reach, how far those networks are, etc. Although RIP is still frequently used, many people believe that it will and is being replaced by routing protocols such as OSPF and IS-IS due to shortcomings such as slow convergence and the limited scale of supported broadcast networks. Of course, we also"
K_application_environment_computer_science_and_technology,application environment,Computer Science and Technology,658,"Application environment: 036 degrees. 2. Fast response time. 3. The control is convenient and flexible, and the control system is easy to implement. 4. There are many models, and different types can be selected according to different application environments. 5. Provide fully closed-loop control, which can monitor operating conditions in a timely manner and make appropriate adjustments and transformations. 4. Servo system structure The requirements have increased. If we continue to use the early continuous spray method for salt spray, we will not be able to fully conduct a comprehensive assessment of the product. Therefore, it is recommended to adopt an alternating salt spray test method that is closer to the actual application environment. This article will focus on how to effectively assess the corrosion resistance index of the product from the perspective of principles, standards and implementation equipment. It can have multiple parents, and the nodes can have multiple connections directly; it has good performance and high access efficiency. d. Disadvantages: The structure is relatively complex. As the application environment expands, the structure of the database becomes more and more complex, which is not conducive to the end user's grasp; the connection between records is realized through access paths, the access number can have multiple parents, and the node can directly have multiple connections; it has good performance and high access efficiency. d. Disadvantages: The structure is relatively complex. As the application environment expands, the structure of the database becomes more and more complex, which is not conducive to the end user's grasp; the connection between records is realized through access paths, the access number can have multiple parents, and the node can directly have multiple connections; it has good performance and high access efficiency. d. Disadvantages: The structure is relatively complex. As the application environment expands, the structure of the database becomes more and more complex, which is not conducive to the end user's grasp; the connection between records is realized through access paths, the access number can have multiple parents, and the node can directly have multiple connections; it has good performance and high access efficiency. d. Disadvantages: The structure is relatively complex. As the application environment expands, the structure of the database becomes more and more complex, which is not conducive to the end user's grasp; the connection between records is realized through access paths, and the access number"
K_enable_interrupts_computer_science_and_technology,enable interrupts,Computer Science and Technology,109,"enable interrupts. Turn on interrupts: During the process, it is allowed to respond to higher priority interrupt sources, thus forming a nested interrupt service routine. This requires us to set the interrupt instruction after entering the interrupt service routine and check whether there is a higher priority interrupt request. You can set the interrupt mask word to block specific interrupt sources and change the interrupt response."
K_start_symbol_computer_science_and_technology,start symbol,Computer Science and Technology,659,"Start symbol: consists of a non-terminal called the product left, an arrow, and a series of tokens and/or terminals (called the product right). One of the non-terminals is designated as the start symbol; production begins there. The string is derived from the start symbol by repeatedly replacing the non-terminal (originally the start symbol) with the right-hand side of the production column token and/or the terminal (called the product right-hand side). One of the non-terminals is designated as the start symbol; production begins there. The string is derived from the start symbol by repeatedly replacing the non-terminal (originally the start symbol) with the right side of the production (for that non-terminal). We discuss palindromic languages. A non-terminal is designated as the start symbol; from there production begins. The string is derived from the start symbol by repeatedly replacing the non-terminal (originally the start symbol) with the right side of the production (for that non-terminal). We discuss the problem of palindromic languages, which cannot be described by regular expressions. That is, the derivation of L is: Note that the leftmost non-terminal is always processed first. A parse tree is a derived graphical description. It's easy to see how the string is derived from the start symbol. The derived start symbol will become the root of the parse tree. Let's look at this problem with an example from the previous topic. When we take a+b*c, the non-terminal on the left is always processed first. A parse tree is a derived graphical description. It's easy to see how the string is derived from the start symbol. The derived start symbol will become the root of the parse tree. Let's look at this problem with an example from the previous topic. We take the leftmost derivation of a+b*c leftmost, the grammar will become left recursive. Left-recursive grammars are considered a problematic situation for top-down parsers. Top-down parsers start parsing from the start symbol, which itself is non-terminal. Therefore, when the parser encounters the same non-terminal during derivation, it is difficult to tell when to stop solving"
K_boot_sector_computer_science_and_technology,boot sector,Computer Science and Technology,648,"Boot sector: der.S. It's written in assembly language, which is rare in the kernel but common in boot code. The beginning of this file actually contains the boot sector code, this is to allow for Linux to work without a boot loader. Now, this boot sector, if executed, will only write to the beginning of the file that actually contains the boot sector code. This is to take into account that Linux can also work without a boot loader. Now, this boot sector, if executed, will just print ""bugger_off_msg"" to the user and reboot. Modern bootloaders ignore these legacy issues and simply print ""bugger_off_msg"" to the user and reboot. Modern bootloaders ignore this legacy code. After the boot sector code, we have the first 15 bytes of the actual mode kernel header; these two parts add up to 512 bytes, which is equivalent to that in a typical der.S on Intel hardware. It's written in assembly language, which is rare in the kernel but common in boot code. The beginning of this file actually contains the boot sector code, this is to allow for Linux to work without a boot loader. Now, this boot sector, if executed, will only write to the beginning of the file that actually contains the boot sector code. This is to take into account that Linux can also work without a boot loader. Now, this boot sector, if executed, will just print ""bugger_off_msg"" to the user and reboot. Modern bootloaders ignore these legacy issues and simply print ""bugger_off_msg"" to the user and reboot. Modern bootloaders ignore this legacy code. After the boot sector code, we have the first 15 bytes of the actual mode kernel header; these two parts add up to 512 bytes, equivalent to a typical"
K_boot_record_computer_science_and_technology,boot record,Computer Science and Technology,218,"Boot record: There is no difference between MBR (legacy) type machines, but earlier machines using MBR (legacy) boot mode need to write boot information (mbr master boot record and pbr partition boot record) in the USB flash drive. Therefore, USB boot disks produced by software generally support dual-mode booting. Furthermore, many PE production software will write trust holes in these security software, making it easy to break into the computer. ""Kuzzle"" tamperes with the master boot record (MBR) and volume boot record (VBR) in the computer system. Without repairing the master boot area, users cannot eradicate it even if they reinstall the system. Tinder Engineer said that in recent years, through MBR,"
K_cyclic_redundancy_check_computer_science_and_technology,cyclic redundancy check,Computer Science and Technology,677,"Cyclic redundancy check: Degree coding, DLC, Data Length Code. Response, ACK, Acknowledgment. Cyclic redundancy check, CRC. Substitute Remote Request bit, SRR, Substitute Remote Request. Remotely sending requests, however, requires sacrificing bandwidth because verification information needs to be appended after the information bits to provide error detection capabilities. Our most common error detection codes include parity check codes, cyclic redundancy check codes (CRC) and other encoding methods. Gallager first proposed the LDPC code in 1962, but unfortunately due to the technology at that time. Error-detecting codes refer to codes that can automatically detect errors, such as parity check codes; error-correcting codes refer to codes that can not only detect errors but also automatically correct them, such as cyclic redundancy check codes. (2) Parity check code, Hamming code, cyclic redundancy check code (CRC). 12. Measurement projects for embedded systems (1) Performance index code; error-correcting code refers to a code that can not only detect errors but also automatically correct errors, such as cyclic redundancy check codes. (2) Parity check code, Hamming code, cyclic redundancy check code (CRC). 12. Measurement projects for embedded systems (1) Performance indicators: divided into component performance indicators and comprehensive performance indicators, mainly including. Error-detecting codes refer to codes that can automatically detect errors, such as parity check codes; error-correcting codes refer to codes that can not only detect errors but also automatically correct them, such as cyclic redundancy check codes. (2) Parity check code, Hamming code, cyclic redundancy check code (CRC). 12. Measurement projects for embedded systems (1) Performance index code; error-correcting code refers to a code that can not only detect errors but also automatically correct errors, such as cyclic redundancy check codes. (2) Parity check code, Hamming code, cyclic redundancy check code (CRC). 12. Measurement projects for embedded systems (1) Performance indicators: divided into component performance indicators and comprehensive performance indicators, mainly including"
K_loop_execution_computer_science_and_technology,loop execution,Computer Science and Technology,659,"Loop Execution: Growth Relationship of Scale Common space complexities are O(1), O(n), O(n²), and logarithmic order complexity is generally not used. Only focus on the piece of code that has the most loop executions The total complexity is equal to the complexity of the code with the largest magnitude multiplication rule : The complexity of nested code is equal to the complexity of the code inside and outside the nest. If the performance of the current model reaches the target or it can no longer continue to label new samples （ No experts or money ）， then end the iterative process 。 Otherwise, perform steps (3)-(6) in a loop. As of 2010, there are many different Problem Scenarios that can use lback's callback function, which is the clearing task method of the dispatch center. 2. In the clear task method, the work cycle of the dispatch center will be executed to cyclically execute the tasks in the task queue. Interestingly, the work loop is not a callback function ssage(...) that continues to execute the next task after executing the callback function in one task. 3. The callback function of the task is a method to perform root work in simultaneous mode. When this method is executed, the work will be executed in a loop fiber， Also use 5 Time slices around milliseconds are calculated and diff，5 The millisecond time slice will return itself after it expires lback callback function ， That is, the clearing task method of the dispatch center 。 2. In the clear task method, the work cycle of the dispatch center will be executed to cyclically execute the tasks in the task queue. Interestingly, the work loop is not a callback function ssage(...) that continues to execute the next task after executing the callback function in one task. 3. The callback function of the task is a method to perform root work in simultaneous mode. When this method is executed, the work will be executed in a loop fiber， Also use 5 Time slices around milliseconds are calculated and diff，5 The millisecond time slice will return itself after it expires"
K_fast_ethernet_computer_science_and_technology,Fast Ethernet,Computer Science and Technology,660,"Fast Ethernet: , replaces other LAN standards such as Token Ring, FDDI and ARCNET. The standard topology of Ethernet is a bus topology, but the current Fast Ethernet (100BASE-T, 1000BASE-T standards) maximizes the network speed and usage efficiency to reduce conflicts and make E-TX. 10/100/1000 supports 10BASE-T, 100BASE-TX and 1000BASE-T. Fast Ethernet is a network standard published by IEEE in 1995. It can provide transmission speeds of up to 100Mbps, replacing other LAN standards such as Token Ring, FDDI and ARCNET. The standard topology of Ethernet is a bus topology, but the current Fast Ethernet (100BASE-T, 1000BASE-T standards) maximizes the network speed and usage efficiency to reduce conflicts and make E-TX. 10/100/1000 supports 10BASE-T, 100BASE-TX and 1000BASE-T. Fast Ethernet is a network standard published by IEEE in 1995. It can provide transmission speeds of up to 100Mbps, replacing other LAN standards such as Token Ring, FDDI and ARCNET. The standard topology of Ethernet is a bus topology, but the current Fast Ethernet (100BASE-T, 1000BASE-T standards) maximizes the network speed and usage efficiency to reduce conflicts and make E-TX. 10/100/1000 supports 10BASE-T, 100BASE-TX and 1000BASE-T. Fast Ethernet is a network standard published by IEEE in 1995, which can provide transmission speeds of up to 100Mbps."
K_quicksort_computer_science_and_technology,quicksort,Computer Science and Technology,611,"quicksort. Quick sort: The original meaning of sorting, and it can reduce system overhead. Merge sort, insertion sort, and bubble sort are stable. Selection sort, Hill sort, and quick sort are unstable. Select an element and divide the entire array into two parts based on that element. Depending on the implementation algorithm, the selection of elements generally has the following types: The core of the entire quick sort is partition. The purpose of partition is to pass in an array and a selected element, and convert all other efficient improved versions that are smaller than that element. Hill sorting is a non-stable sorting algorithm. Hill sorting proposes an improved method based on the following two properties of insertion sort: Quick sort uses the divide and conquer strategy to divide a sequence (list) into two subsequences (sub algorithm will definitely end, because in each iteration (iteration), it will put at least one element to its last position. Quicksort first selects a value, which is called the pivot value. While there are many different ways to select a pivot value, we will use the first item in the list. The figure below arranges the sorted subarrays side by side until the entire array is finally sorted. Code example time complexity O(nlogn) stable sorting algorithm 4. Quick Sort basic idea divide and conquer implementation from the original array, select a benchmark value, filter into two smaller and larger subarrays, and then 215: Given an array that has not been sorted, it is required to find the kth largest numerical solution 1. Sort the array directly, and then get the result solution 2 Quick sort: randomly select a reference value each time, divide the array into a smaller half and a larger half, and then check whether the last subscript of the reference value is"
K_recovery_mechanism_not_field,recovery mechanism,not-field,0,recovery mechanism
K_execution_overhead_computer_science_and_technology,execution overhead,Computer Science and Technology,0,execution overhead
K_execution_state_computer_science_and_technology,execution state,Computer Science and Technology,661,"execution state. Execution status: 】Tool button If the 【Clear All】 tool button is still available after cleaning once, continue to click the tool button until the tool button becomes inexecutable state. (3) Click the [Close] button to close the dialog box. (4) Save the graphics file and exit AutoCAD. Readers need to pay attention to this example. The figure below shows the general model of a centralized scheduler. It can be seen that in this model, the usage status of resources and the execution status of tasks are managed by the central scheduler. Centralized Scheduler According to the above idea, the centralized dispatch port command standards can be listed. In addition to the 6 standard commands, there is an 8-bit status register inside the SPI EEPROM, which is used to feedback the command execution status. The bit definitions of this 8-bit status register are also de facto standards as shown in the following table: Regardless of the write protection feature, bit0 - port command standard. In addition to the 6 standard commands, there is an 8-bit status register inside the SPI EEPROM, which is used to feedback the command execution status. The bit definitions of this 8-bit status register are also de facto standards as shown in the following table: If the write protection feature is not taken into account, bit0 - is passed through this instance. The figure below shows the general model of a centralized scheduler. It can be seen that in this model, the usage status of resources and the execution status of tasks are managed by the central scheduler. Centralized Scheduler According to the above idea, we can list the centralized scheduling that uses the reentrant lock ReentrantLock, but uses AQS in order to implement the non-reentrant feature to reflect the current execution status of the thread. This feature is used in the thread recycling process. The recycling process is shown in the figure below: 2.4.2 Increase of Worker threads increase"
K_execution_system_computer_science_and_technology,execution system,Computer Science and Technology,648,"Execution system: Once you have established a trading system that you are satisfied with, the trading process should ""jump out"". At this time, investors should fully trust the trading system and conscientiously execute the trading instructions issued by the system. This is a test of the company's execution capabilities. Since he is both the chairman and the general manager, a common mistake that investors often make is that once they have established a trading system that they are satisfied with, they should ""jump out"" of the trading process. At this time, investors should fully trust the trading system and conscientiously execute the trading instructions issued by the system. This is a test of the company's execution capabilities. Since he is both the chairman and the general manager, a common mistake that investors often make is that once they have established a trading system that they are satisfied with, they should ""jump out"" of the trading process. At this time, investors should fully trust the trading system and conscientiously execute the trading instructions issued by the system. This is a test of the company's execution capabilities. Since he is both the chairman and the general manager, a common mistake that investors often make is that once they have established a trading system that they are satisfied with, they should ""jump out"" of the trading process. At this time, investors should fully trust the trading system and conscientiously execute the trading instructions issued by the system. This is a test of the company's execution capabilities. Since he is both the chairman and the general manager, a common mistake made by investors is to overestimate the pre-test items of the test. The most important thing in the test implementation phase is to complete the design of test cases and the review of test cases. (4) The test execution phase mainly includes executing system test pre-test items and system test cases, modifying the discovered problems and conducting regression testing, and submitting system pre-test reports, system test reports, defect reports, and test pre-test items. The most important thing in the test implementation phase is to complete the design of test cases and the review of test cases. (4) The test execution phase mainly includes executing system test pre-test items and system test cases, modifying the discovered problems and conducting regression testing, and submitting system pre-test reports, system test reports, and defect reports."
K_scanner_computer_science_and_technology,scanner,Computer Science and Technology,0,scanner
K_batch_system_computer_science_and_technology,batch system,Computer Science and Technology,656,"batch system. Batch processing system: You know, after all, the data is gone after it flows, and you can't make up for what you haven't calculated. So it is a good thing, but it cannot replace the above data warehouse and batch processing system. There is also a somewhat independent module called KV Store, such as Cassandra, HBase, MongoDB and batch processing systems. In the early days, ByteDance also had many businesses using MapReduce/Spark to implement graph algorithms. Thanks to the widespread use of batch processing systems, business students can quickly implement and launch their own algorithm logic. The batch processing system itself is designed to process row data, and its Spark is used to implement graph algorithms. Thanks to the widespread use of batch processing systems, business students can quickly implement and launch their own algorithm logic. Batch processing systems are inherently designed to process row-based data. They can easily distribute workloads across different machines and process large amounts of data in parallel. However, in the batch processing system, ByteDance also had many businesses using MapReduce/Spark to implement graph algorithms in the early days. Thanks to the widespread use of batch processing systems, business students can quickly implement and launch their own algorithm logic. The batch processing system itself is designed to process row data, and its Spark is used to implement graph algorithms. Thanks to the widespread use of batch processing systems, business students can quickly implement and launch their own algorithm logic. Batch processing systems are inherently designed to process row-based data. They can easily distribute workloads across different machines and process large amounts of data in parallel. However, our default operating system is single-core orz. PS I think the answer to this question is correct, but there is a problem with the analysis. Engineers on the front line also agree that the batch processing system cannot achieve parallelism, so it is better to memorize it to get points. In recent years, 408 has gradually matured, and there will no longer be such silly questions."
K_rejection_computer_science_and_technology,rejection,Computer Science and Technology,643,"Rejection: Just book these four rooms. Before the transaction was submitted, another customer came to Xiao Li to reserve a room. Xiao Li checked the system and found that there were no rooms, so he rejected the order. At this time, Xiao Wang's computer failed, the transaction was rolled back, and the order became invalid. This is the impact of dirty reads. 2. Read submitted (rea some improvements. Since Levenshtein Automata is like a directed graph. If a wrong string finally falls into a certain rejection state, you can start a backtracking search from this state to find the words in the automaton that stop in the next acceptance state in lexicographic order. We only need to change the automaton [Language] For a deterministic finite state automaton, if , we say that the automaton accepts the string , otherwise it indicates that the automaton rejects the string . The set of all such strings is called the language of this automaton. [DFA is equivalent] If two DFAs are fragile: ""The favorable results obtained from random events (or certain shocks) are greater than the unfavorable results, which is antifragile, and vice versa."" 3. Rejecting antifragility will make things worse Antifragility is a characteristic of all natural and complex systems that have survived. Everything from the bottom up hopes for a better future under the right amount of stress and chaos. But contrary to expectations, those who rely on predictions tend to take more risks and become more fragile. In contrast, rejecting predictions and maintaining sufficient flexibility is more likely to reduce corresponding risks. 3. The way out given by the Stoics What was characteristic of Lucius Anneus Sene was the rationality with which he made his choices and chose for himself what was most advantageous - the process of evolution being one of trial and error, without rejecting something that was significantly better than something that had been previously possessed. "" Optionality is critical to innovation. Mesopotamia"
K_topological_relation_control_science_and_engineering,topological relation,Control Science and Engineering,123,"Topological relationship: Topological relationship Topological relationships refer to the relationships between spatial data that satisfy the principles of topological geometry. That is, the neighbor topological relationship between entities represented by nodes, arc segments and polygons Topological relationships refer to the relationships between spatial data that satisfy the principles of topological geometry. That is, the adjacency, association, and relationship between entities represented by nodes, arc segments, and polygons."
K_instruction_function_electronic_science_and_technology,instruction function,Electronic Science and Technology,0,instruction function
K_instruction_pointer_register_computer_science_and_technology,instruction pointer register,Computer Science and Technology,0,instruction pointer register
K_instruction_stream_computer_science_and_technology,instruction stream,Computer Science and Technology,651,"instruction stream. Instruction flow: CPU core) may execute arbitrary instructions, which requires instruction memory, decoders, arithmetic units for various instructions, and branch jump processing logic. Since the control logic of the instruction stream is complex, it is impossible to have too many independent instruction streams. Therefore, the GPU uses SIMD (Single Instruction Stream Multiple Data Stream) to allow multiple order memories, decoders, arithmetic units for various instructions, and branch jump processing logic. Since the control logic of the instruction stream is complex, it is impossible to have too many independent instruction streams. Therefore, the GPU uses SIMD (Single Instruction Stream, Multiple Data Streams) to allow multiple execution units to process different data at the same pace. The entry address of the CPU program is determined by the CU and written to the PC. Section 8.5 will introduce the relevant content of the interrupt service in detail, so I will not go into details here. Instruction pipelining technology is the most commonly used method in modern computers to improve the speed of instruction interpretation. Let’s review the methods we learned in previous chapters to increase machine speed. The execution time of operations is not uniform, and there is a certain correlation between instructions. Therefore, it is difficult for the system to achieve absolutely uniform full-load operation. In order to study the factors that affect the instruction pipeline, as shown in the figure, we give a 6-level instruction pipeline, assuming that each period of time is the same. The operations performed by each segment are: FI (fetch instructions) D. There is a certain correlation, so it is difficult for the system to achieve absolutely unified full-load operation. In order to study the factors that affect the instruction pipeline, as shown in the figure, we give a 6-level instruction pipeline, assuming that each period of time is the same. The operations performed by each segment are: FI (instruction fetch) DI (instruction decoding) CO (indirect addressing) FO (execution unit parallel execution In this section, we summarize the instruction pipeline in the CPU and extend it to the general structure and principles of generalized pipeline design. The design of the instruction pipeline is to divide the entire process from fetching, decoding and executing to saving the structure in an instruction cycle into multiple sub-stages, usually divided into"
K_instruction_cache_computer_science_and_technology,instruction cache,Computer Science and Technology,653,"Instruction cache: In one step of optimization, we also divided the cache into two parts. One part is very close to the register and is called the first-level cache, and the rest is called the second-level cache. The first-level cache is further divided into two parts: instruction cache and data cache. The work efficiency of our workshop has improved rapidly, but I don't know who leaked the news. Several other workshops also knew about this technology. For further optimization, we also divided the cache into two parts, one that is very close to the register is called the first-level cache, and the rest is called the second-level cache. The first-level cache is further divided into two parts: instruction cache and data cache. The work efficiency of our workshop has improved rapidly, but I don’t know who leaked the news. Several other workshops also knew about this technology. Instead of vectored interrupts, the interrupt service routine needs to read the interrupt register, decode the interrupt source that caused the interrupt, and then execute the specific interrupt service routine. The instruction cache and prefetch algorithm will continue to fetch instructions before the actual instruction decoding and execution stages, which can shorten the storage wait time of the instruction fetch stage in the design. It is an advanced technology, but the AMD or Intel microprocessors used in computers today all integrate data caches and instruction caches of varying sizes inside the chip, commonly known as L1 cache (L1 Cache, Level 1 On-die Cache, first-level on-die cache ecution) processor, because this processor has a complete mechanism to ensure that the issued instructions are canceled after speculation fails. Unlike the general instruction cache that stores static continuous addresses, the trace cache (Trace Cache) stores a dynamic address sequence based on execution history. This is actually"
K_instruction_decoder_computer_science_and_technology,instruction decoder,Computer Science and Technology,615,"Instruction decoder: itmetic logic unit), its function is to perform arithmetic operations and logical operations. The controller generally consists of an instruction register, an instruction decoder, a timing circuit and a control circuit. Its function is to complete instruction fetching, decode instructions to form various micro-operations and execute instructions, and at the same time control various aspects of the computer: 1. Get an instruction to light the LED from the program memory (internal or external); 2. Input the instruction into the instruction decoder of the CPU, and control the corresponding register according to the result of the decoder (here, the bit of the output register of the GPIO that controls the LED is pulled high); 3. The memory uses an n-line to 2n-line decoder to convert the selected address on the address bus to one of the row address select lines. In CPU design, the instruction decoder is a part of the CPU that converts the bits stored in the instruction register or microprogram instructions into control signals that can control other parts of the CPU. 8 The memory uses an n-line to 2n-line decoder to convert the selected address on the address bus to one of the row address select lines. In CPU design, the instruction decoder is a part of the CPU that converts the bits stored in the instruction register or microprogram instructions into control signals that can control other parts of the CPU. 8 The memory uses an n-line to 2n-line decoder to convert the selected address on the address bus to one of the row address select lines. In CPU design, the instruction decoder is a part of the CPU that converts the bits stored in the instruction register or microprogram instructions into control signals that can control other parts of the CPU. 8 instruction decoder Instruction Decoder (ID) is one of the main components in the controller. Computers can and can only"
K_interface_analysis_computer_science_and_technology,interface analysis,Computer Science and Technology,220,"Interface analysis: For example: errors caused by incorrect use of parentheses in expressions, array subscript out-of-bounds errors, division by zero, floating point calculation errors, etc. 17. Interface analysis ●Interface analysis mainly analyzes interface consistency, such as: interface consistency between modules; interface consistency between modules and external databases; errors caused by incorrect use of parentheses in form input, array subscript out-of-bounds errors, zero divisors, floating point calculation errors, etc. 17. Interface analysis ●Interface analysis mainly analyzes interface consistency, such as: interface consistency between modules; interface consistency between modules and external databases; number of formal and actual parameters in types"
K_interface_standard_computer_science_and_technology,interface standard,Computer Science and Technology,80,"Interface standards: Why is Apple unwilling to use the Micro USB interface standard? 1. The microUSB standard setting organization is OMTP. Take a look at the members of OMTP: Operators: Vodafone, Oran"
K_control_block_computer_science_and_technology,control block,Computer Science and Technology,0,control block
K_control_bus_computer_science_and_technology,control bus,Computer Science and Technology,599,"Control bus: orderly sending of signals Handling interrupts: handling exceptions and special requests Data processing: Complete basic arithmetic/logical operations implemented by hardware External control bus/data bus/address bus The control bus is bidirectional, that is, it transmits the control signals of the CPU and returns the control feedback of the components. The data bus is bidirectional for setting, and the application is relatively flexible. It can realize some bus-level applications, such as I2C bus, various LCD, LED Driver control buses, etc. For the use of IO ports, an important point that must be kept in mind is that for the input port, there must be a clear level signal to ensure that it cannot be floating (data can be transmitted), and the natural pipe is also one-way. Each USB device has at least two endpoints/pipes: they are in the incoming and outgoing directions, numbered 0, and are used to control devices on the bus. According to their respective transmission types, pipes are divided into 4 categories: Once the device (function) is attached to the host controller through the hub of the bus, the host Control Bus (English: Control Bus) is a (part of) computer bus that is used by the central processor to communicate with other devices within the computer. When the CPU is communicating with the device that carries the information on the address bus, and the data bus carries the data to be processed, the control bus carries the commands issued by the CPU and the status signals the device responds to. For example, if data wants to be read or written to the device, the corresponding signal line (read or write) will be enabled (logic zero). There are different numbers and types of signal lines on the control bus, but for microprocessors, they are basic signal lines with common characteristics, such as:"
K_control_flow_analysis_computer_science_and_technology,control-flow analysis,Computer Science and Technology,504,"control-flow analysis. Control flow analysis: S, you can vote for ""..."" Principles of Program Analysis. Data flow, control flow analysis, abstract interpretation, etc. are all involved. Because the example language is relatively simple, it may not be deep enough. Static Program Ana Control flow analysis (CFA), referred to as CFA, is a static code analysis technology that confirms the program control flow. . The control flow will be represented by a control flow graph. For functional programming languages and object-oriented programming, CFA refers to algorithms that calculate control flows. The term control flow analysis was first used by Neil D. Jones[1] and Olin Shivers[2]. For programs like Sc, you can directly see the target of the function call in the program, such as the following program fragment Based on the above program, it is impossible to determine what program f refers to. The control flow analysis in this case needs to consider when this program code will be executed and the value passed in at that time. Abstraction interpretation, constraint compensation, and type systems can all be used for control flow analysis. Table process flow [3]. There are many different kinds of control flow diagrams, such as In software development and system development, control flow charts can be used in control flow analysis, data flow analysis, algorithm analysis and simulation. In real-time systems and data-driven systems, control and data are most suitable to be described. Analysis of these flows can"
K_control_line_chemistry,control line,Chemistry,109,"Control Line: Tool has the following disadvantages: Along with tighter tolerances, multi-axis wire-cut machining centers have added many new features. Such as cutting two parts with multiple lines at the same time, controlling the wear of the line, automatically threading when the line is broken, and optimizing the processing steps. Wire EDM is often used where low residual stress is required because there is almost no cutting"
K_operation_command_computer_science_and_technology,operation command,Computer Science and Technology,109,"Operation command: called vertical microinstruction. The structure of the vertical microinstruction is similar to the structure of the machine instruction. It has an operation code. There are only 1-2 microoperation commands in a microinstruction. The function of each microinstruction is simple. Therefore, the microprogram that implements a machine instruction is much longer than the microprogram written by the horizontal microinstruction. It uses"
K_operational_efficiency_computer_science_and_technology,operational efficiency,Computer Science and Technology,604,"operational efficiency. Operating efficiency: k nut”. Even though the ""Hard Lock Nut"" has become famous around the world, inventor Wakabayashi is still immersed in technological innovation, and has successively developed new products such as the ""Single Nut"" to improve operating efficiency and the ""Bearing Nut"" to prevent bearings from loosening. In addition, they are currently working with the United States, the world's largest aircraft manufacturer, to control which detection method is used. When there are not many free positions in the hash table, the probability of hash collisions will be greatly increased. In order to ensure the operating efficiency of the hash table as much as possible, under normal circumstances, we will try our best to ensure that there is a certain proportion of free slots in the hash table. We use the load factor to determine which detection method is used. When there are not many free positions in the hash table, the probability of hash conflict will be greatly increased. In order to ensure the operating efficiency of the hash table as much as possible, under normal circumstances, we will try our best to ensure that there is a certain proportion of free slots in the hash table. We use load factor, which is related to personal usage habits. My customary holding method is similar to the picture below: 2. Using this gesture, your fingers do not need to leave the main touch area, making the operation more efficient. This is an advantage over pressing the Home button. 3. The response area of this gesture is the entire left border, without the need for precise positioning to a certain position. The precise rotation in the sub-bit gate operation does not require multi-step compound operations to produce the same rotation angle. This improves operating efficiency within the line depth range. Now, do you have a deeper understanding of this ""most powerful"" quantum computer HØ system? Is it just a false name? Precise rotation in I sub-bit gate operation without the need for multi-step compound operations to produce the same rotation angle. This improves operating efficiency within the line depth range."
K_operational_semantics_computer_science_and_technology,operational semantics,Computer Science and Technology,609,"Operational semantics: A method of formalizing the semantics of a computer system by mathematical objects of n) or meaning. Other approaches to formal semantics of programming languages ​​include axiomatic semantics and operational semantics. The denotational semantic approach was originally developed to deal with systems defined by a single computer program. Later the field expanded to systems consisting of more than one program, where complete abstraction helped satisfy security concerns. [10][11] The completely abstract concept is concerned with whether the referential semantics of a program exactly match its operational semantics. The key properties of complete abstraction are: Additional desirable properties that we would like to have between operational and denotational semantics are: long-standing in referential semantics 1] The completely abstract concept is concerned with whether the referential semantics of a program exactly match its operational semantics. The key properties of complete abstraction are: Additional desirable properties that we would like to have between operational and denotational semantics are: The long-standing emphasis in denotational semantics is that full abstraction exists in inductive types, especially natural Operational semantics is a concept in computer science. It is a means of making computer programs more mathematically rigorous. Other similar approaches include providing a more formally rigorous approach. Other similar means include providing formal semantics, including axiomatic and denotational semantics. The operational semantics of a computer language describe how a reasonable program is understood as a sequence of computer steps. These steps are what this program is about. A range of values ​​in functional programming languages. (Because a program may be non-deterministic, in general a program can have many different computation steps and many different return values.) Operational semantics was first used to define the semantics of Algol 68. The following sentence quotes the revised ALGOL 68 report: A strict language code"
K_digital_information_library_and_information_science,digital information,Library and Information Science,216,"Digital Information: The text is the notes of Crash Course Navigating Digital Information, compiled and compiled by UR. In order to allow everyone to surf the Internet normally, with his authorization, the notes are written in CC text as the notes of Crash Course Navigating Digital Information (Crash Course: Digital Information Guide), compiled and compiled by UR. In order to allow everyone to surf the Internet normally, with his authorization, the notes are marked CC"
K_data_file_geographic_information_system,data file,Geographic Information System,654,"Data files: The form of data sorting (ORDER BY) B-Tree in MyISAM is slightly different from that in Innodb: MyISAM table data files and index files are separated. The index file only saves the disk address of the data record. The InnoDB table data file itself is the main index, and the leaf node d Slightly different: MyISAM table data files and index files are separated. The index file only saves the disk address of the data record. The InnoDB table data file itself is the main index, and the leaf node data domain saves complete data records. 2) Hash index: a. Only supports ""="", ""IN"" and is 15? If the table type is myisam, then it is 18. Because the myisam table will record the maximum ID of the auto-incremented primary key into the data file, the maximum ID of the auto-incremented primary key will not be lost when mysql is restarted. If the table type is innoDB, then it is 15. The inno database can ensure that data is never lost: whenever a data block changes, the change vector applied to the block will be written to the redo log. If the data file needs to be restored, the change vector can be extracted and applied to the data file backup through the redo log. Nature The session server process will not redo the change vector applied to the block to the redo log. If the data file needs to be restored, the change vector can be extracted and applied to the data file backup through the redo log. Nature: The session server process does not write redo records directly to the redo log file, otherwise, whenever a DML statement is executed, the form of data sorting (ORDER BY) B-Tree in MyISAM is slightly different from that in Innodb: MyISAM table data files and index files are separated, and the index file only saves the disk address of the data record. The InnoDB table data file itself is the main index, and the leaf node d"
K_data_flow_analysis_computer_science_and_technology,data-flow analysis,Computer Science and Technology,613,"data-flow analysis. Data flow analysis: A programmatic thinking in software analysis. The reason why I made this note is to summarize and facilitate review. After all, reviewing notes is much faster than reviewing videos. When talking about data flow analysis, the key is to first abstractly represent the data (usually using vectors), and then design the transfer function conversion rules and kward, whether it is may or must analysis, which is equivalent to an analysis template. The main contents of this course: IR, data flow analysis, inter-procedural analysis, CFL reachability and IFDS, pointer analysis, abstract interpretation. Theory: Language design, type systems, semantics and logic Environmental applications: program analysis, program verification, program synthesis Technology: Abstract interpretation, Data-flow analysis, Hoare logic, Model checking, Data flow analysis is a technique used to collect information about the values that a computer program computes at different points. A program's control flow graph (CFG) is used to determine to which parts of the program an assignment to a variable may propagate. This information is often used by compilers to optimize programs. A typical example of data flow analysis is the computation of reachable definitions. The simplest form of data flow analysis is to establish a node in the control flow graph. It was invented by Gary Kildall when he was teaching at Naval Postgraduate School. [1] Data flow analysis attempts to obtain specific information at each point in a program. Often, this information is available within the bounds of a basic block because it is easy to compute the information in the basic block."
K_file_allocation_computer_science_and_technology,file allocation,Computer Science and Technology,0,file allocation
K_file_subsystem_computer_science_and_technology,file subsystem,Computer Science and Technology,0,file subsystem
K_file_control_block_computer_science_and_technology,file control block,Computer Science and Technology,104,File Control Blocks: soft has partially removed support for file control blocks (API reserved for DOS 1.x and CP/M) in Windows 95 OSR2 (OEM Service Release 2). The FCB function can read but not write to FAT32 volumes.
K_file_management_computer_science_and_technology,file management,Computer Science and Technology,664,"File management: Taking the input method as an example, it is recommended to directly cancel the shortcut keys in the property settings of the input method. The shortcut keys for WeChat can be modified to another combination in the settings. ⑦ File management and file saving Regarding file management and naming, the previous article ""File Naming Management Method Used by Elites"" has made it relatively clear. It also mentioned how to cancel shortcut keys in the property settings of the method. WeChat shortcut keys can be modified into another combination in the settings. ⑦ File management and file saving Regarding file management and naming, the previous article ""File Naming Management Method Used by Elites"" has already explained it clearly, and also gave an example of PPT production. If you want to know more about it, you can read this article: Shao Yunjiao: What are the magic apps on your phone? Produced by Tencent, it is suitable for office use and is very suitable for file management. It is super awesome. I understand it to be: Desktop file organization + global search + automated cloud disk synchronization A very small tool can definitely cause read and write performance problems on connected storage devices, especially on LAN shared resources. The second is to realize remote management of the router with all functions, such as network settings and file management, instead of being able to operate only under local WiFi, and at the same time adding the function of uploading files to external storage devices. As for JD Cloud Wireless Bao (harename), the folder will appear. Then we link it on each device Win is called mapped network drive. Open it directly in the file management. When you see the mapped network drive above, just follow the screenshot guide link below. Just enter the correct path to the folder. The above table of contents is like a book. Although there are not many pages, it is indeed a treasure. From operating system overview to file systems, process management, file management, I/O management, and more. This is not the most awesome thing. The most awesome thing is that you can download it for free on the right side. Is it irritating or not? Every chapter supports"
K_file_organization_computer_science_and_technology,file organization,Computer Science and Technology,0,file organization
K_file_maintenance_computer_science_and_technology,file maintenance,Computer Science and Technology,0,file maintenance
K_file_lock_computer_science_and_technology,file lock,Computer Science and Technology,326,"File lock: t 5) Use file streaking: use file locks, use fcntl to operate an open file descriptor, and exchange data with the file content; The specific use of file locks (you don’t have to read it) http://blog.csdn.net/hanbo622/article/de Locks are very practical because read-write locks can have shared read locks. For process mutex locks, the efficiency is much higher than that of file read-write locks. Although file lock efficiency is very slow, it is relatively safe. After a process hangs up, if it acquires the mutex lock. Then other processes will block, but this is very slow, but safer. After a process hangs, if it acquires the mutex lock. Other processes will be blocked, but if a file lock is used, the lock will be automatically released. Then the mutex of the thread is more efficient than the mutex of the process. . After all, threads are relatively lightweight. locked"
K_square_wave_signal_not_field,square-wave signal,not-field,0,square-wave signal
K_undirected_graph_computer_science_and_technology,undirected graph,Computer Science and Technology,652,"Undirected graph: familiar. Regarding graphs, there are some concepts that need to be mentioned first. First of all, graphs are composed of vertices and edges. According to the directionality of the edges, they can be divided into directed graphs and undirected graphs (this can be understood by looking at the one-way road on the map). If any two vertices in a directed graph can reach each other, the graph is called a strongly connected graph out-degree table, thereby achieving the purpose of fast search. If you need to count in-degrees, you should also maintain an inverse adjacency table to index the in-degrees. Of course, undirected graphs can record out-degrees and in-degrees together, but they are undirected anyway. In order to overcome the disadvantage of needing to maintain two tables at the same time, people invented the cross-linked list and it is undirected. In order to overcome the disadvantage of needing to maintain two tables at the same time, people invented cross-linked lists and adjacency multiple lists, which are used to process directed graphs and undirected graphs respectively. The cross linked list uses each edge as a node. This node records the arc head and arc tail, and has a head pointer and a tail pointer; each pointer can complete the traversal of the out-degree. The cross-linked list cleverly saves a table. Adjacency multilists are based on improvements to adjacency lists. Since it is suitable for undirected graphs, there is no head and tail, but there are still two pointers. The node structure of the adjacency multiple list is similar to the cross linked list, and is also used for the total number of branches + 1 Binary tree: ordered tree Special cases: full binary tree, complete binary tree, binary sorted tree, balanced binary tree Graphs are divided into directed graphs and undirected graphs. We need to pay attention to the related concepts of connectivity respectively. The basic storage structure is as follows: These two are generalizations of linear tables, and there is basically nothing difficult about them. When placed on a directed graph, the natural local normalization problem of a directed graph will lead to the emergence of the label bias problem, while the undirected graph is naturally global normalized, so it will not fall into the above phenomenon. This is the only difference between CRF and MEMM. Here I strongly recommend a b station U"
K_unordered_list_computer_science_and_technology,unordered list,Computer Science and Technology,309,"Unordered list: In computer science, Quickselect is a selection algorithm that finds the kth smallest element from an unordered list. It is related in principle to quicksort. Like quick sort, it was proposed by Tony Hall, so it is also called unordered list An unordered list is a collection of list items in no particular order, also known as a list of items. In an unordered list, the lists are in a parallel relationship, and the unordered list An unordered list is a collection of list items in no particular order, also known as a list of items. In an unordered list, the lists are in a parallel relationship, and there is no order. Unordered list An unordered list is a collection of list items in no particular order, also known as a list of items. In an unordered list, each list is in a parallel relationship, with no order, and they are marked with a bullet. Use unordered list tag ul"
K_time_efficiency_computer_science_and_technology,time efficiency,Computer Science and Technology,654,"Time efficiency: Then send an alarm to notify the background. At the same time, the background can see the situation of the garbage room in real time through the monitoring system, saving manpower and management costs and improving time efficiency. Putting this kind of monitoring behavior in the background will not cause psychological rejection of users, but also achieve the purpose of monitoring. In this technical background, students understand the thread of the process. The comparison between threads and processes is as follows: For threads, threads can reduce overhead compared to processes, which is reflected in: Therefore, threads are more time efficient and space efficient than processes. We knew earlier that the biggest difference between threads and processes is that threads are the basic unit of scheduling, while processes are newly resized (expanded). The expanded HashMap capacity is twice the previous capacity. The default load factor of 0.75 is a balanced choice for space and time efficiency. It is recommended that you do not modify it, except in special circumstances of time and space. If there is a lot of time and high time efficiency requirements are required, the value of the load factor can be reduced. On the contrary, if the memory space is tight but the time efficiency requirements are not high, the value of the load factor can be increased. This value can be greater than 1. The size field is actually easy to understand. The new resize (capacity expansion), the expanded HashMap capacity is twice the previous capacity. The default load factor of 0.75 is a balanced choice for space and time efficiency. It is recommended that you do not modify it, except in special circumstances of time and space. If there is a lot of memory space and time efficiency is required."
K_time_constraint_computer_science_and_technology,time constraint,Computer Science and Technology,661,"Time constraints: The most important thing is the average response time of the system and the user's ease of use; while the real-time system mainly considers the system behavior in the worst case. (3) Characteristics: time constraints, predictability, reliability, and interactivity with the external environment. (4) Hard real-time (strong real-time): It means that the time requirement of the application should be completely satisfied. This requirement will not have a serious impact on the system operation and environment, such as: monitoring system, real-time information collection system. (6) Task constraints include: time constraints, resource constraints, execution order constraints and performance constraints. 4. Scheduling of real-time systems (1) Scheduling: Given a set of real-time tasks and system resources, it is usually priority-driven scheduling, such as uCOS. The advantages are good real-time performance, fast response, and the scheduling algorithm is relatively simple, which can ensure the time constraints of high-priority tasks; the disadvantage is that there are many context switches. (3) Non-preemptive scheduling: It is usually a schedule allocated according to time slices, which does not allow tasks to be interrupted during execution, and there are few task switches; the disadvantage is that the effective resource utilization of the processor is low and the schedulability is not good. (4) Static table-driven strategy: Before running, the system uses a certain search strategy to generate a running schedule based on the time constraints and relationships of each task, indicating the starting running time and running time of each task. (5) Priority-driven is the average response time of the system and user convenience; while the real-time system mainly considers the system behavior in the worst case. (3) Characteristics: time constraints, predictability, reliability, and interactivity with the external environment. (4) Hard real-time (strong real-time): It means that the time requirement of the application should be completely satisfied. This requirement will not have a serious impact on the system operation and environment, such as: monitoring system, real-time information collection system. (6) Task constraints include: time constraints, resource constraints, execution order constraints and performance constraints. 4. Scheduling of real-time systems (1) Scheduling: Given a set of real-time tasks and system resources, determine"
K_wired_network_computer_science_and_technology,wired network,Computer Science and Technology,653,"wired network. Wired Internet: sufficient. At this point, based on the USB bus, the Type-C port can be used for data transmission (including SD cards), and can also be converted to RJ45 for wired network. Based on the DP bus, the Type-C port can be used as a display interface to connect an external display. In addition, the Type-C port can also charge digital devices. The main differences are: Wireless Access Point, WAP, commonly known as AP, is a device that connects a wireless network to a wired network. It can be used as a separate device, connected to a router through a wired network, or integrated with the router to become a wireless router. For example, access point, WAP, commonly known as AP, is a device that connects a wireless network to a wired network. It can be used as a separate device, connected to a router through a wired network, or it can be integrated with the router to become a wireless router. If a wireless network does not have any wireless access points, it will become a device. The main differences are: Wireless Access Point, WAP, commonly known as AP, is a device that connects a wireless network to a wired network. It can be used as a separate device, connected to a router through a wired network, or integrated with the router to become a wireless router. For example, access point, WAP, commonly known as AP, is a device that connects a wireless network to a wired network. It can be used as a separate device, connected to a router through a wired network, or it can be integrated with the router to become a wireless router. If a wireless network does not have any wireless access points, it will become a beauty. Choose this one. ▼QNAP QSW-308-1C is a small entry-level 10G switch positioned for home use. It supports almost all current wired network interfaces, Gigabit network port + 10G SFP + optical fiber port + 10G electrical port (supports 1G, 2.5G, 5G, 10G rates) ▼Adopted windless"
K_service_system_automation_science_and_technology,service system,Automation Science and Technology,94,service system: service system Service system (English name: Service System) is a socialized technical system. service system Service system (English name: Service System) is a socialized technical system.
K_local_terminal_computer_science_and_technology,local terminal,Computer Science and Technology,0,local terminal
K_machine_cycle_computer_science_and_technology,machine cycle,Computer Science and Technology,666,"Machine cycle: I: The number of instructions that a high-level language program can run on the machine after compilation. CPI: The average number of cycles required to execute each instruction. T: Time per machine cycle. (4) The idea of pipeline: convert the serial execution process of one instruction in the CPU into sub-processes of several instructions, which are executed overlappingly in the CPU I: The number of instructions that a high-level language program can run on the machine after compilation. CPI: The average number of cycles required to execute each instruction. T: Time per machine cycle. (4) The idea of pipeline: convert the serial execution process of one instruction in the CPU into sub-processes of several instructions, which are executed overlappingly in the CPU I: The number of instructions that a high-level language program can run on the machine after compilation. CPI: The average number of cycles required to execute each instruction. T: Time per machine cycle. (4) The idea of pipeline: convert the serial execution process of one instruction in the CPU into sub-processes of several instructions, which are executed overlappingly in the CPU I: The number of instructions that a high-level language program can run on the machine after compilation. CPI: The average number of cycles required to execute each instruction. T: Time per machine cycle. (4) The idea of ​​pipeline: changing the serial execution process of one instruction in the CPU into sub-processes of several instructions, which are overlapping and executed in turns in the CPU. From a macro perspective, it is equivalent to a CPU executing multiple tasks at the same time. In the past, the CPU often required multiple machine cycles when switching tasks. During this time, the CPU could not process any other tasks. For example, a 20 MHz Motorola 68000 processor (198 cycles (fetch-and-execute cycle) refers to the steps that the CPU takes to execute a machine instruction and consists of a number of machine cycles. Different machines decompose instruction cycles in different ways. Some processors decompose each instruction into the same number of machine cycles (even if some simple"
K_label_computer_science_and_technology,label,Computer Science and Technology,646,"Label: and y), so k is needed twice, that is, suc twice. We seem to have accidentally invented de Bruijn's Lambda Calculus. It seems that it is still far from our goal. What can be seen is: According to the above table and y), k is needed twice, that is, suc twice. We seem to have accidentally invented de Bruijn's Lambda Calculus. It seems that it is still far from our goal. What can be seen is: Move the mouse across according to the table above. Then click Ctrl+V to paste it into Mathematica. Note that it is best to bring the formula label when gluing it in. Because it is better to point directly to these labels when describing Mathemtica text later. Because there have been discussions before with collaborators, I feel that it is ok. Note that it is best to bring the formula label when gluing it in. Because it is better to point directly to these labels when describing Mathemtica text later. Because there have been situations before when discussing with collaborators always felt that what was discussed was not the same thing. Later I found out that we were each talking about different things. In the past, when discussing with collaborators, I always felt that what we were discussing was not the same thing. Later I found out that we were each talking about different formulas. It's easy to point to specific formulas if you add labels. Next comes the regular mathematica calculations. Everyone knows this so I won’t go into details. It is mainly used as fuel for automobile ignition internal combustion engines. Various models such as No. 92, No. 95, and No. 98 gasoline represent different octane numbers. The higher the number, the higher the octane number, which means the better the anti-knock performance of the gasoline. When the engine is working, knocking will occur. The better the anti-knock effect of gasoline."
K_stack_overflow_computer_science_and_technology,stack overflow,Computer Science and Technology,603,"Stack overflow: Yes, so we usually limit the size of the call stack. If the number of function nesting levels is too deep, too many execution contexts accumulate in the stack, which will lead to stack overflow. Finally, as shown in the figure below: The essence of setTimeout is to change the synchronous function call into an asynchronous function call. The asynchronous call here is to throw the task into the message queue, and then wait for the main thread to remove the task from the message queue, and then execute the callback function foo, thus solving the problem of stack overflow. To understand the execution timing of microtasks, you only need to remember the following two points: Therefore, the microtasks triggered inside the function must be better than the page stuck inside the function. However, since V8 will exit the call stack of the current foo function every time it executes a microtask, this code will not cause stack overflow. We all know that when v8 executes JavaScript, there are two parts: precompilation and execution of executable code. We know that most of them are very difficult, so the stack space is limited. Because stack space is limited, when we write programs, we often accidentally cause stack overflow. For example, if there are too many levels of nested function loops, or if the data allocated on the stack is too large, it will lead to stack overflow. Because the stack is inconvenient to store large data, when programming, it often causes stack overflow if we are not careful, such as nested function loops. Too many levels, or too large data allocated on the stack will cause stack overflow. It is inconvenient to store large data based on the stack, so we use another data structure to save some large data, which is the ""heap"" and stack ticle/details/88783277), which is also the WP of the third question of pwnable.kr, a simple stack overflow question."
K_probability_computer_science_and_technology,probability,Computer Science and Technology,648,"Probability: lock before doing anything; these locks are collectively called pessimistic locks (Pessimistic Lock) Features: The lock granularity is small, the probability of lock conflicts is low, and the ability to handle concurrency is strong; the overhead is high, locking is slow, and deadlocks may occur. Different storage engines support different lock granularities==: InnoD Through the SELECT statement, InnoDB will not add any locks. Features: low overhead, fast locking, no deadlock; large lock granularity, high probability of lock conflicts, low performance under high concurrency Locking method: Automatic locking. Query operation (SELECT) will automatically add read locks to all tables involved. Is there an updated method for outlier detection? Zhang Rong 144 excellent answerers under the topic Mathematics agreed with this answer. I have written several articles before: probabilistic methods, matrix decomposition, and neural network methods were introduced respectively. (1) Outlier detection algorithm (1) (2) Outlier detection algorithm (2) (3) Outlier detection Know? That is, a pair of particles appears out of thin air next to the black hole, one with positive energy and one with negative energy, with zero energy. Since particles with negative energy have a higher probability of falling into the black hole, the mass of the black hole decreases. The sixth point is to only discuss the Schwarzschild black hole. Inside the black hole, space and time are interchanged, and space is one-dimensional, -agnostic."" Assume that there is an autoregressive language model (note that the sentence at this time is y), and the method of realizing conditional probability in the neural network is self-attention (I guess a mask needs to be added?): Among them, SA represents the self-atten grammar (CFG) and the probability of several key rules that lead to disagreements in the Penn Tree Bank corpus (Hale, 2014, p.84): Based on this probabilistic context fre"
K_simulated_environment_not_field,simulated environment,not-field,0,simulated environment
K_deadlock_detection_computer_science_and_technology,deadlock detection,Computer Science and Technology,660,"Deadlock detection: 0 vertices, then remove all out-degree edges of this vertex, repeat this operation until all vertices are finally removed. Topological sorting can also be used for deadlock detection in complex relationship networks. This is something very industrial and close to management, and is generally not encountered in code projects. In addition, there is something closer to management called AOE network. The third solution is more commonly used in work, which solves deadlocks by controlling the locking sequence: In addition, we can also avoid deadlock by setting a lock time limit or adding deadlock detection: Among them, the most famous algorithm for deadlock detection is the Banker's Algorithm designed by Edsiger Dijkstra in 1965. It solves deadlocks by recording records and controlling the locking sequence: In addition, we can also avoid deadlock by setting a lock time limit or adding deadlock detection: Among them, the most famous algorithm for deadlock detection is the banker's algorithm designed by Ezger Dijkstra in 1965. It is safe by recording the resource vector and maximum demand state in the system. The detection of safe states is similar to the detection of deadlocks, because the safe state must require that deadlocks cannot occur. The following banker's algorithm is very similar to the deadlock detection algorithm and can be combined for reference and comparison. A banker in a small town has promised a certain loan amount to a group of customers. The algorithm source represents a process request to obtain the resource. Figure a can extract the loop, as shown in figure b, which satisfies the loop waiting condition, so a deadlock will occur. Deadlock detection algorithm: The deadlock detection algorithm for one resource of each type is implemented by detecting whether there is a loop in the directed graph. A depth-first search starting from a node can extract the loop, as shown in Figure b. It satisfies the loop waiting condition, so a deadlock will occur. Deadlock detection algorithm: The deadlock detection algorithm for each type of resource is implemented by detecting whether there is a cycle in the directed graph, starting from a node, performing a depth-first search, and marking the visited nodes."
K_deadlock_avoidance_computer_science_and_technology,deadlock avoidance,Computer Science and Technology,440,"Deadlock avoidance: As long as a deadlock occurs in the system, these conditions must be true, and as long as one of the above conditions is not met, a deadlock will not occur. Deadlock avoidance and prevention: The basic idea of deadlock avoidance: The system dynamically checks each resource request issued by the process that the system can satisfy, and decides whether to allocate system resources based on the check results. In addition, it is also necessary to prevent processes from occupying resources while in a waiting state. Therefore, the allocation of resources must be properly planned. The difference between deadlock avoidance and deadlock prevention: Deadlock prevention is to try to destroy at least one of the four necessary conditions for deadlock to strictly prevent the occurrence of deadlock, and deadlock avoidance. The difference between lock avoidance and deadlock prevention: Deadlock prevention is to try to destroy at least one of the four necessary conditions for deadlock to strictly prevent the occurrence of deadlock, while deadlock avoidance is less strict to limit the existence of the necessary conditions for deadlock, because even if the necessary conditions for deadlock exist, deadlock may not necessarily occur. Deadlock avoidance is not so strict in limiting the existence of necessary conditions for deadlock, because even if the necessary conditions for deadlock exist, deadlock may not necessarily occur. Deadlock avoidance is to pay attention to avoid the eventual occurrence of deadlock during the operation of the system. Another: Comparison of locks For a thread's mutex lock, it is more efficient than a thread's read-write lock."
K_deadlock_prevention_computer_science_and_technology,deadlock prevention,Computer Science and Technology,220,"Deadlock prevention: . In addition, it is also necessary to prevent processes from occupying resources while in a waiting state. Therefore, the allocation of resources must be properly planned. The difference between deadlock avoidance and deadlock prevention: Deadlock prevention is to try to destroy at least one of the four necessary conditions for deadlock to strictly prevent the occurrence of deadlock, while deadlock avoidance does not allow processes to occupy resources while in a waiting state. Therefore, the allocation of resources must be properly planned. The difference between deadlock avoidance and deadlock prevention: Deadlock prevention is to try to destroy at least one of the four necessary conditions for deadlock to strictly prevent the occurrence of deadlock, while deadlock avoidance is less strict to limit the occurrence of deadlock."
K_segmented_memory_management_computer_science_and_technology,segmented memory management,Computer Science and Technology,0,segmented memory management
K_segment_table_computer_science_and_technology,segment table,Computer Science and Technology,645,"Segment table: edge pixels As shown in Figure 3-6, C represents the current non-maximum suppressed point, and g1-4 represents its 8-connected neighborhood points. The blue line segment in the figure represents the value of point C of the angle image calculated in the previous step, that is, the gradient direction. The first step is to determine whether the gray value of C is the largest in the 8-value neighborhood. If so, continue. If the degree of the point exceeds the set value, the edge needs to be trimmed. For specific details, please refer to 1 Divide the D-dimensional space into M subspaces of D/M, and perform kmeans clustering in the subspace represented by each segment. 2 Then in each segment, use the number of the closest cluster center in the segment as the index pixel point on the edge. As shown in Figure 3-6, C represents the current non-maximum suppression point, and g1-4 is its 8-connected neighborhood point. The blue line segment in the figure represents the value of point C of the angular image calculated in the previous step, that is, the gradient direction. The first step is to determine whether the gray value of C is the largest in the 8-value neighborhood. If so, continue to the edge pixels. As shown in Figure 3-6, C represents the current non-maximum suppressed point, and g1-4 represents its 8-connected neighborhood points. The blue line segment in the figure represents the value of point C of the angle image calculated in the previous step, that is, the gradient direction. The first step is to determine whether the gray value of C is the largest in the 8-value neighborhood. If so, continue segment separation. The virtual address under the segmentation mechanism consists of two parts, the segment selector and the offset within the segment. Above, we know that the virtual address of the program is mapped to the physical address through the segment table. The segmentation mechanism will divide the virtual address of the program into 4 segments. Each segment has an item in the segment table. Find the address in the physical memory. We know that the virtual address is mapped to the physical address through the segment table. The segmentation mechanism will divide the virtual address of the program into 4 segments. Each segment has an item in the segment table. Find the base address of the segment in this item, plus the offset, so you can find the address in the physical memory, as shown below: If you want to visit"
K_segment_length_computer_science_and_technology,segment length,Computer Science and Technology,657,"segment length. Paragraph length: 55) are also skeptical like us. Gauss changed his thinking framework and thought through probability and statistics. Let's go back to the original problem of measuring the length of a line segment. Gauss thought, and obtained these values by measuring: There is an error between each measurement value and the true value of the line segment length: Think of these misconceptions as one set. Let's go back to the original problem of measuring the length of a line segment. Gauss thought, and obtained these values by measuring: There is an error between each measurement value and the true value of the line segment length: These errors will eventually form a probability distribution, but now we don’t know what the probability distribution of the errors is. The hypothesis is that they have very precise rulers, and they can measure even the length above. So, the alien regarded the above string of numbers as a length, found a position on the spacecraft, and accurately marked the length. So, it used these two scales to store all the information of the earth. It sounds like they can measure it. So, the alien regarded the above string of numbers as a length, found a position on the spacecraft, and accurately marked the length. So, it used these two scales to store all the information of the earth. It sounds amazing. You can actually use a scale to store the entire earth. That is to say, they have very precise rulers. Even if they are as long as the top, they can measure it. So, the alien regarded the above string of numbers as a length, found a position on the spacecraft, and accurately marked the length. So, it used these two scales to store all the information of the earth. It sounds like they can measure it. So, the alien regarded the above string of numbers as a length, found a position on the spacecraft, and accurately marked the length. So, it used these two scales to store all the information of the earth. This sounds amazing. You can actually store the entire earth in one scale."
K_active_partition_computer_science_and_technology,active partition,Computer Science and Technology,448,"active partition. Activity partition: Active partition refers to a state of the primary partition of the disk. The purpose of marking a partition as an active partition is to allow the operating system to boot from this partition, so the partition of the operating system is usually Active partition refers to a state of the primary partition of the disk. The purpose of marking a partition as an active partition is to allow the operating system to boot from this area, so the operating system partition is usually marked as an active partition. There are several ways to mark a partition as a primary partition. The purpose of marking a partition as an active partition is to allow the operating system to boot from this area, so the operating system partition is usually marked as an active partition. There are many ways to mark a partition as active. Here are some common methods: Finally, store the data files on another floppy disk. The earliest hard drives were codenamed ""C"" and ""D"". DOS allows only one active partition on a hard drive. As the number of supported hard disks increases, the naming method of the disk code has evolved into: first assign the disk code to the activity of each hard drive. Only the first sector of the disk (sector) is loaded and run, and the code in the MBR is known before the disk split message is known; and it is the place responsible for loading the VBR that boots the active partition. If you boot from ""a disk with no operating system installed"", the screen will display ""Please Insert"
K_test_driver_computer_science_and_technology,test driver,Computer Science and Technology,0,test driver
K_depth_first_search_computer_science_and_technology,depth-first search,Computer Science and Technology,673,"Depth-first search: An abstract expression of a directed acyclic graph, defining which graph vertices are and how the vertices are related to each other. 2. Breadth-first search or depth-first search can be used to perform topological sorting to select a vertex with no predecessor (in-degree 0), output, and then delete the vertex and related directed edges to repeat the above operation. B-tree traversal (B-tree traversal). This is a classic example of BFS (Breadth First Search) or DFS (Depth First Search). At Uber, the team built many tools for visualizing nodes, dependencies, and the connections between them. There will be a lot of noise, but there is no detailed analysis of this. The paper also points out that DeepWalk uses random walks to capture neighboring relationships, which is more like a depth-first search; while LINE's method is more like a breadth-first search, which is relatively more reasonable. GF in the above figure represents graph factor articles Several algorithm interview questions related to ""Breadth-First Search"" A first introduction to breadth-first search and problem-solving routines A new look at depth-first search from a simple binary tree problem Detailed explanation of binary search algorithm Catch them all! Comprehensive analysis of binary search problem-solving templates and question types Interviewer, I can write binary search method! Yes, there is no b and answer The stupid fruit on the stupid tree: learning binary search trees A brief summary of LeetCode binary tree problems A new look at depth-first search from a simple binary tree problem Several algorithm interview questions related to ""binary trees"" Detailed explanation of what is a balanced binary tree (AVL) (revised and supplemented edition) [Interview Site] Why has it been visited? Whether it is a visible face? Use flag bits to determine which edges are critical edges. Using this surface data structure, given a surface, each surface on the convex hull can be traversed through depth-first search or breadth-first search, as shown in Figure 2. Using width-first search to traverse the convex hull, the number on the triangle represents the search."
K_point_to_point_connection_communication_science_and_technology,point-to-point connection,Communication Science and Technology,0,point-to-point connection
K_privileged_instruction_computer_science_and_technology,privileged instruction,Computer Science and Technology,0,privileged instruction
K_user_process_computer_science_and_technology,user process,Computer Science and Technology,652,"User process: PU has a concept of privilege level. The kernel runs at the highest level, called Ring0, and user programs run at Ring3. Under normal circumstances, user processes run at the Ring3 level, but peripherals such as disks and network cards can only be accessed at the kernel Ring0 level. Therefore, when we use the only asynchronous communication mechanism in the user mode mechanism, because a signal can be sent to a certain process at any time, once a signal is generated, we have the following ways for the user process to handle the signal. 1. Perform the default action. Linux specifies default actions for each signal. For example, the S PU in the above list has a concept of privilege levels. The kernel runs at the highest level, called Ring0, and user programs run at Ring3. Under normal circumstances, user processes run at the Ring3 level, but peripherals such as disks and network cards can only be accessed at the kernel Ring0 level. So when our user state is a thread. Threads are the basic unit of independent scheduling and dispatch. Threads can be kernel threads scheduled by the operating system kernel, such as Win32 threads; user threads scheduled by the user process themselves, such as POSIX Thread on the Linux platform; or kernel and user processes, such as Window in32 threads; user threads scheduled by the user process themselves, such as POSIX Thread on the Linux platform; or mixed scheduling by the kernel and user processes, such as Windows 7 threads. Multiple threads in the same process will share all system resources in the process, such as virtual threads. Threads are the basic unit of independent scheduling and dispatch. Threads can be kernel threads scheduled by the operating system kernel, such as Win32 threads; user threads scheduled by the user process itself, such as POSIX Thread on the Linux platform; or between the kernel and user processes, such as Window"
K_telephone_system_computer_science_and_technology,telephone system,Computer Science and Technology,653,"Telephone System: ?What is the function of signaling? Signaling refers to the control instructions in the communication system. The main purpose of the early communication system (actually the telephone system) was to establish a voice interaction channel. At that time, the call connection was done manually. The kind of rocker phone that you can often see in the movie uses a satellite phone [9]. There are many ways a satellite phone system can be constructed. There is usually a local phone system in an isolated area that is connected to phone systems in other areas, and there are also services that load radio signals into the phone system. In this case, satellite phone systems can be used with almost all types of satellites. There is usually a local phone system in an isolated area that is connected to phone systems in other areas, and there are also services that load radio signals into the phone system. In this case, satellite phone systems can use almost all types of satellites. Another way is to directly connect the satellite phone to the geostationary satellite or use a satellite phone [9]. There are many ways a satellite phone system can be constructed. There is usually a local phone system in an isolated area that is connected to phone systems in other areas, and there are also services that load radio signals into the phone system. In this case, satellite phone systems can be used with almost all types of satellites. There is usually a local phone system in an isolated area that is connected to phone systems in other areas, and there are also services that load radio signals into the phone system. In this case, satellite phone systems can use almost all types of satellites. Another way is to directly connect satellite phones with geostationary satellites or ltiplexing (TDM)"" (or ""time division multiplexing"", ""time division multiplexing""), which is very widely used, such as modern public telephone systems. There are many ways to build a real device that handles modulation. In a real system, this device is usually placed on a single chip and paired with a"
K_circuit_logic_not_field,circuit logic,not-field,0,circuit logic
K_directory_structure_computer_science_and_technology,directory structure,Computer Science and Technology,626,"Directory structure: A small script of lines. The data framework is mainly implemented using Golang channel select goroutine. Directory structure Core configuration csink.ini Plug-in configuration testplugin.ini See if this configuration takes up external memory space with Flum. Users and applications can obtain system information through proc and change certain parameters of the kernel. proc/directory structure (part): proc//directory structure (part): Log files under /var/log/: to obtain system information through proc, and to change some parameters of the kernel. proc/directory structure (part): proc//directory structure (part): Log files under /var/log/: Question, the article will not involve too much mathematical derivation, but will simply explain the principles of the model intuitively, and the main content will focus on the code part. The directory structure of this article is as follows: First, let’s clarify the concept of named entity recognition: For example, if there is such a sentence: Then the task of NER is that the executable program from will also be in the engine directory. In addition, there is also a way to put it in the current project directory, just create an empty project, in the Source folder of its directory structure, create two folders Programs and Runtime in the UE4 project directory of the imitating engine, and rename everything to MyBlankProgram). Assuming that our project name is UtilityProgram, the new directory structure is: Then regenerate the VS project and open it again. Found that the MyBlankProgram project was placed in the Solution root"
K_relative_address_computer_science_and_technology,relative address,Computer Science and Technology,548,"Relative address: The column name [corresponding series] is also clear at a glance. If you don't add a name, you have to change it to =F22:F26. You also have to consider absolute addresses and relative addresses, which is very troublesome. Picking a good name is half the battle~ Slicer: The slicer was born in 2010. It is actually a more beautiful version. After the PU enters 32-bit, the register size is enough to fit the entire memory address, so there are no intra-segment and inter-segment jumps. However, there is still a difference between relative addresses and absolute addresses, which will be analyzed in detail later. Many books mention direct jumps and indirect jumps, immediate addressing and memory addressing. These startup messages will result in the following error message: We calculated the relative address of the faulty function in libQtWebkit.so.4.8.1: A1E7F9. Then use gdb to debug the disassembly code and locate the machine code that caused the error as shown below: After preliminary analysis, we believe that the column name [corresponding series] is also clear at a glance. If you don’t add a name, you have to change it to =F22:F26. You also have to consider absolute addresses and relative addresses, which is very troublesome. Picking a good name is half the battle~ Slicer: Slicer was born in 2010. It is actually a more beautiful, simple executable format and boot loader. In other cases, the entry point is at some other known memory address, which can be an absolute address or a relative address (offset). As an alternative, program execution can begin at a named point, either a convention name defined by the programming language or operating system, or"
K_hardware_fault_computer_science_and_technology,hardware fault,Computer Science and Technology,655,"hardware fault. Hardware Failure: Multiple drives in D can work in parallel, providing faster read and write speeds. In addition, RAID can also provide a certain degree of fault tolerance, including hardware failure. When a single drive fails, you will have difficulty accessing the data and may even lose all data completely, but some RAID configurations can allow at most one protocol number to be sent to itself and the other protocol numbers to be sent to itself. No matter which Checksum is used, it only protects against gentlemen, not villains! It can prevent hardware failures, software bugs, signal interference, poor lines, and human misoperation, but it cannot prevent people from deliberately tampering with message fields. However, Checksum is sent to yourself and other protocol numbers are sent to you. No matter which Checksum is used, it only protects against gentlemen, not villains! It can prevent hardware failures, software bugs, signal interference, poor lines, and human misoperation, but it cannot prevent people from deliberately tampering with message fields. However, Checksum interrupts are used for program debugging, such as transfer instructions to the management program. 2. Programmatic accidents, overflows, unrecognizable operation codes, illegal division, etc. 3. Hardware failure, such as memory failure to write, disk bad sectors, CPU overheating, power failure 4.I/O device input and output processing 5. External events, such as regional failures such as earthquakes, and the ability to provide nearby service users), multi-cloud (to avoid the overall service failure of the cloud provider), multi-instance (to avoid common hardware failures), load balancing (to avoid single machine failures), active and backup databases; and at the business system level, 1. Consider the business system to be as modular as possible at the beginning of the design, and each operating environment. The errors and failures that may occur in this environment are the sources of failures that distributed database systems need to deal with. Software or hardware failure of any node in the cluster, or network connection failure between any nodes, may affect the normal operation of the cluster. Due to its natural complexity, this environment is prone to failure"
K_disk_image_computer_science_and_technology,disk image,Computer Science and Technology,659,"Disk image: . The introduction in this article is based on 64NIC+ network card. Next we need to start the KipperTerm 2 software, which can be downloaded as a disk image here: retrohackers.com • View topic Generally I would use Ultimate-II segment marking partition size instead of the default ""cylinders""). Here is fdisk output for a file that does not contain a valid disk image: The output, which includes a valid file system, is similar to the following: As you can see here, a FAT1. The introduction in this article is based on 64NIC+ network card. Next we need to start the KipperTerm 2 software, which can be downloaded as a disk image here: retrohackers.com • View topic Generally speaking, I will use Ultimate-II for prevention, especially to record, back up and protect critical business data and processes in a timely manner. See[edit] risk management standard operating procedures disk image en:Businesscontinuityplanning External links[edit] DataRecove retrieves files and storage on a special computer. File servers usually have larger storage capacity than ordinary personal computers and have some other features, such as disk mirroring, multiple network interface cards, and hot redundant multiple power supplies. Later, file servers evolved into specialized computers with RAID storage subsystems and other high-availability retrieval files and storage. File servers usually have larger storage capacity than ordinary personal computers and have some other features, such as disk mirroring, multiple network interface cards, and hot redundant multiple power supplies. Later, file servers gradually evolved with RAID storage subsystems and other high-availability"
K_disable_interrupts_computer_science_and_technology,disable interrupts,Computer Science and Technology,544,"Disable interrupts: Embedded operating systems (often real-time operating systems) or designated programmers ported to these new systems. Embedded systems come with startup code that typically disables interrupts, sets electronics parameters, tests the computer (RAM, CPU, and software), and then starts the application running. Many embedded systems are migrated from ephemeral embedded operating systems (often real-time operating systems) or designated programmers to these new systems. Embedded systems come with startup code that typically disables interrupts, sets electronics parameters, tests the computer (RAM, CPU, and software), and then starts the application running. Many embedded systems are migrated from ephemeral embedded operating systems (often real-time operating systems) or designated programmers to these new systems. Embedded systems come with startup code that typically disables interrupts, sets electronics parameters, tests the computer (RAM, CPU, and software), and then starts the application running. Many embedded systems are temporarily prohibited from changing the processor when the thread (Thread) enters the critical section; on uni-processor systems, this can be accomplished with ""disable interrupts (CLI)"" to avoid context switches (Context sw) caused by system calls (System Call). Embedded operating systems (often real-time operating systems) or designated programmers to migrate to these new systems. Embedded systems come with startup code that typically disables interrupts, sets electronics parameters, tests the computer (RAM, CPU, and software), and then starts the application running. Many embedded systems evolve from ephemeral"
K_program_instruction_electronic_science_and_technology,program instruction,Electronic Science and Technology,108,"Program instructions: PU's memory access request. This memory may be data or instructions. The instructions may be OS or interrupt-related codes instead of the program instructions we are concerned about. It may also be page table data. In short, there are too many interferences, so the process must be very difficult for Jintide to achieve the current results."
K_program_check_computer_science_and_technology,program check,Computer Science and Technology,109,"program check. Program Detection: Correct response. If the response of the device under test is consistent with the expected response, you know that the circuit is normal, otherwise it is a test error. In order to facilitate the use of test programs to detect errors, testability design cannot be ignored during the circuit design stage. After the testability design rules are confirmed and improved, the automatic test pattern generator can be used to"
K_program_state_computer_science_and_technology,program state,Computer Science and Technology,654,"program state. Program status: Additional information is given in the file (/var/log/messages), including the reason for program termination, fault address, and a brief register dump containing the program status word (PSW), general registers, and access registers. eg: Mar 31 11:34:28 l02 W is a register used by computer hardware designers to centrally store a large number of various types of hardware/software information. It is invisible to users. By switching the program status word, the program execution site can be exchanged. An instruction cycle is the total time it takes to complete an instruction Completing an instruction can be divided into the fetch phase (reading the instruction at the new address), which saves the state of the program, calculates which system call should be called, calls the function in the kernel that implements which system call, restores the user program state, and then returns control to the user program. System calls are a way in which functions defined in the device driver are eventually called. In Linux, it is the Dikin-walk algorithm) to generate new inputs. This sampling method ensures that new inputs uniformly cover the given search space and ensures the diversity of program state searches. After sampling the input, PANGOLIN still maintains offline polyhedral path extraction for continuous fuzz testing (xiomatic semantics) is the use of mathematical logic to prove program correctness. The meaning of the commands in the program is described through the assertion effect on the program state. Assertions are logical statements - predicates with variables that define the state of the program. Axiom: Hardware interrupts cause the processor to save execution status (mainly register information such as program counter and program status word) through a running information switch (context switch); software interrupts are usually used as an instruction in the CPU instruction set to directly indicate this running information in a programmable manner."
K_program_status_word_not_field,program status word,not-field,0,program status word
K_program_status_word_register_computer_science_and_technology,program status word register,Computer Science and Technology,0,program status word register
K_program_transformation_computer_science_and_technology,program transformation,Computer Science and Technology,648,"program transformation. Program conversion: ke)'s doctoral thesis [2] in 1993 was the first famous article on reconstruction, even though all the theories and mechanisms have long existed in program conversion systems. All these resources provide a catalog index of commonly used refactoring methods - all refactoring methods need to be described, including how to identify what you need (ke)'s 1993 doctoral thesis [2] is the first famous article on refactoring, even though all the theory and mechanism have long existed in program transformation systems. All of these resources provide an index of commonly used refactoring methods—all refactoring methods need to be described, including how to identify what you need (based on Kleene's recursion theorem, first introduced in their work on program transformation. [8] Burstall, MacQueen, and Sannella then introduced polymorphic type checking in ML The user will know that this code is unsafe compared to other code. The compiler requires the unsafe keyword to convert the program that uses this code to allow it to be compiled. In general, the use of unsafe code may be for better interoperability with unmanaged APIs (English: Kleene's recursion theorem) and was first introduced in their program conversion work [8]. Then Burstall, MacQueen and Sannella introduced ML's polymorphic type checking in their doctoral thesis [2] in 1993, but it was the first famous article on refactoring, even though all the theories and mechanisms have long existed in program transformation systems. All of these resources provide an index of commonly used refactoring methods—all refactoring methods need to be described, including how to identify what you need ("
K_second_generation_computer_computer_science_and_technology,second-generation computer,Computer Science and Technology,333,"second-generation computer. Second generation computers: ·Under the leadership of Noyce, the integrated circuit was invented. Microprocessors were soon introduced. Computers designed between 1959 and 1964 are generally called second-generation computers. By the 1960s, transistor computers replaced them. Transistors are smaller, faster, cheaper, and more reliable. Under the leadership of Noyce, the integrated circuit was invented. Microprocessors were soon introduced. Computers designed between 1959 and 1964 are generally called second-generation computers. By the 1960s, transistor computers replaced them. Transistors are smaller, faster, cheaper, and more reliable. Under the leadership of Noyce, the integrated circuit was invented. Microprocessors were soon introduced. Computers designed between 1959 and 1964 are generally called second-generation computers. By the 1960s, transistor computers replaced them. Transistors are smaller, faster, cheaper and more reliable"
K_algorithm_correctness_computer_science_and_technology,algorithm correctness,Computer Science and Technology,228,algorithm correctness. Algorithmic correctness: Algorithmic correctness Algorithmic correctness means that the algorithm should give the correct result after a finite number of steps for any legal input. The proof of algorithm correctness includes two aspects: Algorithm correctness Algorithmic correctness means that the algorithm should give the correct result after a finite number of steps for any legal input. Proving the correctness of the algorithm includes two aspects: ① Proving the correctness of the algorithm Algorithmic correctness means that the algorithm should give the correct result after a finite number of steps for any legal input. Proving the correctness of an algorithm includes two aspects: ① proving that the proposition about the relationship between input and output is correct; ② proving that the formulas and calculation methods in the algorithm are correct. just
K_management_subsystem_management_science_and_engineering,management subsystem,Management Science and Engineering,0,management subsystem
K_managed_file_computer_science_and_technology,managing files,Computer Science and Technology,659,"managing files. Manage files: A ""keychain"" for shared files is generated. When you need to change the shared files, you can enter the ""Sharing"" page, select a single task, and right-click to open the ""Manage Files"" page. On the file sharing management page, you can add or remove files (as shown below). Finally, click Save and all files will be updated. Update required to decide whether to partition. Generally, partitioning is not recommended for small-capacity solid-state drives. For large-capacity solid-state drives and mechanical hard drives, partitioning is not only beneficial for file management, but also plays a backup role. Why not? Disk partitioning is actually very simple. Win10 system can now perform 1800g level directly within the system. However, these application scenarios are different. Although the CPU is not good at computing, it is good at management and scheduling, such as reading data, managing files, human-computer interaction, etc. It has many routines and auxiliary tools. In comparison, DSP has weaker management and stronger calculations. Both of these rely on high frequency to solve the problem. This knowledge point is particularly important. Only after understanding these three areas will the operation of git become easy. When using Git to manage the file system, some configurations are required, such as the configuration of user information. Git management file system is mainly divided into three levels, as shown below (it will appear very easy. When using Git to manage the file system, some configurations are required, such as the configuration of user information. Git management file system is mainly divided into three levels, as shown below (PS: Just entering the following commands will not work) The git cornerstones have been used a bit above. The operating system needs to handle basic tasks such as managing and configuring memory, prioritizing system resource supply and demand, controlling input and output devices, operating networks, and managing file systems. The operating system also provides an operating interface that allows users to interact with various computer devices. concurrency"
K_system_interrupt_computer_science_and_technology,system interrupt,Computer Science and Technology,242,"System interrupt: stm32 clock system interrupt processing 1. Set the appropriate clock First, you need to open GPIOB, GPIOC and GPIOE (because the other end of the button is connected to the address of the pointer of the interrupt program) - then, either print out all the secrets of the operating system, or replace the system interrupt service with a function you wrote. Or, you can directly write command words to the IO port where the hard disk is located to control the microcontroller system integrated on the hard disk circuit board to perform tasks. You can also stm32 clock system interrupt processing 1. Set the appropriate clock First you need to open GPIOB, GPIOC and GPIOE (because the other end of the button is connected to"
K_system_kernel_computer_science_and_technology,system kernel,Computer Science and Technology,654,"System Kernel: The longest. However, it only takes a few seconds for your computer to start up after shutting down? Because your computer is not really ""shut down"" at all. ""Sleep mode"" will store the system kernel, driver, session, running status and other data in ""memory"", because the memory read and write speed is very fast, and most of the data itself is in ""memory"", then load the context of the new task into these registers and program counter, and finally jump to the new location pointed by the program counter to run the new task. The system kernel will store the persisted context information. When this task is assigned to the CPU for execution again, the CPU will reload these contexts, thus uploading and downloading files on the target machine. There is also a key vocabulary in the game called Shell. Shell is a real vocabulary and is the way for the outside world to interact with the system kernel. There are imperative ones, like the terminals of Mac and Linux, and the CMD command line of Windows. There are also passive upgrades in the form of graphics. There are so many things like ocx, com, atl, ole, and dx1-7 that can be used to torment people. The system kernel GUI, network, multimedia, and a large number of APIs are coupled together. In the end, a simple Office can be passively upgraded like Windows. There are so many things like ocx, com, atl, ole, and dx1-7 that can be used to torment people. The system kernel GUI, network, multimedia, and a large number of APIs are coupled together. Ultimately a simple one like Office and Windows requires the actual physical memory address to be accessed. When the virtual address accessed by the process cannot be found in the page table, the system will generate a page fault exception, enter the system kernel space to allocate physical memory, update the process page table, and finally return to the user space to resume the operation of the process. Since the memory space is divided in advance,"
K_system_boot_computer_science_and_technology,system boot,Computer Science and Technology,643,"system boot. System startup: fixed hard drive, optical drive, router) The bottom motherboard closest to the mezzanine serves as the ""master node"" - the main control motherboard, which connects the hard disk, optical drive (optional), etc. The system is also operated from this part when starting up/shutdown/restarting. Other motherboards are used as ""branch nodes"" and are started using the PXE network boot method. Top two different iOS systems). If you find such a vulnerability, Apple's $1 million bounty is waiting for you. 2. Partition. To perform dual system booting or completely flash Android, you must partition the flash memory/completely change the file system. iOS does not provide a public API, and there is no garbage left during life (manual @360 big hooligan 2345 little hooligan) 10. Finally, these things will appear on your USB flash drive. Please do not touch it. The system boot disk tutorial ends here. First, insert the U disk into the USB interface of the computer (preferably the one directly connected to the motherboard on the back of the chassis) (I don’t know the USB interface. Share the software I use daily - Installing the Operating System - Ventoy Today I would like to share with you a system boot disk artifact that can install multiple operating systems. He is Ventoy Official introduction to Ventoy Introduction to Ventoy is a production process, and the process is not simple. In addition, kernel programming is all C language and assembly level operations, and it is extremely troublesome to debug when something goes wrong. Take system startup as an example. Before entering protected mode or long mode, the page table and CPU mode are constantly switching. After entering protected mode, you also need to refresh it once or twice (G fixed hard disk, optical drive, router) The bottom motherboard closest to the mezzanine serves as the ""master node"" - the main control motherboard, which connects the hard disk, optical drive (optional), etc. The system is also operated from this part when starting up/shutdown/restarting. Other motherboards are used as ""branch nodes"" and are started using the PXE network boot method. top"
K_system_call_table_not_field,system call table,not-field,0,system call table
K_system_configuration_computer_science_and_technology,system configuration,Computer Science and Technology,652,"System configuration: The extended design method makes it easier for researchers and engineers to embed their own designed modules and quickly implement tasks. In addition, manageable system configuration can make its application more flexible and easy to complete a variety of tasks. FastReID is able to provide a fair comparison between different methods. This open source library allows people to quickly insert newly designed modules into any part of the system, and can help researchers and engineers quickly experiment with new ideas. 2) The system configuration is highly manageable and can uniformly configure model structure, model training, model evaluation, and model deployment into YAML files. The backbone of the customizable model structure and the extensible design method make it easier for researchers and engineers to embed their own designed modules and quickly implement tasks. In addition, manageable system configuration can make its application more flexible and easy to complete a variety of tasks. FastReID is able to provide a fair comparison between different methods. Our enthusiastic approach to extensible design makes it easier for researchers and engineers to embed their own designed modules and quickly implement tasks. In addition, manageable system configuration can make its application more flexible and easy to complete a variety of tasks. FastReID is able to provide a fair comparison between different methods. This open source library allows people to quickly insert newly designed modules into any part of the system, and can help researchers and engineers quickly experiment with new ideas. 2) The system configuration is highly manageable and can uniformly configure model structure, model training, model evaluation, and model deployment into YAML files. The backbone of the customizable model structure and the extensible design method make it easier for researchers and engineers to embed their own designed modules and quickly implement tasks. In addition, manageable system configuration can make its application more flexible and easy to complete a variety of tasks. FastReID is able to provide a fair comparison between different methods. We are passionate"
K_index_value_not_field,index value,not-field,0,index value
K_error_correction_computer_science_and_technology,error correction,Computer Science and Technology,538,"Error correction: Fuzzy search & automatic error correction——Fuzzy Query by Levenshtein Automata In Automata, the search engine we use every day In the search engines we use every day, there is such a simple little feature that is often overlooked - fuzzy search and automatic error correction. When we enter an incorrect word, similar results will be returned. This small function requires high efficiency to provide a good user experience, but the brain is blank when answering. . . Then I heard the professor ask me: ""Are you sure?"" I just knew I was done. Then she started to correct my mistakes, which was really embarrassing! If the first question disrupted my position, the second question hit my self-confidence. Woo hoo, I felt like it later, but my mind was blank when I answered. . . Then I heard the professor ask me: ""Are you sure?"" I just knew I was done. Then she started to correct my mistakes, which was really embarrassing! If the first question disrupted my position, the second question hit my self-confidence. Woo hoo, it feels like the first academic paper on loyalists was published only in 2000. By this time, it had already become a niche academic issue. As for Trump, it has been proved that the United States has the ability to ""correct"" as well as ""correct"". . . . Detailed usage of the high school error correction book? ? ? Mathematics error correction book. Many people think that after accumulating so many wrong questions, they actually don’t read them and it is of no use at all, or they just write a lot in a hurry to cope with the teacher’s homework."
K_thread_control_block_computer_science_and_technology,thread control block,Computer Science and Technology,110,"Thread control block: Many-to-many relationship, that is, multiple user threads correspond to multiple kernel threads: User threads are implemented based on the user-mode thread management library, and the Thread Control Block (TCB) is also implemented in the library, which is invisible to the operating system."
K_thread_management_computer_science_and_technology,thread management,Computer Science and Technology,655,"Thread management: Processes and tasks are decoupled and not directly related, so that tasks can be buffered well and threads can be reused. The operation of the thread pool is mainly divided into two parts: task management and thread management. The task management part plays the role of the producer. When the task is submitted, the thread pool will determine the subsequent flow of the task: (1) directly apply for the thread to execute the task; (2) directly apply for the thread to execute the task; (2) buffer it in the queue and wait for the thread to execute; (3) reject the task. The thread management part is the consumer. They are uniformly maintained in the thread pool and allocate threads according to task requests. When the thread completes the task, it will continue to obtain a new kernel thread: The third type is a many-to-many relationship, that is, multiple user threads correspond to multiple kernel threads: User threads are implemented based on the user-mode thread management library, and the Thread Control Block (TCB) is also implemented in the library. The operating system cannot see this TCB, it can only see the PCB of the entire process. Therefore, the operating system is not directly involved in the entire thread management and scheduling of user threads. Instead, thread management is completed by user-level thread library functions, including thread creation, termination, synchronization, and thread management. This model belongs to this model. N : 1 mode Multiple user threads correspond to one LWP and then to one kernel thread, as shown in process 2 in the figure above. Thread management is completed in user space. In this mode, user threads are invisible to the operating system. M : N mode How appropriate it is to mix and match a language that drives multiple temperaments based on the previous two models! Compared with multi-threaded languages, it does not have to consume too much system overhead, and it does not have to focus on multi-thread management. Compared with synchronous execution languages, the asynchronous and event-driven mechanism of the host environment allows it to achieve non-blocking I/O, so you should know what it is suitable for."
K_end_marker_not_field,end marker,not-field,0,end marker
K_cache_computer_science_and_technology,cache,Computer Science and Technology,643,"Cache: long sql; explain and analyze whether sql is indexed, sql optimization; 3. Check whether other subsystems are normal and whether it is caused by cache failure. You need to check the buffer hit rate; 4. Turn on the slow query log and view the SQL of the slow query. 6. MyISA, then the height of the tree increases by 1. It is very difficult to safely delete the top level (multiple processes have caches of the node page in memory; no matter how deleted, there will be a path to the root node, and each node on this path has a child node). fast A shouted loudly when the elk was ordering, I want the same thing as the elk (sending the command). 9: The chef heard it and made one more burger (the burger enters the cache, CPU predicts instructions & executes out of order). Paparazzi A is suspected of infringing on the privacy of Elk and is expelled X2! (Illegal reading is discovered and the process is terminated) 10 Hardware is relatively easy and relatively expensive. Usually we need to find ways to reduce consumption in terms of algorithms. We can optimize the classification system in terms of model complexity, data structure, caching, etc. For example, use simple models, or use methods such as knowledge distillation to reduce parameter size; use appropriate data models; use appropriate data structures to store data to reduce resource consumption in calculations, queries, and other operations; calculate and cache some data that can be calculated offline in advance, and directly query it when needed; etc. From the length distribution and ""manual dog head"" of this blog, it can be seen that, in my opinion, it is recycled by the virtual machine in some cases, so the reflectionData() method first determines whether the cache can be used and whether the cache is invalid at the beginning. If it is invalid, the newReflectionData method will be called to generate a new Reflecti"
K_codec_computer_science_and_technology,codec,Computer Science and Technology,650,"Codec: A custom image codec to support the required formats. Generally speaking, we need to select the corresponding codec and perform encoding and decoding according to the image format we want to support. Here we take the WebP decoding library libwebp as an example. Other decoders need to be processed according to the API of the corresponding decoder. The main difficulty actually lies in the Bitmap that needs to be obtained. Developers need some basic image knowledge, and they also need to be able to use the interface of third-party codecs (generally speaking, third-party codecs are written in C or C++, and it is also very convenient to interact with OC and Swift. At least they do not need to use image decoders like Ja to support these required formats. Generally speaking, we need to select the corresponding codec and perform encoding and decoding according to the image format we want to support. Here we take the WebP decoding library libwebp as an example. Other decoders need to be processed according to the API of the corresponding decoder. The main difficulty actually lies in the Bitmap that needs to be obtained. Developers need some basic image knowledge, and they must be able to use the interface of third-party codecs (generally speaking, third-party codecs are written in C or C++, and it is also very convenient to interact with OC and Swift, at least not like Ja 2Seq, knowledge-enhanced systems and fine-tuned GPT-2 systems. Specifically including: Seq2Seq (the most basic codec model for language generation tasks), knowledge-enhanced systems (MenmNet, CopyNet, CCM), fine-tuned GPT-2 system (two fine-tunings of the basic pre-trained model GPT-2 for language generation tasks: GPT-2 lang trained like a language model and GPT-2conv extended with a codec architecture and monitored with answer data). Additionally, this paper uses TransE embeddings and Glo respectively."
K_compilation_technology_not_field,compilation technology,not-field,0,compilation technology
K_compilation_system_computer_science_and_technology,compilation system,Computer Science and Technology,653,"Compilation system: link (can also be #included into the source file of the corresponding class). But generally speaking, moc is not called manually, but is automatically called by the compilation system, so developers do not need to do extra work. moc is not the only code generator used by Qt. Another typical execution model has less JVM virtual machine layer overhead than Spark in terms of architecture, and its performance will be greatly improved. LLVM is currently a very popular compilation system tool chain, and its projects include the very famous Clang, LLDB, etc. However, when it comes to M embedded development, which is mainly promoted by TensorFlow in the field of machine learning, the situation is different. Because the resources (CPU, RAM, etc.) of embedded devices cannot be compared with those of PCs, it is troublesome or impossible to build a compilation system on the device. Therefore, the common practice is to use a cross-compilation tool chain on a PC to generate an executable that can run on an embedded device. Architecturally, it has less JVM virtual machine layer overhead than Spark, and the performance will be greatly improved. LLVM is currently a very popular compilation system tool chain, and its projects include the very famous Clang, LLDB, etc., and M execution, which is mainly promoted by TensorFlow in the field of machine learning, has less JVM virtual machine layer overhead than Spark in terms of architecture, and its performance will be greatly improved. LLVM is currently a very popular compilation system tool chain, and its projects include the very famous Clang, LLDB, etc., and the M CPU instruction list promoted by TensorFlow in the field of machine learning has been re-arranged before. This use of the middle layer allows a compilation system like LLVM to have many different front-end language compilers at the same time, and can generate machine code for many different architecture systems. Although C language does not explicitly set"
K_editor_computer_science_and_technology,editor,Computer Science and Technology,219,"editor. Editing Programs: Programming believes that code is complete when the programmer can't think of any more situations in which his/her code could go wrong. Because Extreme Programming dogma advocates editing a program only to meet current needs, and to implement it in the simplest way possible. Sometimes you encounter a rigid system. One of the symptoms of a so-called rigid system is the use of software. [1] Because programs and program configuration files are usually stored in plain text, programmers also need to use a plain text editor to edit programs and configuration files. Plain text files created by text editors are the same as those created by programs such as Microsoft Word, iWork, and Open"
K_page_fault_computer_science_and_technology,page fault,Computer Science and Technology,644,"page fault. Page Missing: A large number of new functions, including RV64IM/RVC/RVA and other instruction extensions, clock interrupts, hardware-filled TLB, M/S/U privilege level, page missing exception, Cache prefetching, SDRAM controller, SPI Flash controller, UART and other peripheral I/O devices... This is a means that the application uses the interface provided by the operating system to call the kernel function; 2. Exception, when an exception occurs when the application is running (such as the most common page missing exception), it will also switch to the kernel state for processing; 3. External interrupt, the most common situation is when the peripheral device (such as disk, network adapter) completes the user's request through the MMU to find out the actual physical memory address to be accessed. When the virtual address accessed by the process cannot be found in the page table, the system will generate a page fault exception, enter the system kernel space to allocate physical memory, update the process page table, and finally return to the user space to resume the operation of the process. Since the memory space passes through the MMU, it is necessary to find out the actual physical memory address to be accessed. When the virtual address accessed by the process cannot be found in the page table, the system will generate a page fault exception, enter the system kernel space to allocate physical memory, update the process page table, and finally return to the user space to resume the operation of the process. Since the memory space passes through the MMU, it is necessary to find out the actual physical memory address to be accessed. When the virtual address accessed by the process cannot be found in the page table, the system will generate a page fault exception, enter the system kernel space to allocate physical memory, update the process page table, and finally return to the user space to resume the operation of the process. Since the memory space passes through the MMU, it is necessary to find out the actual physical memory address to be accessed. When the virtual address accessed by the process cannot be found in the page table, the system will generate a page fault exception, enter the system kernel space to allocate physical memory, update the process page table, and finally return to the user space to resume the operation of the process. due to memory space"
K_page_fault_interrupt_computer_science_and_technology,page-fault interrupt,Computer Science and Technology,662,"page-fault interrupt. Page fault interrupt: Map the page table and physical address of each process to obtain the real physical address If the physical address corresponding to the virtual address is not in the physical memory, a page fault interrupt is generated, the physical address is actually allocated, and the page table of the process is updated at the same time; if the physical memory is exhausted at this time, some pages are eliminated to the physical memory according to the memory replacement algorithm. Will there be a memory leak? Since the memory in the heap cannot be released directly, why not use mmap to allocate it? How to view the page fault interrupt information of a process? How to check the fragmentation of memory in the heap? In addition to glibc's malloc/free, there are other third parties Therefore, it is not that the actual memory is occupied immediately after malloc, but when it is used for the first time, it is found that the physical page corresponding to the virtual memory is not allocated, and a page fault interrupt occurs, and then the physical page is actually allocated, and the mapping relationship of the process page is updated at the same time. This is also one of the core concepts of Linux virtual memory management. Obtain the real physical address by mapping the page table and physical address on each process If the physical address corresponding to the virtual address is not in the physical memory, a page fault interrupt is generated, the physical address is actually allocated, and the page table of the process is updated at the same time; if the physical memory is exhausted at this time, some pages are eliminated to the physical memory according to the memory replacement algorithm. Will there be a memory leak? Since the memory in the heap cannot be released directly, why not use mmap to allocate it? How to view the page fault interrupt information of a process? How to check the fragmentation of memory in the heap? In addition to glibc's malloc/free, there are other third parties Therefore, it is not that the actual memory is occupied immediately after malloc, but when it is used for the first time, it is found that the physical page corresponding to the virtual memory is not allocated, and a page fault interrupt occurs, and then the physical page is actually allocated, and the mapping relationship of the process page is updated at the same time. This is also one of the core concepts of Linux virtual memory management."
K_network_delay_computer_science_and_technology,network delay,Computer Science and Technology,658,"network delay. Network latency: In addition to the impact of latency? Network time synchronization currently has two synchronization protocols, NTP and PTP. The principles of both protocols are the same. Both protocols assume that network delays are symmetric. Delay is calculated based on this. For example, if the time from a to b + the time from b to a is known, then divide by 2, you will get the transmission delay. When installing the system, I chose centos 7.5. When deploying a cloud host and selecting an availability zone, please choose one that is closer to your work and living area, so that the network delay is lower. Download the appropriate version of frp from github to the cloud host: take my centos 64-bit as an example Mac: When installing the frp system, I chose centos 7.5. When deploying a cloud host and selecting an availability zone, please choose one that is closer to your work and living area, so that the network latency is lower. Download the appropriate version of frp from github to the cloud host: take my centos 64-bit as an example Mac: The retransmission triggered by ""frp Retransmit algorithm"" is not because the outgoing packet is lost, nor because the response ACK packet is lost, but because of network delay. It can be seen that the introduction of D-SACK has several benefits: 2. Is my timeout too small, causing retransmission? The retransmission triggered by ""Retransmit algorithm"" is not because the outgoing packet is lost, nor because the response ACK packet is lost, but because of network delay. It can be seen that the introduction of D-SACK has several benefits: 2. Is my timeout too small, causing retransmission? The retransmission triggered by ""Retransmit algorithm"" is not because the outgoing packet is lost, nor because the response ACK packet is lost, but because of reordering caused by network delay. The SACK option is not mandatory. Only used if supported on both ends. When a TCP connection is created"
K_network_printer_computer_science_and_technology,network printer,Computer Science and Technology,113,"Network printer: Network set-top box. One network port in the restaurant is reserved for wireless network expansion. There are two network ports in the study room, one for wireless AP or expansion router, and one for network printer or network storage (NAS). One network port in the master bedroom is reserved for wireless AP or. 1 network port in the second bedroom is reserved for wireless AP or"
K_network_file_system_computer_science_and_technology,network file system,Computer Science and Technology,618,"Network file system: Communication between remote file systems is done through RPC. These are two distributed file system managements. The former is Sun's Network File System (NFS) and the latter is Andrew file management (Andrew F). Communication between remote file systems is completed through RPC. These are two distributed file system managements. The former is Sun's Network File System (NFS) and the latter is Andrew File Management (Andrew F). So file retrieval can be carried out in SQL style or even natural language style. For example BFS[1] and WinFS. Network File System (NFS, Network File System) is a partition (directory) on the remote host that is mounted to the local system through the network for differentiation. Therefore, file retrieval can be performed in SQL style or even natural language style. For example BFS[1] and WinFS. Network File System (NFS, Network File System) is a way to mount a partition (directory) on a remote host to a local system over the network. Network File System (English: Network File System, abbreviated as NFS) is a distributed file system. For client host file systems, Distributed file system (English: Distributed file system, DFS), or Network File System (English: Network File System), is a file system that allows files to be shared on multiple hosts through the network."
K_web_crawler_computer_science_and_technology,web crawler,Computer Science and Technology,570,"Web crawler: Web crawler cannot do without proxy IP? Do web crawlers must use proxy IPs? With the rapid popularization and penetration of the Internet and the vigorous development of frontier fields, we need web crawlers to be inseparable from proxy IPs? Do web crawlers have to use proxy IPs? With the rapid popularization and penetration of the Internet and the booming development of cutting-edge fields, we need More and more people are using the Internet. Proxy IP is particularly important for crawler tools and is of considerable assistance. So, is proxy IP essential for crawler tools? Web crawlers must be used To the proxy IP? The answer is definitely: no. It is possible to use the same IP to continuously crawl data information. However, if you wear a different ""mask"", you will be considered to be a different person every time. Naturally It is not that easy to be blacklisted. Therefore, if you do not want to use a proxy IP when working with a web crawler, you must carefully control the frequency of access. This will result in not much data being crawled every day, but less. In today's era, efficiency is paramount, and in such fierce competition, Failure to achieve high efficiency is equivalent to death. Therefore, proxy IP is particularly important for the work of web crawlers. If you want high quality For high-quality agent IP, you can choose our Wanbian IP HTTP proxy, self-built server, stable, proxy, self-built server, stable, safe, and highly anonymous. Good quality and low price. Big platforms are trustworthy. Professional and technical online customer service will serve you one-on-one. Web crawlers do not necessarily need to use proxy IPs. However, for efficient crawlers, proxy IP must be used. Proxy IP is the best helper for web crawlers."
K_node_pair_not_field,node pair,not-field,0,node pair
K_virtual_memory_computer_science_and_technology,virtual memory,Computer Science and Technology,607,"Virtual Memory: The system state is the same when Sleep still keeps the system running data in the memory, while hibernation saves the data in the memory in the hard disk (should be virtual memory). The actual transferable value (ie handle) exists. Fuchsia is a pure microkernel. The main abstractions in the kernel only include processes, virtual memory and IPC mechanisms. Various file systems, device drivers, and services all run in user mode as a process. In this case, reading and writing files becomes NFSroot first, because its configuration is very simple. You only need to modify /etc/initramfs.conf and let it generate a virtual memory (initial ramdisk) that does NFSroot and then setti. The actual transferable value (ie handle) exists. Fuchsia is a pure microkernel. The main abstractions in the kernel only include processes, virtual memory and IPC mechanisms. Various file systems, device drivers, and services all run in user mode as a process. In this case, reading and writing files becomes the first step with the actual transferable value (ie handle). Fuchsia is a pure microkernel. The main abstractions in the kernel only include processes, virtual memory and IPC mechanisms. Various file systems, device drivers, and services all run in user mode as a process. In this case, reading and writing files becomes a matter of first following. For example, access to memory addresses is also controlled by the operating system. It depends on the mood of the operating system where the memory address in a certain program falls on the memory stick or the virtual memory in the hard disk. At this point, the interaction between the operating system and the hardware has almost been introduced. For more details, it is recommended to refer to the operating system."
K_virtualization_computer_science_and_technology,virtualization,Computer Science and Technology,657,"Virtualization technology: Dong Le, senior delivery manager of Diyun First of all, our infrastructure mainly consists of computing, storage and network. In our previous model, we mainly used virtualization technology. Regardless of which virtualization technology is used in actual production environments, templates are mainly used to improve delivery efficiency. Templates are mainly composed of operating systems and applications. er is simple to implement. ▼Virtualization Station is a powerful virtual machine suite that combines storage management and virtualization technology. Through Virtualization Station, you can install virtual machines of multiple operating systems, such as: Windo modified containers after some functions. Of course, you can also use large backdoors like Agent to hook the system-level API of Botnet. Selection of virtualization technology: Some people here will ask me why I chose containers as the breeding environment instead of virtual machines. On the one hand, it is because virtualization takes up a lot of resources. It is neither light nor sound transparent, and all information cannot be exchanged with each other. It is safer than partitions, clean and hygienic. This technology that creates dreams is ""virtualization technology."" Brother Zhong talks about it so fantastically, but it’s actually for your convenience to understand. In the real world, virtualization technology is created through virtualization technology on physical machines, which is ""virtualization technology"". Brother Zhong talks about it so fantastically, but it’s actually for your convenience to understand. In the real world, virtualization technology is a mutually isolated ""virtual machine"" created on a physical machine through virtualization technology. The operating system running in the virtual machine will not feel any abnormality, and it can be like eating at the Golden Cudgel restaurant and choosing the one with the most people. Amazon AWS and Alibaba Cloud, the first friends to take the lead, both chose to use Xen instead of KVM for virtualization technology. Is it a decision based on their own brains? KVM is so new after all, why should we step on it? The ""Young Zhuang Faction"" argued that if complex X"
K_virtual_address_space_computer_science_and_technology,virtual address space,Computer Science and Technology,670,"Virtual address space: Management and control of system resources. All the programs we run are actually run by the operating system for us. A lot of work is done behind the operating system, such as allocation of virtual address space, CPU time-sharing scheduling, response to hardware interrupt signals, etc. In this way, access to hardware resources is also arranged through the operating system. For example, to operate a piece of physical memory, or to refer to the secondary page table, as shown below: Each entry in the one-line page table is used to set 1M of space. For a 32-bit system, the virtual address space is 4G, 4G/1M=4096. Therefore, if the first-level page table maps the entire 4G space, 4096 page table entries are needed. Page table 0 345678 ② MMU finds the first-level page table entry based on vaddr[31:20]: The virtual address 0x12345678 is the 0x123rd 1M in the virtual address space, so the 0x123rd entry in the page table is found. Based on the content of this entry, we know that it is a segment page table entry. The intra-segment offset is 0 345678 ② MMU finds the first-level page table entry based on vaddr[31:20]: The virtual address 0x12345678 is the 0x123rd 1M in the virtual address space, so the 0x123rd entry in the page table is found. Based on this content, we know that it is a secondary page table entry. ③ From this level. Shared memory is also a very common method of multi-process communication. The operating system is responsible for mapping the memory of the same physical address into different virtual address spaces of multiple processes. Then every process can operate this memory. Considering the uniqueness of physical memory, it is a critical section resource, which needs to be handled well when the process accesses it. The address space is abstracted through segmentation and paging technology, so the memory address in the process is virtual. When each process is running, it has a very large virtual address space, as if it monopolizes the entire process. It achieves isolation between processes and allows each process to maximize memory utilization. Segmentation, the guts of modern operating systems"
K_virtual_memory_management_computer_science_and_technology,virtual memory management,Computer Science and Technology,0,virtual memory management
K_virtual_machine_monitor_computer_science_and_technology,virtual machine monitor,Computer Science and Technology,221,"virtual machine monitor. Virtual machine manager: MM, which is based on the VMM crosvm written by Google for ChromeOS, which is a full-featured virtual machine manager. In contrast, firecracker has even cut out the device model in order to be lightweight, let alone ACPI. So, is it an operating system or just a graphical shell running on MS-DOS [6][7][8]. When the graphical user interface is started, the virtual machine manager takes over the file system and disk related functions. MS-DOS itself was relegated to a compatibility layer for 16-bit device drivers[9]. This depends on"
K_virtual_disk_computer_science_and_technology,virtual disk,Computer Science and Technology,330,"Virtual disk: , so my understanding is that the above still hopes that everyone can use a reasonable and healthy amount of leverage. Over-the-counter capital allocation has long been classified as an illegal operation. Capital allocation platforms usually operate virtual disks. It is common for customer funds to be withdrawn and absconded. Therefore, intervention in advance is to avoid chaos. The essence is to protect the property of shareholders. How to judge the score? Select whether to completely retain old files and then enter the partition interface. The number of drives is actually the number of physical hard disks. Each physical hard disk can be added with many virtual drive letters, which are generally called C drive, D drive, E drive... In addition to the drive letters displayed in the system for daily use, there are also some hidden small partitions. Select whether to completely retain old files and then enter the partition interface. The number of drives is actually the number of physical hard disks. Each physical hard disk can be added with many virtual drive letters, which are generally called C drive, D drive, E drive... In addition to the drive letters displayed in the system for daily use, there are also some hidden small partitions."
K_virtual_page_computer_science_and_technology,virtual page,Computer Science and Technology,0,virtual page
K_windows_operating_system_computer_science_and_technology,Windows operating system,Computer Science and Technology,606,"Windows operating system: Researchers sometimes divide operating systems into four major parts: Of course, the four-part structural view proposed in this section is by no means universally applicable. For example, in the early days of Microsoft's Windows operating system, the various parts were deeply coupled and difficult to distinguish from each other. In operating systems that use the outer core structure, there is no concept of drivers at all. Therefore, Dynamic-link library (English: Dynamic-link library, abbreviated as DLL) is a way for Microsoft to implement the concept of shared function libraries in the Microsoft Windows operating system. The extensions of these library functions are .DLL, .OCX (including ActiveX control). Not all operating systems support dynamic loading. The dl library implemented in the C programming language in UNIX-like operating systems provides this type of function. The Windows application programming interface is used in Microsoft's Windows operating system. For the Java language, the dynamic loading of classes is through the class loader (ClassLoa program interface), which is also the core component used to represent graphics objects and transfer graphics objects to output devices such as monitors and printers. GDI is one of the three core components (also called ""subsystems"") of the Windows operating system (Microsoft Windows) [source request]. GDI+ in et al. With the rapid development of computer hardware, Hanka has gradually been replaced by software. Now few computers use Hanka to process Chinese. After the Microsoft Windows operating system began to support Chinese, Hanka has basically withdrawn from the stage of history. Microsoft Windows (Chinese translation: Windows operating system[4][5]) is a series of proprietary commercial software operating systems launched by Microsoft based on graphical user interfaces. It came out in 1985,"
K_demodulator_electronic_science_and_technology,demodulator,Electronic Science and Technology,652,"Demodulator: Haunt (CVE-2019-19494). Using this vulnerability, an attacker can remotely control and fully control the modem through the endpoint, thereby intercepting private messages, redirecting traffic, or joining a botnet. As of now, nearly 200 million modems are affected in Europe alone. The vulnerability is hidden in the spectrum analyzer of Broadcom chips. This is a hardware and software component that protects the modem during cable signal surges or interference. Internet service providers (ISPs) often use it to debug network connection quality. It stands to reason that most cable modems, modems. Internet service providers (ISPs) often use it to debug network connection quality. It stands to reason that most cable modems only allow connections from the internal network to access the spectrum analyzer. There should be no risk of remote hijacking due to this vulnerability. However, this is not the case. The code is used to perform a large number of illegal operations, including the following: It can be said that once attackers exploit this vulnerability, they can control the cable modem, flash malicious firmware, and form a huge botnet. The number of devices in the entire botnet will be hundreds of millions. The consequences of such an invasion affect the development of the regulator market. This report aims to provide customers with comprehensive market analysis and scientific prospect forecasts to help investors or operators fully understand the modem market. Chapter 1 Overview of China’s Modem Industry from 2015 to 2025 1.1 Overview of China’s Modem Industry Development 1. China’s cable modem market size and growth rate from 5 to 2025 1.4.2 China’s digital subscriber line modem market size and growth rate from 2015 to 2025 1.5 Analysis of market size of modems in different application fields 1.5.1 2015-mid 2025"
K_counting_sort_not_field,counting sort,not-field,0,counting sort
K_computational_complexity_computer_science_and_technology,computational complexity,Computer Science and Technology,671,"Computational complexity: The calculation can be completed offline, and the number of historical behaviors is reduced to the order of hundreds, leaving sufficient computational complexity space for the modeling of the exact search part. We did not put much effort into the exact seatch part. It can be regarded as a short sequence modeling problem, using DI to count different hypothetical models and use it to predict unlabeled samples. Therefore, the QBC algorithm needs to train a certain number of classifiers, and in practical applications, its computational complexity is quite large. In order to constrain the calculation amount, the EQB method is used to simplify the calculation. For the case of high-dimensional data, the AMD algorithm can divide the feature space into subtypes and cannot contain more complex constraints. However, we know that dynamic programming is actually a smart exhaustive method in solving optimal control problems, and its computational complexity is often very high. Optimal control has exposed two problems due to its overemphasis on optimality. 1. It is difficult to find memory for calculations in non-linear situations containing complex constraints. Approximate algorithms mainly provide approximate optimal solutions to address the shortcomings of greedy algorithms. For each feature, only examining the quantiles can reduce computational complexity. This algorithm first proposes candidate division points based on the quantile of the feature distribution, then maps the continuous features into buckets divided by these candidate points, and then uses a single-electron problem; at the same time, it must be more rigorous and accurate, and can overcome the accuracy defects of the Hatree-Fock method and reduce the computational complexity as much as possible. From this, density functional theory was born. 3. From wave function to charge density: the birth of density functional theory 3.1Hohenberg- is a ""plug and play"" module that can directly replace conventional convolution and achieve better feature expression learning without introducing additional parameters and computational complexity. The author verified the excellent performance of the proposed PSConv on the ImageNet and MS-COCO data sets. ​Compared to already many"
K_record_structure_not_field,record structure,not-field,0,record structure
K_device_driver_computer_science_and_technology,device driver,Computer Science and Technology,663,"Device driver: vmalloc(unsigned long size). size The size of the memory to be allocated. In bytes. To dynamically allocate memory in a device driver or kernel module, do not use malloc, but kmalloc, vmalloc, or get_. Normally, in order for the application to distinguish the type of the device it controls, the kernel uses the major device number. When there are multiple devices of the same type, in order to select one of them, the device driver uses this device number. SWI (soft interrupt) The Linux kernel has a set of subroutines for implementing system functions, called system calls. System calls call the function in the kernel that implements which system call, restore the user program state, and then return control to the user program. System calls are a way for functions defined in a device driver to eventually be called. In Linux, each system call is assigned a system call number. In this way, through this, there are some objects that we actually only need one, such as: thread pool, cache, dialog box, registry, log object, objects that act as device drivers for printers, graphics cards, etc. In fact, this type of object can only have one instance. If multiple instances are created, some problems may occur. For example, in the program, there are some objects that we only need one, such as thread pool, cache, dialog box, registry, log object, and objects that serve as device drivers for printers, graphics cards, etc. In fact, this type of object can only have one instance. If multiple instances are created, some problems may occur. For example, the user programs of the program all run in the user mode. When they need to switch to the kernel mode to obtain higher permissions, they need to apply to the operating system; while the operating system kernel and device drivers run in the kernel mode by default. Each user thread also has two stacks, one is the user state stack and the other is the kernel state stack."
K_access_conflict_computer_science_and_technology,access conflict,Computer Science and Technology,324,"access conflict. Access violation: Output bandwidth can meet the needs of multi-threaded concurrent computing. Since shared memory is shared by different threads, access conflicts must be resolved. In order to ensure that the data has been written before reading, Telsa adds a fast barrier synchronization instruction. This instruction ensures that each block of thread execution can be accessed individually by the thread, so there is no need to wait between multiple threads. Improved performance. Access conflicts will also occur when accessing these storages, but these conflicts are not resolved on the hardware. There is no mechanism such as atomic access on the hardware to ensure data conflicts. The second is that it is determined at the compiler stage, but these conflicts are not resolved on the hardware. There is no mechanism such as atomic access on the hardware to ensure data conflicts. Second, the method of handling access conflicts is determined at the compiler stage. The reason why this can be done is that the internal timing of the FPGA-based accelerator is deterministic, so the data access time can be determined."
K_access_cycle_computer_science_and_technology,access cycle,Computer Science and Technology,436,"Access cycle: Do tags and indexes of cache blocks, so address translation must be performed before accessing the cache. An important reason why this traditional method is feasible is that the TLB access cycle is very short (because the TLB is essentially a cache), so it can be included in the pipeline. However, since address translation occurs before cache access, address translation section. Since circuit latency depends largely on the size of the memory chip, consider using a smaller-capacity cache to ensure the shortest access cycle. Another benefit of this is that because the first-level cache is small enough, all or part of the second-level cache can be integrated into the CPU chip, thereby reducing the need for tags and indexes of cache blocks, so address translation must be performed before accessing the cache. An important reason why this traditional method is feasible is that the TLB access cycle is very short (because the TLB is essentially a cache), so it can be included in the pipeline. However, since address translation occurs before cache access, address translation section. Since circuit latency depends largely on the size of the memory chip, consider using a smaller-capacity cache to ensure the shortest access cycle. Another advantage of this is that since the first-level cache is small enough, all or part of the second-level cache can be integrated into the CPU chip, thereby reducing"
K_access_right_computer_science_and_technology,access right,Computer Science and Technology,658,"Access rights: two methods of server authentication. When creating a login account, there are two modes of accounts. (4) Database security certification Database access rights are achieved by mapping the relationship between database users and login accounts. Database users are used to indicate who can access which database. That is 8 bits. So combine the ""GD00"" part and the high 4 bits of the segment upper limit into 1 byte and store it as limit_high Also called ""segment access right attribute"", it is represented by the variable name access_right or ar in the program. GD00 (high 4 bits) Are the running modes of programs stored in Limi the same? Whether the CPU is in system mode or application mode depends on whether the executing application is located in the segment with access right 0x9a or in the segment with access right 0xfa When using the results and functions from the above example: The parameter passed by the function determines whether the CPU is in system mode or application mode, depending on whether the executing application is located in the segment with access right 0x9a or the segment with access right 0xfa. When using the results and functions from the above example: The parameter ar passed by the function (32 bits) ar lower 16 bits: Service"" → ""Win/Mac/NFS"" → ""Linux NFS Service"" → ""Click here to set NFS access rights to the network share"" Set NFS access rights Find the folder containing the video that needs to be accessed by the TV, and click ""Edit Shared Folder Permissions"" on the right Edit N In this case, after executing the supertask, the relevant state of the world is the state of , which can in principle be specified since there is causal access to it. However, this situation did not occur in the super task designed by Pitowsky. In order to find a time and space, in this time and space"
K_access_matrix_computer_science_and_technology,access matrix,Computer Science and Technology,0,access matrix
K_access_policy_computer_science_and_technology,access policy,Computer Science and Technology,0,access policy
K_scheduler_computer_science_and_technology,scheduler,Computer Science and Technology,640,"Scheduler: uses a Data Set and operations on it as a programming model. The execution of a directed acyclic graph (DAG) composed of RDD is that the scheduler generates a physical plan and optimizes it, and then executes it on the Spark cluster. Spark also provides an interrupt handler similar to MapRedu (actually driven) to handle the interrupt, save the information received on the interrupt before returning to user space, and then enter the scheduler to schedule the current or next process to run. The rest is the feud between the process and the driver. OK, so the operating system will choose the next process to run. The function of selecting a process to run is done in the operating system, usually called the scheduler. So when should processes be scheduled, or what principles should be used to schedule processes? During the life cycle of a process, when U suddenly becomes idle. Therefore, in order to improve CPU utilization, the scheduler needs to select a process from the ready queue to run when sending I/O events causes the CPU to become idle. Principle 2: Some programs take a long time to execute a certain task. If this program blocks the CPU, it will reduce the system throughput (the number of processes completed by the CPU per unit time). Therefore, to improve the throughput of the system, the scheduler must weigh the number of completions of long and short task processes. Principle 3: The process from the beginning to the end of the process actually includes two times. The smaller the turnaround time of the process, the better. If the waiting time of the process is long and the running time is short, the turnaround time will be very long. This is not what we expect. The scheduler should avoid this situation. Principle 4: Processes in the ready queue cannot wait too long. Of course, we hope that the waiting time is as short as possible."
K_scheduling_policy_computer_science_and_technology,scheduling policy,Computer Science and Technology,658,"scheduling policy. Scheduling strategy: The code is implemented as follows: Relevant technical points: requestIdleCallback A new scheduling strategy (Fiber) was implemented in React 16. The asynchronous and interruptible mentioned in the new scheduling strategy are actually browser-based requestIdleCall requestIdleCallback A new scheduling strategy (Fiber) was implemented in React 16. The asynchronous and interruptible features mentioned in the new scheduling strategy are actually based on the browser's requestIdleCallback and request tools. This article mainly involves the architecture and model related to managing system resources and scheduling task execution. Specific resource allocation strategies and task scheduling strategies are beyond the scope of our discussion. Friends who have done a lot of research in the field of system design can easily come to the conclusion that our system design-control method prevents race conditions or deadlocks from modifying shared states. How to provide a simple abstraction for other services and scheduling strategies so that task scheduling can take into account throughput, latency and concurrency safety? Omega uses transactions (Tran tools. This article mainly involves the architecture and model related to managing system resources and scheduling task execution. Specific resource allocation strategies and task scheduling strategies are beyond the scope of our discussion. Friends who have done a lot of research in the field of system design can easily come to the conclusion that our system design-control method prevents race conditions or deadlocks from modifying shared states. How to provide a simple abstraction for other services and scheduling strategies so that task scheduling can take into account throughput, latency and concurrency safety? Omega uses transactions (Tran"
K_calling_program_not_field,calling program,not-field,0,calling program
K_routing_protocol_computer_science_and_technology,routing protocol,Computer Science and Technology,655,"Routing protocol: Just like we need to mark the destination on the map before we know how to get there. Let’s look at RIP again, and you’ll see why it is a “hearsay” routing protocol.) OSPF uses Router ID (RID) to identify OSPF routers. The RID looks like the IP address and area I. Therefore, unlike Layer 2 forwarding, Layer 3 forwarding does not have a special protocol to prevent routing loops. The loop of Layer 3 forwarding relies on TTL and the routing protocol itself. What we call routing tables usually refers to IP routing tables, also called global routing tables. Each network device has only one global routing table, just like we need to mark the destination on the map before we know how to get there. Let’s look at RIP again, and you’ll see why it is a “hearsay” routing protocol.) OSPF uses Router ID (RID) to identify OSPF routers. The RID looks like the IP address and area I. Therefore, unlike Layer 2 forwarding, Layer 3 forwarding does not have a special protocol to prevent routing loops. The loop of Layer 3 forwarding relies on TTL and the routing protocol itself. What we call routing tables usually refers to IP routing tables, also called global routing tables. Each network device has only one global routing table. In addition to technology, there must also be theoretical research. Otherwise, what will you use to publish papers and graduate? Theoretical research directions are divided into MAC protocol, routing protocol, topology control, positioning technology, security technology, data processing technology, etc. Our laboratory is mainly engaged in routing protocols, positioning, security, and data. Our laboratory is mainly engaged in routing protocols, positioning, security, and data compression. At this point, is the questioner’s head getting big? Don't be anxious. In fact, you don't have to learn them all. When we first came in,"
K_routing_algorithm_computer_science_and_technology,routing algorithm,Computer Science and Technology,654,"Routing algorithm: ), this algorithm is only suitable when the data scale is very small, but in actual applications, finding the shortest path from a single source is the most common. For example, in the routing algorithm, a node only needs to know the shortest path from this node to other nodes, but does not need to know the situation of other points. Therefore, in the routing algorithm In the routing algorithm, a node only needs to know the shortest path from this node to other nodes, but does not need to know the situation of other points. Therefore, the most suitable routing algorithm should be the single-source shortest path algorithm, Dijkstra's algorithm. The dijkstra algorithm is a classic greedy-based algorithm. Only by providing this information to the network can the network (post office) send the packet (package) to the correct address. Packets are routed to the destination via the optimal path (depending on the routing algorithm). But not all packets transmitted between the same two hosts (even those from the same message) are necessarily along the same path. The size of the Internet has grown by more than eight orders of magnitude since the adoption of IP. A routing metric contains all the values ​​used by routing algorithms to determine which path is better than another. Metrics may include a lot of information, such as bandwidth, delay, number of nodes passed, and paths. Add u{\displaystyle u} to S{\displaystyle S} [1]. This algorithm is often used in routing algorithms or as a submodule of other graph algorithms [12]. For example, if the vertices in the graph represent cities, and the weights on the edges represent driving between cities, you can also see that EIGRP, a routing protocol that belongs to the same basic protocol class as RIP but is more adaptable, is also used. The routing algorithm used by RIP is the Bellman-Ford algorithm. This algorithm was first used in a computer network in 1969 as ARPAN."
K_route_aggregation_computer_science_and_technology,route aggregation,Computer Science and Technology,110,Route Aggregation: Optional Transitive AGGREGATOR (aggregator): This attribute indicates the BGP router ID that implements route aggregation and the AS number of the router that aggregates routes. COMMUNITY: This attribute refers to sharing a common attribute
K_routing_information_protocol_computer_science_and_technology,Routing Information Protocol,Computer Science and Technology,0,Routing Information Protocol
K_soft_interrupt_computer_science_and_technology,soft interrupt,Computer Science and Technology,647,"Soft interrupt: Jump to the interrupt handler"" action. What the CPU can understand is only the concepts of interrupt lines and interrupt handlers. The so-called concepts of threads, processes, soft interrupts, etc. were invented by software and are not understood by the CPU. The so-called thread is essentially a form of saving the running state of the CPU. The period from the CPU's interrupt processing to the issuance of the EOI is called a hard interrupt. The period after the EOI and before returning to the original program before being interrupted is called a soft interrupt. But these are software concepts. For the CPU, interrupts only have a beginning and no end. Every time an interrupt occurs, it is just a forced jump. The kernel uses the major device number. When there are multiple devices of the same type, in order to select one of them, the device driver uses this device number. SWI (soft interrupt) The Linux kernel has a set of subroutines used to implement system functions, called system calls. System calls are very similar to ordinary library function calls. They call to set parameters. One of the parameters is the system call number. After the parameter setting is completed, the program executes the ""system call"" instruction. Softirqs on x86 systems are generated by ints. This instruction will cause an exception: an event will be generated, which will cause the processor to switch to kernel mode and jump to a new system call. When a system call is made, this system call number is used to indicate which system call is to be executed. The process does not mention the name of the system call. Soft interrupt (softirq): The Linux system divides the interrupt into two parts. The first half is executed immediately, and the second half can be executed at a later time. The urgency of the second half is not so ""hard"", and because the execution of the second half is started by software, the interrupt mechanism of the second half is also called ""soft interrupt"". Work queue: Linux always selects an appropriate process to run among the processes that have entered the ready state. In order to speed up the search"
K_carrier_sense_computer_science_and_technology,carrier sense,Computer Science and Technology,434,"Carrier Sense: The network card is integrated directly into the computer motherboard. Ethernet communication has the characteristic of autocorrelation, which is very important for telecommunications engineering. Carrier Sense Multiple Access with Collision Detection (CSMA/CD) technology specifies a method for multiple computers to share a channel. This technology first appeared in the 1960s with the Xavier network card integrated directly into the computer motherboard. Ethernet communication has the characteristic of autocorrelation, which is very important for telecommunications engineering. Carrier Sense Multiple Access with Collision Detection (CSMA/CD) technology specifies a method for multiple computers to share a channel. This technology first appeared in the 1960s with the Xavier network card integrated directly into the computer motherboard. Ethernet communication has the characteristic of autocorrelation, which is very important for telecommunications engineering. Carrier Sense Multiple Access with Collision Detection (CSMA/CD) technology specifies a method for multiple computers to share a channel. This technology first appeared in the 1960s by Hawaii. A wire topology would have a network segment and a collision domain. In order to allow nodes to transmit data in the bus network simultaneously, media access control technology is used, such as carrier sense multiple access (CSMA) or bus mastering (English: Bus mastering)."
K_auxiliary_memory_computer_science_and_technology,auxiliary memory,Computer Science and Technology,657,"Auxiliary memory: generally contains a certain capacity of memory) and is packaged separately. Hierarchical structure: cache memory (Cache), main memory (MM), auxiliary memory (external memory). Storage characteristics: The core component of the computer to achieve large-capacity memory function. Stores memory information (bit-wise storage) bit Paging (English: Paging) is a memory management technology in the operating system that allows the computer's main memory to use data stored in auxiliary memory. The operating system will divide the data in the auxiliary memory (usually a disk) into fixed-size blocks, called ""pages"". It is a memory management technology in the operating system that allows the computer's main memory to use the data stored in the auxiliary memory. The operating system divides the data in secondary storage (usually a disk) into fixed-size blocks called ""pages"". When not needed, paging is divided from data in main memory (usually ) into fixed-size blocks called ""pages"". When it is not needed, the paging is moved from the main memory (usually the memory) to the auxiliary memory; when it is needed, the data is retrieved and loaded into the main memory. Compared with segmentation, paging allows memory to be stored in non-contiguous blocks to maintain the file system in completely empty frames, and unnecessary data is cleared from the frame. However, if there are no empty frames available in the random access memory, the operating system will store part of the data back to auxiliary storage and then release it. The auxiliary memory will use paging to store files on evenly allocated pages, and wait until the random access memory needs to be used before writing the data and clearing it from the frame. However, if there are no empty frames in the random access memory, the operating system will store part of the data back to the auxiliary memory and then release it. The auxiliary storage will use paging to store the file on evenly allocated pages, and then write it back when the random access memory is needed. If in random access"
K_output_channel_computer_science_and_technology,output channel,Computer Science and Technology,662,"Output channel: (PSConv), which mixes different dilation factors and places them in different positions of the convolution kernel. In particular, the set of expansion factors can cycle periodically along the input and output channel axes, integrating features at different scales. PSConv is a ""plug and play"" module that can directly replace conventional convolution. In the figure, different colors represent different receptive fields. Each small square represents the connection relationship between depth and output. In conventional convolution, each input channel and output channel are connected, while in the spatial dimension, convolution calculations of different sizes are performed and the convolution kernel size is the same; in group convolution, the input channel and output channel are connected linearly. There are connections between channels and output channels, and convolution calculations of different sizes are performed in the spatial dimension and the convolution kernel size is the same; in group convolution, the input channel and output channel lines are grouped, and conventional convolution calculations are performed between the corresponding groups; in the proposed PSConv convolution, the input and output channels are also globally connected, but In group convolution, the input channel and output channel lines are grouped, and conventional convolution calculations are performed between the corresponding groups; in the proposed PSConv convolution, the input and output channels are also globally connected, but the difference is that the convolution kernels in the convolution calculation of different channels are different. For example, four scale convolutions are executed alternately. In other words, the general forms are similar, and no particularly unified statement has been found. FLOPs of CNN: (1) Zhihu: Ci and Co represent the input and output channels, K convolution kernel size, and HW is the output feature map size. The formulas in parentheses are understood as follows: The left side is the multiplication operation. The general forms are similar, and no particularly unified statement has been found. FLOPs of CNN: (1) Zhihu: Ci and Co represent the input and output channels, K convolution kernel size, and HW is the output feature map size. The formulas in parentheses are understood as follows: The left side is the multiplication operation"
K_running_time_computer_science_and_technology,running time,Computer Science and Technology,655,"Running time: 23 hours for rE and 16 hours for All-pairs. The results are similar on CIFAR-10. When verifying the impact of input size on runtime, the researchers used a 6-core Intel Xeon W-2135 with 64GB RAM and GeForc requirements to find a balance point. When it comes to the time required for an algorithm to run, your first reaction is to calculate the running time by timing at the beginning and end of the program. Is this okay? It certainly works, but it has major flaws. So we will think of judging the time complexity through prediction. Using the pre-calculation method in applications is the most basic guarantee that services can be provided normally even in the worst case. Therefore, unless otherwise specified, the running time we mention refers to the worst case, as shown in the following sorting algorithm: The best case is that the first element is expected to be found once, and the worst case is that it is found N times, which is almost proportional. Therefore, if this method of selecting edge points and using edges for clustering can be implemented, it is extremely meaningful. Below are several sets of test results on data volume and running time: 4. Application: Color Clustering The following is an application of k-means clustering in image segmentation. The picture below shows a set of silly problems, denoted P. It is generally believed that the problems in this set can be effectively solved by computers. Because as the problem input size n increases, the running time of the algorithm is a polynomial of n. Compared with the exponential time algorithm, the running time of the polynomial algorithm increases much slower. Efficient solutions to problems involving polynomial testing algorithms. Because as the problem input size n increases, the running time of the algorithm is a polynomial of n. Compared with the exponential time algorithm, the running time of the polynomial algorithm increases much slower. The set of problems for which a polynomial test algorithm exists is recorded as NP. The test algorithm refers to a certain solution to the problem. The algorithm can"
K_radix_conversion_computer_science_and_technology,radix conversion,Computer Science and Technology,603,"radix conversion. Base conversion: How to convert? If the above integers are converted to binary, the decimals are converted to binary, and then added together, it is OK, as shown in the figure. 4. Convert integer binary to decimal: First, fill in the binary number with the number of digits. If the first digit is 0, it means it is a positive integer. If the first digit is 1, it means it is a negative integer. Let’s look at the first one first. You can write a few sentences in the current mainstream programming languages. In these languages, none of the base conversions does not comply with the rules I just mentioned, because base conversions should be like this according to the mathematical definition. Computer science has not yet developed to the point of overturning mathematics such as division and summation. (3) Complex number calculation (the picture shows the calculation of and the operation in the form of complex polar coordinates, that is, the phasor commonly used in electricity). (4) Base conversion and bit operations (the left picture shows the conversion of the decimal number 1234 into hexadecimal, the right picture shows the AND of the decimal number 234 and the hexadecimal number 4BA5, using binary one-click Office conversion tools, online PDF converters, online text recognition conversion, video format conversion, e-book format conversion, hexadecimal conversion, color conversion, unit conversion, pinyin conversion, time and date conversion, etc. https://www.ehow.com/ Eho one-click Office conversion tool, online PDF converter, online text recognition conversion, video format conversion, e-book format conversion, hexadecimal conversion, color conversion, unit conversion, pinyin conversion, time and date conversion, etc. https://www.ehow.com/ Eho to avoid consecutive occurrences of the same base. The image below is an example of the actual encoding process. The Huffman code is the encoding method used for binary to ternary conversion. It has nothing to do with the topic and I won’t explain it here."
K_process_switch_computer_science_and_technology,process switch,Computer Science and Technology,670,"Process switching: Therefore, the process also has the concept of interrupt. Interruption of the process will cause the CPU to no longer accept interrupts while the process is running. However, if this process switches to another process, it will be based on the context of the new process. On most general-purpose CPUs (please note that what we are talking about here is the syscall call of the CPU depending on ad, which is trapped in the kernel. The kernel will set up the DMA and then suspend the process. Because the process is suspended, the kernel finds another process to switch in for execution. When the DMA is completed and an interrupt occurs, no matter which process is currently executing, it will directly enter the kernel through the interrupt. In addition to this process , improve IO efficiency; but if it cannot be preempted, the execution of the current process will be resumed, and after the high-priority execution is completed, the previously suspended process will be switched in to continue execution. This is invisible to the process that performs IO. Posted on 2016-08-21 Agree with 70 19 comments CPU resources are shared. Processes need to be switched at different times so that different processes can be executed on the CPU. Then switching one process to another process is called process context switching. Most operating systems are multitasking, often supporting more tasks than the number of CPUs. Processes all hope that they can occupy the CPU for work, so this involves the process context switching mentioned earlier. Once the operating system switches the process to the running state, it means that the process is occupying the CPU for execution, but when the operating system switches the process to other states, it cannot be switched in the context. Once the operating system switches the process to the running state, it means that the process is occupying the CPU for execution. However, when the operating system switches the process to other states, it cannot be executed in the CPU, so the operating system will choose the next process to run. Select a process to run"
K_process_creation_computer_science_and_technology,process creation,Computer Science and Technology,657,"Process Creation: Concept. In Fuchsia, the path is just a formal string and does not necessarily correspond to a vnode on the disk. When a process is created, it is provided with various resources, which are assigned various paths. In fact, we should no longer regard the paths of these resources as a unified concept. In Fuchsia, the path is just a formal string and does not necessarily correspond to a vnode on the disk. When a process is created, it is provided with various resources, which are assigned various paths. In fact, we should no longer regard the paths of these resources as a unified concept. In Fuchsia, the path is just a formal string and does not necessarily correspond to a vnode on the disk. When a process is created, it is provided with various resources, which are assigned various paths. In fact, we should no longer regard the paths of these resources as a unified one. For two-way communication, two pipes need to be created. Furthermore, anonymous pipes can only be used for inter-process communication with a parent-child relationship. The life cycle of anonymous pipes is established with the creation of the process and disappears with the termination of the process. Named pipes break through the limitation that anonymous pipes can only communicate between related processes, because named pipes are used to access system resources and run corresponding programs. For a process, its core content is divided into two parts: One is its memory. This memory is allocated from the system when the process is created. All the variables it creates will be stored in this memory environment; The other is its context, we know some of the status of it. Multiple processes can be run in the operating system. For a process, it can create its own child process. When we create several child processes in a process, the child process has its own memory space and context environment like the parent process: For example: the parent process passes fope"
K_process_replication_computer_science_and_technology,process replication,Computer Science and Technology,0,process replication
K_process_state_computer_science_and_technology,process state,Computer Science and Technology,333,"process state. Process status: row status, ready status, blocking status. The meaning of each status in the above picture: Of course, there are two other basic states of the process: Therefore, a complete process state transition is as follows: Let’s explain the status changes of the process in detail: In addition, there is another state called suspended state, which means that the process has no possessions pointing to the corresponding PCB. Different states correspond to different index tables. Generally, a linked list is chosen because the process status may change due to scheduling such as process creation and destruction, so the linked list can be more flexibly inserted and deleted. After we are familiar with the state changes of the process and the data structure PCB of the process, the execution of (the original process with the highest priority) reassigns the CPU to the newly arrived process with the highest priority. What must be mentioned in process scheduling is the process state. Process scheduling actually changes the state of the scheduled process. The following figure describes the timing and actions of scheduling [1]: (2)(3) in the above table is"
K_process_scheduling_computer_science_and_technology,process scheduling,Computer Science and Technology,657,"Process scheduling: widely used in small and medium-sized data platform applications. The process scheduler of stand-alone operating systems, such as Windows, Linux and macOS, is a typical centralized scheduler. After the user requests execution of the application, the operating system loads the process into memory. All resources of computer hardware, including widely used in small and medium-scale data platform applications. The process scheduler of stand-alone operating systems, such as Windows, Linux and macOS, is a typical centralized scheduler. After the user requests execution of the application, the operating system loads the process into memory. All resources of computer hardware, including the causes of deadlock, especially the four necessary conditions for deadlock, can avoid, prevent and relieve deadlock to the greatest extent possible. Therefore, in terms of system design and process scheduling, pay attention to how to ensure that these four necessary conditions do not hold true, and how to determine a reasonable resource allocation algorithm to avoid processes permanently occupying system resources. In addition, control is also returned to the operating system, and the operating system decides which process will be given the next execution permission. This process requires scheduling algorithms to coordinate multiple parties. The strategies of process scheduling include first-in-first-out, short task priority, shortest completion time priority, multi-level feedback, and proportional share. First in first out (FIFO) strategy, first in) Luo Peiyu: If this article cannot explain the essence of epoll, then come over and strangle me to death! (3) This step covers the knowledge of network cards, interrupts, and process scheduling, and describes the entire process of the kernel receiving data under blocked recv. As shown in the figure below, while the process is blocked in recv, the computer receives the response and returns control to the operating system. The operating system decides which process will be given the next execution permission. This process requires scheduling algorithms to coordinate multiple parties. The strategies of process scheduling include first-in-first-out, short task priority, shortest completion time priority, multi-level feedback, and proportional share. First in first out (FIFO) strategy, first in"
K_remote_system_computer_science_and_technology,remote system,Computer Science and Technology,632,"Remote systems: Features like ELAY. Programming, debugging and configuration interfaces typically consist of JTAG and non-volatile memory for storage of the configuration bitstream. For remote system upgrade requirements, it is best to choose an FPGA with ""Multiboot"" or similar capabilities. For example, if the FPGA configuration is controlled by the processor, the measures taken to protect against such information theft and commercial competitive attacks are limited. Mobile code is a software technology that can be transferred from a remote system to the local machine through another network for proxy operations. It can be downloaded or run on the local machine without an explicit installation or recipient. move Upload (English: upload) in computer networks refers to sending data to a remote system. This system may be a server or another client, as long as it is a remote system that can store or process a copy of the data. Send data to a remote system. This system may be a server or another client, as long as it is a remote system that can store or process a copy of the data. The function of transferring data from one remote system to another under the control of the local system is called remote upload. Upload remotely to the main server or another client, as long as it is a remote system that can store or process a copy of the data. The function of transferring data from one remote system to another under the control of the local system is called remote upload. Remote upload is mainly used in some network hard drives and cloud storage services. It is similar to "" as long as it is a remote system that can store or process a copy of the data. The function of transferring data from one remote system to another under the control of the local system is called remote upload. Remote upload is mainly used in some network hard drives and cloud storage services. It is similar to the ""offline download"" function."
K_remote_access_computer_science_and_technology,remote access,Computer Science and Technology,659,"Remote access: Your main computer cannot be turned on 24 hours a day, so when it is shut down, it must be turned on remotely through the network to ensure remote access anytime and anywhere. Computer motherboards in the 21st century all support wake-on-network. Wake-on-LAN is a public standard technology supported by motherboards. When the computer is shut down or in hibernation, your main computer cannot be turned on 24 hours a day. So after it is shut down, it must be able to be turned on remotely through the network to ensure remote access anytime and anywhere. Computer motherboards in the 21st century all support Wake-on-LAN. Wake-on-LAN is a public standard technology supported by the motherboard. When the computer is shut down or in hibernation and there is a monitor, it is a good choice to use VNC remote desktop to connect to the Raspberry Pi real-time graphical interface. Considering that continuing to use intranet penetration technology for remote access will be very slow, here we only test the connection under the same network segment of the LAN. Install VNCserver on the Raspberry Pi and run it, which allows users to install the required app plug-ins to implement different functions. So many fancy features that I will share with you later. The first thing to be implemented here is remote access, offline download and cloud synchronization. U-Anywhere enables remote access to external networks: First, register an account and use your email address to share it with everyone. The first thing to be implemented here is remote access, offline download and cloud synchronization. U-Anywhere enables remote access to external networks: First, you need to register an account, just use your email address. Set external network access address Log in directly using the browser external network Open the file manager's tossing space. Here is a brief introduction to several functions implemented using Wanyu HS-200S: RAID1 mirroring, multi-user rights management, remote access, remote offline download and Cloud synchronization. In fact, based on the Celeron 3855U processor, this product should be able to handle a lot. Such as base"
K_connection_establishment_computer_science_and_technology,connection establishment,Computer Science and Technology,649,"Connection establishment: The startup concept is used to explore the appropriate size of the congestion window corresponding to the current connection. Used to find out the current network conditions of new connections. ""Slow start"" means that after the connection is established, each time a confirmation is received from the receiving end, the control window is increased by a segment value. When the window value reaches the ""slow start"" limit, the slow start concept is used to explore the appropriate size of the congestion window corresponding to the current connection. Used to find out the current network conditions of new connections. ""Slow start"" means that after the connection is established, each time a confirmation is received from the receiving end, the control window is increased by a segment value. When the window value reaches the limit of ""slow start"", slow start quality is lost to provide a more space-saving processing agreement that can better preserve video information. The protocol layer mainly completes the connection establishment and data transmission of network interactive data. For example, our commonly used RTMP (Real Time Messaging Protocol) is a concept relative to message switching (or packet switching). Circuit switching requires that a connection channel must first be established between the communicating parties. After the connection is successfully established, communication activities between the two parties can begin. The information that both parties need to transmit is transmitted through the established connection, and this connection will be maintained until the communication between the two parties ends. This connection will always be occupied during the entire communication activity. When a connection is established, the communication system allocates resources (channels, bandwidth, time slots, codewords, etc.) to it. This also reflects the nature of circuit switching that is different from message switching. The octet transmission specified in 45 is able to parse the type of call media to be used (such as a regular call, video conferencing, or VoIP) and then manage the connection after the connection is established. Call control functions include, but are not limited to, determining the master/slave status of an endpoint, monitoring endpoint status, modifying connection parameters, terminating connections, and"
K_connection_request_computer_science_and_technology,connection request,Computer Science and Technology,674,"Connection request: **Identifier** When ACK=1, it means the confirmation number field is valid When SYN=1, ACK=0, it means that the current message segment is a connection request message. When SYN=1, ACK=1, it means that the current message segment is a response message agreeing to establish a connection. When FIN=1, it means that TCB is reported, and then it enters the LISTEN state and starts waiting for the client to send data. first handshake > The client sends a connection request segment to the server. After the request is sent, the client enters the SYN-SENT state. second handshake > After the server receives the connection request segment, the server sends the connection request segment. After the request is sent, the client enters the SYN-SENT state. second handshake > After the server receives the connection request segment, it enters the SYN-RECEIVED state after completion of sending. third handshake > The client receives the connection consent response status, and the connection is successfully established. Someone asked, if you can establish a connection with two handshakes, why do you need a third time? > To prevent invalid connection request segments from being received by the server, causing errors. ### 26.What are the http request codes? 100 means continue, generally send p **Identifier** When ACK=1, it means the confirmation number field is valid When SYN=1, ACK=0, it means that the current message segment is a connection request message. When SYN=1, ACK=1, it means that the current message segment is a response message agreeing to establish a connection. When FIN=1, it means that TCB is reported, and then it enters the LISTEN state and starts waiting for the client to send data. first handshake > The client sends a connection request segment to the server. After the request is sent, the client enters the SYN-SENT state. second handshake > After the server receives the connection request segment,"
K_selection_computer_science_and_technology,selection,Computer Science and Technology,641,"selection. Select: , do not perform arithmetic operations when judging conditions 4. Many times it is a good choice to use exists instead of in. (1) Select the most applicable field attributes, reduce the length of the defined fields as much as possible, and try to set the fields to NOT NULL, such as 'province, gender'. Where does the earliest ""prior probability"" come from? Bayesian mathematicians will tell you that this stuff is subjective. Because the selection of prior probabilities will affect the final inference if the sample is not large, Bayesian inference is a completely subjective thing. This is also the reason why the two universities have been fighting each other for hundreds of years. When there are too many indicators, the amount of data statistics is large and the weight is difficult to determine. When we hope to solve more general problems, the number of selected indicators is likely to increase. The increase of indicators means that we need to construct a judgment matrix with deeper levels, more numbers, and larger scale. Then Q represents the currently used query strategy, and U represents the unlabeled sample set. The flow chart can be explained as the following steps (taking the classification task as an example): (1) Select the appropriate classifier (network model) as current_model, active selection strategy, and data division as train_s] The ""pool-based sample selection strategy"" is described as follows: The pool-based method selects a sample from the unlabeled sample pool maintained by the system according to the preset selection rules each time and submits it to the benchmark classifier for identification. When the benchmark classifier makes an error in its recognition, manual labeling is performed. Compared with the flow-based method, a stable sorting algorithm based on pool complexity O(nlogn) 4. The basic idea of ​​Quick Sort is to implement divide and conquer from the original array, select a benchmark value, filter it into two smaller and larger sub-arrays, and then continuously select the benchmark values ​​from the two sub-arrays for recursive sorting. When all sub-arrays"
K_communication_subnet_computer_science_and_technology,communication subnet,Computer Science and Technology,0,communication subnet
K_communications_engineering_not_field,communications engineering,not-field,0,communications engineering
K_general_purpose_operating_system_computer_science_and_technology,general-purpose operating system,Computer Science and Technology,668,"General-purpose operating system: Programs that handle the same transactions and run the same special instructions are forced to stop. After all, in this situation, the operating system is just another program on an equal footing. CPUs produced for general-purpose operating systems usually implement a certain degree of special instruction protection concepts at the hardware level. Often lower-privileged programs want to run some operating system that is slightly better than other kernel architectures in the same application area (but it is generally believed that such performance advantages cannot be fully attributed to a single-core architecture). A general-purpose operating system is an operating system that generally does not have specific application requirements. Since there are no specific application requirements, in order to adapt to a wider range of applications, a general-purpose operating system needs to be entirely attributed to a single-core structure). A general-purpose operating system is an operating system that generally does not have specific application requirements. Since there are no specific application requirements, in order to adapt to a wider range of applications, a general operating system needs to support more hardware and software, and the system needs to be updated for all user experiences. General-purpose operating system In order to adapt to a wider range of applications, a general-purpose operating system needs to support more hardware and software, and the system needs to be updated for all user experiences. A general-purpose operating system is an operating system with a heavy engineering workload. ""Real-time operating system"" (Real Time OS) generally refers to all algorithms commonly used in real-time operating systems that use certain real-time resources: WinCE, VxWorks, μC/OS-II, etc. are widely used. Linux was developed as a general-purpose operating system, and its kernel is inherently deficient in real-time processing capabilities. Some network development communities have transformed it into a real-time operating system to a certain extent. Shared files and printers, allowing sharing of data, users, groups, security, applications and other network features. Usually deployed on a local area network or private network. Since general-purpose operating systems now include many features, this statement is a thing of the past. See[edit] Distributed operating system network functions virtualization Reference"
K_logical_partition_computer_science_and_technology,logical partition,Computer Science and Technology,660,"Logical partition: up to four primary partitions. One of them can be used as an extended partition and have multiple logical partitions under it. Sectors 1-4 are reserved as primary partitions and logical partitions start from sector 5. fdisk is built into Linux as a core component, so you don't have to install it manually. When performing the operation replaces its default value e. Please note that when creating an extended partition, you should use all remaining space to create logical partitions under the extended partition later. In the above, we created a total of four partitions (three primary partitions and one extended partition). Before creating the logical partition, the capacity of the extended partition will be reduced. Then create the logical partition under the extended partition. In the above, we created a total of four partitions (three primary partitions and one extended partition). Before the logical partition is created, the capacity of the extended partition will be displayed as unallocated space. Use the following command to display the unallocated space on the disk, shown in the following example: After creating the extended partition, follow the previous steps to create the logical partition. Here, I created a 1GB logical partition located at /dev/sdc5. You can check the partition table value to confirm this. For example, after creating an extended partition, please follow the previous steps to create a logical partition. Here, I created a 1GB logical partition located at /dev/sdc5. You can check the partition table value to confirm this. If we no longer use a partition, follow the steps below to delete it. Please make sure you enter up to four primary partitions. One of them can be used as an extended partition and have multiple logical partitions under it. Sectors 1-4 are reserved as primary partitions and logical partitions start from sector 5. fdisk is built into Linux as a core component, so you don't have to install it manually. performing operations"
K_logical_address_space_computer_science_and_technology,logical address space,Computer Science and Technology,110,"Logical address space: The memory virtual addresses are continuous, while the physical addresses do not need to be continuous. It allocates non-contiguous physical memory blocks and then modifies the page table to map the memory into a contiguous area of ​​the logical address space. The pages obtained through vmalloc must be mapped one by one, which is not efficient. Therefore, it is only used as a last resort (usually for"
K_configuration_file_computer_science_and_technology,configuration file,Computer Science and Technology,658,"Configuration file: g'; Record if query exceeds 10 seconds set global long_query_time=10; Method 2: Configuration file settings Modify the configuration file my.cnf and add it below [mysqld] 3. Restart the MySQL service 4. View settings for various scenarios: database (integer), input and output (string), grpc and internal logic (enumeration). Most backend services use configuration files to allow users to use services in different scenarios. Configuration files can use ini, json, yaml, toml, etc., or even grpc and internal logic (enumeration). Most backend services use configuration files to allow users to use services in different scenarios. Configuration files can use ini, json, yaml, toml, etc., or even dhall (does anyone use dhall?). I'm waiting, even dhall (does anyone use dhall?). My personal preference is toml for its readability and flexibility. For each section of the configuration file, I would define a proto like this: Or add a little bit of hacking, the configuration idea written by adding f to the generated rust code is similar), then the types defined in proto and the following files can be converted to each other, which is very convenient: The configuration items in the configuration file can also be filled in as needed, and do not have to be completely defined at the beginning. Even if some content is deprecated (deprecate) or recate) in the future, there is no need to make any changes to the logic of serialization and deserialization configuration, which is very convenient. I personally feel that it is very necessary to define what the configuration file looks like at the beginning of the project, especially for unit testing. Because of the flexible conversion of configuration files and internal data structures, we can do this"
K_restart_computer_science_and_technology,restart,Computer Science and Technology,658,"Restart: to the possibility of worker failure. (The master didn’t consider it. The paper said to log, make backups, and restart from checkpoint) CountDownLatch concurrency control is used here. When all workers in the phase have completed their tasks, these processes will be completed within 24 hours. Then if I want to use many machines to process, I will be faced with how to distribute the work, how to restart the corresponding tasks if a machine hangs, how to communicate and exchange data between machines to complete complex calculations, and so on. This is why MapReduce/Tez needs to be more lightweight, acquire resources more aggressively, optimize SQL more specifically, and does not require so many fault-tolerance guarantees (because if the system goes wrong, the task will be restarted if the entire processing time is shorter, such as within a few minutes). These systems allow users to process SQL tasks more quickly, sacrificing versatility by providing synchronization information to clients without modifying their own clocks. Unicast client/server mode The host running in client mode periodically sends NTP packets to the host running in server mode during and after reboot. After the server receives the message from the client, it first transmits the message. It is like a door lock without batteries. No operation can unlock the door. Finally, I connected an AA battery to the emergency power supply of the door lock, and the system restarted and returned to normal. Blind test of 10 smart locks in Hangzhou lock market revealed 2 models Finally, we went to a hardware lock market in Hangzhou and randomly fell asleep. Here are two sets of plans for your reference: Timer switch Timer switch 2 It is recommended to check ""Delay scheduled restart/shutdown when copy operation is in progress"" to avoid affecting normal file backup tasks. There are two ways to access your QNAP NAS from the Internet: Set up myQN"
K_reinstallation_computer_science_and_technology,reinstallation,Computer Science and Technology,662,"reinstallation. Reinstall: The system, system files, random software, and drivers can all be found in this folder, so that when the user's system has a problem and needs to add system components and reinstall the driver, it can be easily found. If the user needs more available hard disk space, this directory can be deleted. As a system disk, the C drive will be sent to a provincial maintenance point for maintenance once it is installed. Therefore, if you are in a third-tier city, the maintenance time will be longer. Also, for Linux systems, you need to reinstall the system when you get it. If you don’t know how, Computer City can do it for 50 yuan. Brief review: R5-4500U + 512G solid state + aluminum-magnesium alloy body + ultra-thin frame sold for 39. Login online Open the file manager and you can directly manage the data in the NAS. Tips: During the process, something went wrong and I had to reinstall the system. But after the system was installed, a problem was discovered. . . . . . Bind U-Anywhere account again, prompt: All matching software must be installed on the C drive. There is no need to specifically move the software to another drive. Therefore, even if many software are installed on other drives, the C drive will still have resident files. If you reinstall the system, these software may not be available. You have to reinstall the software anyway, so why not put the software on the C drive? How big of a solid state should I buy? All software must be installed on the C drive. There is no need to specifically move the software to another drive. Therefore, even if many software are installed on other drives, the C drive will still have resident files. If you reinstall the system, these software may not be available. You have to reinstall the software anyway, so why not put the software on the C drive? How big of a solid state should I buy? For cars, they will be sent to provincial maintenance points for maintenance, so if you are in a third-tier city, the maintenance time will be longer. Also, for Linux systems, you need to reinstall the system when you get it. If you don’t know how, Computer City can do it for 50 yuan. Brief review: R5-4500U+512G solid state+aluminum-magnesium alloy body+ultra-thin frame sells for 39"
K_re_execution_computer_science_and_technology,re-execution,Computer Science and Technology,655,"re-execution. Re-execute: This module has thousands of classes. Every time a class is changed, there will be thousands of classes and the dex compilation will be re-executed. Before optimization, in order to get the actual value of re-executing dex compilation and achieve the best optimization, we designed a method of hooking the dex compilation process (this method can theoretically recompile only the modified classes in the directory to dex (instead of re-executing dex compilation for all classes in the entire jar), and the number of overall dex re-compilations will be greatly reduced. The specific implementation plan is as follows: The number of jar to directory conversions will be greatly reduced. The specific implementation plan is as follows: The mapping details of jar to directory are: After the first incremental modification was completed, the number of classes that were re-executed with dex compilation was reduced to 2152, but there are still many confusing classes that should not be dex compiled. The expected number of classes was reduced to 2152, but there are still many confusing classes that should not be dex compiled. It is expected that as many classes as modified, dex will be re-executed as many times, so we continue to further explore the reasons. Since some instructions in the java8 bytecode are in Andr xBuilder, in order to avoid classes that depend on it from acting correctly after desugaring certain classes, it is necessary to re-execute dex compilation of all classes that depend on it. And d8 will look for desguar changes based on the DesugaringGraph in the State, and then set all commands with the wrong command time to the current local execution time to the pending state, triggering the re-execution of these states. Compared with TimeWarp, the biggest advantage of TSS is that it greatly reduces the recording frequency of snapshots (from the original recording by event to recording by delay)."
K_link_state_packet_computer_science_and_technology,link-state packet,Computer Science and Technology,0,link-state packet
K_error_code_computer_science_and_technology,error code,Computer Science and Technology,115,"Error code: The word is: The path is: Added successfully, then OK to confirm: In the Console console: As long as no error is reported, it will succeed. A value >0 indicates an error code Returning 0 is normal. If you can't open it, you need to restart Blender, and it may also need to download Freeimage."
K_blocking_receive_computer_science_and_technology,blocking receive,Computer Science and Technology,0,blocking receive
K_blocked_state_computer_science_and_technology,blocked state,Computer Science and Technology,551,"blocked state. Blocking status: ack Tran; Of course, this modification also comes at a cost, which will cause the second SQL to remain blocked until the first SQL is executed. It takes about 1 minute to execute Query1 or Query2 alone, but if you start executing Query1, execute Query at the same time. There are different ways. One is to directly operate the hardware device register, which generally does not require interruption. The CPU will be in a blocked state when writing a register and cannot continue until the writing is completed, so it is usually only done when processing very little data. Another way is to use DMA. After D is lost, it enters the ready-to-run state. Therefore, there are at least three basic states during the activity of a process, namely running state, ready state, and blocking state. The meaning of each status in the above picture: Of course, there are two other basic states of the process: Therefore, a complete process state transition is as follows: Then the status changes of the process: In addition, there is another state called suspended state, which indicates that the process does not occupy physical memory space. This is different from the blocking state, which is waiting for the return of an event. Due to virtual memory management reasons, the space used by the process may not be mapped to physical memory, but on the hard disk. The process is as follows: 04 Wake up process The process changes from ""running"" to ""blocked"" because the process must wait for the completion of a certain event, so it is absolutely impossible for a process in a blocked state to wake itself up. If a process is waiting for an I/O event and needs to be sent a message by another process, the"
K_random_access_memory_computer_science_and_technology,random-access memory,Computer Science and Technology,663,"random-access memory. Random Access Memory: Personnel must learn microcontroller technology well, otherwise they will be eliminated by society. 2. What is a microcontroller? The microcontroller integrates main functional components such as central processing unit (CPU), random access memory (RAM), read-only memory (ROM), timers/counters, and various input/output interfaces (I/O interfaces) to lose data (program). (3) RAM, one of the internal structures of the microcontroller ""Memory"" has also changed its name. In the microcontroller, it is called data memory, also called random access memory. Represented by RAM (Random Access Memory). Its function is to store the intermediate results of operations. The data buffer is widely used. It is usually a readable chip integrated on the hardware. Its function is to identify and control the hardware. Its characteristic is that it can only be read and cannot be written. The characteristic of random access memory is that it can be read and written. All data will disappear after power failure. This is what we call the memory stick. CacheCACHE Cache is a widely used data exchanger. It is usually a readable chip integrated in the hardware. Its function is to identify and control the hardware. Its characteristic is that it can only be read and cannot be written. The characteristic of random access memory is that it can be read and written. All data will disappear after power failure. This is what we call the memory stick. CacheCACHE The cache is the data transfer ows port, so BREW Emulator can run small programs for Windows. Since AEE occupies very little RAM and flash memory, it is suitable for low-end mainstream models. In addition to providing BREW API services to applications, AEE provides the four basic components necessary for an embedded system: a central processing unit core, program memory (read-only memory or flash memory), data memory (random access memory), one or more timers/counters, and input/output ports for communicating with peripherals and expansion resources - all of which are"
K_static_allocation_computer_science_and_technology,static allocation,Computer Science and Technology,537,"Static allocation: one item. By allowing resources to be accessed simultaneously rather than mutually exclusive, no process will be blocked on the resource and deadlock will not occur. Static allocation is used. The static allocation method means that the process must apply for all the resources it needs before execution, and execution does not start until all the required resources are met. Deprivation Tune SNAT and DNAT during conversion SNAT stage: Since the private network has only one external IP (usually dialed or statically assigned by the operator), when host A of the private network sends a request to the public network to the Web Server, its request packet first passes through the router. Static variables (English: Static Variable) in the field of computer programming refer to the storage space that is statically allocated (English: Static memory allocation) by the system before the program is executed (that is, the allocation will not change during runtime). In many programming languages such as Ascal, all local variables are automatically allocated storage space by the system, while the storage space of all global variables is obtained through static allocation (corresponding to ""static variables""). Therefore, in fact, the two terms ""local variables"" and ""global variables"" are enough to cover all situations. Static variables Static variables (Static Variable) in the field of computer programming refer to a type of variables for which the system statically allocates storage space before the program is executed (that is, the allocation does not change during runtime). Corresponding to this are automatic variables that only exist temporarily at runtime (i.e."
K_asymmetric_digital_subscriber_line_computer_science_and_technology,asymmetric digital subscriber line,Computer Science and Technology,0,asymmetric digital subscriber line
K_unshielded_twisted_pair_computer_science_and_technology,unshielded twisted pair,Computer Science and Technology,664,"Unshielded twisted pair: A 150ohm shielded twisted pair different from Ethernet is used to transmit data. In the early 1990s, AT&T proposed using 100ohm unshielded twisted pair as a transmission medium to transmit data. This idea also occurred after RJ45 became the mainstream connector. began to flow out and became a standard product. 1990s Internet cable. ▲Category 5e network cable: Category 5e unshielded twisted pair (UTP—Unshielded Twisted Pair). The unshielded twisted pair cable is composed of multiple pairs of twisted pairs and a plastic sheath. The outer sheath is marked ""CAT5e""; the transmission bandwidth is 100MHz and is used for voice transmission. Network equipment manufacturers such as SynOptics once sold hubs for connecting many 10BASE-2 thin coaxial line segments. Unshielded twisted-pair cables (UTP) were first used in star LANs, and network equipment manufacturers such as SynOptics once sold hubs for connecting many 10BASE-2 thin coaxial network segments. Unshielded twisted-pair cables (UTP) were first used in star LANs. The IEEE 802.3an standard was released in 2006 and can provide a connection rate of 10 Gbit/s. The transmission distance is up to 100 meters (330 feet) through unshielded twisted pair or shielded twisted pair cable. CAT-6 has a transmission distance of up to 55 meters (180 feet). Network equipment manufacturers such as SynOptics once sold hubs for connecting many 10BASE-2 thin coaxial network segments. Unshielded twisted-pair cables (UTP) were first used in star LANs."
K_illegal_instruction_not_field,illegal instruction,not-field,0,illegal instruction
K_nonterminal_symbol_electronic_science_and_technology,nonterminal symbol,Electronic Science and Technology,657,"nonterminal symbol. Nonterminals: A definition of context-free grammar and an introduction to the terminology used in parsing techniques. Context-free grammar has four components: A set of non-terminals (V). Nonterminal symbols are syntax variables that represent sets of strings. A set of non-terminal definition strings that help define the language generated by the grammar. A set of tokens, called terminal symbols (∑), can produce all strings in which the number of a's is less than the number of b's. In any step of the derivation α => β, the leftmost nonterminal symbol in α is replaced. Such as grammar: Then the leftmost derivation is: Every context-free grammar that does not generate an empty string can be transformed into an equivalent Chomsk ensitive grammar), which is a formal grammar in which the left-hand and right-hand ends of any production rule can be surrounded by a context of terminals and nonterminals. Context-sensitive grammars are more general than context-free grammars, but still orderly enough to be solved by linear bounded automata. S) is context-sensitive if all rules in P have the form Here A ∈ N (that is, A is a single non-terminal symbol), α,β ∈ (N U Σ)* (that is, α and β are strings of non-terminal symbols and terminal symbols) and γ ∈ (N U Here A ∈ N (that is, A is a single non-terminal symbol), α,β ∈ (N U Σ)* (that is, α and β are strings of non-terminal symbols and terminal symbols) and γ ∈ (N U Σ)+ (that is, γ is a non-empty string of non-terminal symbols and terminal symbols). Context U Σ)* (that is, α and β are strings of nonterminals and terminals) and γ ∈ (N U Σ)+ (that is, γ is a nonempty string of nonterminals and terminals). Some definitions of context-sensitive grammars require only that, for any production rule of the form u → v, u"
K_object_oriented_programming_computer_science_and_technology,object-oriented programming,Computer Science and Technology,666,"Object-oriented programming: The value of a free variable in , such as x. It also makes the class library safer, and the performance of the class library has nothing to do with the specific usage scenario. Closures have a strong connection with objects. Many fans of object-oriented programming ideas are often proud that ""objects"" can encapsulate state. In fact, whether it is object-oriented or functional, the expression is just that Component represents a component that only contains data, and System represents a system that processes data. Under this architecture, we convert object-oriented programming into data-oriented programming. Different modules of the game can be divided into different systems. Each module only cares about the data it needs (Componen). Component represents a component that only contains data, and System represents a system that processes data. Under this architecture, we convert object-oriented programming into data-oriented programming. Different modules of the game can be divided into different systems. Each module only cares about the data it needs (Componen , and work hard. The customer is satisfied, the boss is also satisfied, and you feel very good about yourself. And you find something better than unit testing, object-oriented programming (OOP), or functional programming (FP), no matter which one it is, you find that you can stack 150 lines of code in a module and then use these features to make the code written by beginners more standardized, easier to read and expand, lower the threshold of some encapsulation, and also facilitate the development of some developers who are familiar with object-oriented programming. For large-scale project development, this object-oriented development method can help teamwork and improve the work of developers. A template describes the behavior and status of a type of object. - Method: Method is the implementation step of the operation of the class. TypeScript object-oriented programming examples: 1.string 2.numbers 3.boolean 4.number[] or Ar"
K_connection_oriented_protocol_computer_science_and_technology,connection-oriented protocol,Computer Science and Technology,0,connection-oriented protocol
K_page_frame_computer_science_and_technology,page frame,Computer Science and Technology,0,page frame
K_sequential_memory_computer_science_and_technology,sequential memory,Computer Science and Technology,0,sequential memory
K_sequential_search_computer_science_and_technology,sequential search,Computer Science and Technology,269,"Sequential search: . Perl uses an ordered list-like inheritance mechanism: when searching for a method, it first searches for methods in the current class, and then uses a depth-first search to sequentially find each inherited class and its parent class. CLOS allows the programmer full control over the combination of methods. If that's not enough, the meta-object protocol gives programs designed to perform sequential lookups Sequential search is a basic search algorithm that traverses and compares arrays according to the original order of the sequence. sequential search Sequential search is a basic search algorithm that traverses and compares arrays according to the original order of the sequence. Hashing technology The method of hashing technology refers to a search that is different from sequential search, binary search, binary sorting tree and B-tree. It does not use keyword comparison as its basic operation and uses direct addressing technology. ideally"
K_preallocation_computer_science_and_technology,preallocation,Computer Science and Technology,108,"preallocation. Pre-allocation: la/seastar uses dynamic memory allocation, while some HPC sometimes uses pooling objects and pre-allocation. How do you consider this? The use of memory pools is often due to regular workloads, and scylla"
K_high_speed_bus_computer_science_and_technology,high-speed bus,Computer Science and Technology,652,"High-speed bus: the transmission rate, so in car navigation and entertainment systems, the MOST bus or other similar high-speed buses with a rate of up to 22.5Mb/s are generally used. Communication between different bus networks all relies on the gateway to forward messages. Therefore, the gateway is basically the most important component of the in-car bus, which is equally important. Several PC compatible manufacturers joined forces to create EISA. Because both are expected to be compatible with ISA, the speed has not improved much. The real high-speed bus began with VLB, which bound its own frequency to the 486 CPU internal bus frequency at that time: 33MHz. In the Pentium era, the internal bus problem: When a section of coaxial cable is disconnected, all devices on this section will be unable to communicate. Repeaters can ensure that other network segments work normally. Similar to other high-speed buses, Ethernet segments must be terminated with resistors at both ends. For coaxial cables, the terminals at both ends of the cable must be connected to a 50-ohm terminal called a ""terminator"". Question: When a section of coaxial cable is disconnected, all devices on this section will be unable to communicate. Repeaters can ensure the normal operation of other network segments. Similar to other high-speed buses, Ethernet segments must be terminated with resistors at both ends. For coaxial cables, the terminals at both ends of the cable must be connected to a 50-ohm terminal called a ""terminator"". Question: When a section of coaxial cable is disconnected, all devices on this section will be unable to communicate. Repeaters can ensure the normal operation of other network segments. Similar to other high-speed buses, Ethernet segments must be terminated with resistors at both ends. For coaxial cables, the terminals at both ends of the cable must be connected to one of the two chips of the personal computer motherboard chipset called a ""terminator"". The north bridge is used to process high-speed signals, such as central processing units, memories, integrated GPUs, high-speed bus (such as PCI Express interface or AGP interface) controller [1] [2], and communication with the south bridge. Inside the traditional North Bridge"
K_cache_memory_computer_science_and_technology,cache memory,Computer Science and Technology,566,"cache memory. Cache: On the TS-453B of around 4000, it has richer scalability. You can add a 10G network card or expand the cache of m.2. SSD hard disk, etc. The price of Synology with pci-e interface is 6000+ ▼With the support of 10G network and SSD, you can easily run 10G files. Multi-level storage architecture: the highest level is the register in the CPU, which is as fast as the speed of the CPU. Then there is the multi-level Cache (Chinese: cache), each level is slightly slower. Then there’s the aforementioned memory. The above are collectively called primary storage, and data is usually lost after a power outage. Next down is the hard drive. Also Cache vs. Column Indexing for Consistency I always publish articles from the most basic to the most complex, so the timeline is a good reading order. But the number of articles is increasing day by day. Spinlock’s past and present lives The basic principles of caching are almost introduced. The software will generally cooperate with the hardware to the extreme and try its best to optimize performance. Software is built around caching The basic principles of caching are almost introduced. The software will generally cooperate with the hardware to the extreme and try its best to optimize performance. There are many optimizations made by software around caching. We use one point as an entry point to explore the past and present life of spinlock. Spinlock is Linu's pace, and I still learn its history with awe. History can help us better understand the stories and principles behind the code. We take cache as the theme, revolve around the past and present life of spinlock, and try to explore the grudges and resentments between spinlock and Cache. first"
K_black_box_computer_science_and_technology,black box,Computer Science and Technology,621,"Black box: table machine learning). Quantitative strategies, especially those using machine learning algorithms, should not be black boxes. Any user should understand what this algorithm does. In recent years, a sub-discipline in the computer field has gradually attracted the attention of the world, which is table machine learning. Quantitative strategies, especially those using machine learning algorithms, should not be black boxes. Any user should understand what this algorithm does. In recent years, a sub-discipline in the field of computer science has gradually attracted the attention of the world. Its research power Second update: Later, the dynamic parameters of the single joint (single pendulum model) were identified, and torque feedforward control was also added. Three articles were rewritten: black box identification, gray box identification and torque feedforward control. The control effect is better than the above article. It will be reflected back, and the phase of the reflected signal is not necessarily completely opposite to the incident signal, it is a vector. When we use a resistor as a ""black box"" to describe the characteristics of a resistor, how should we describe it? S-parameter is a method that describes the electrical properties of a resistor under the excitation of a high-frequency signal that exhibits radio frequency characteristics. The optimization problem may seem simple, but in fact it becomes very complicated due to the combination of nonlinear functions. Opening the ""black box"" of the neural network, its internal structure is like a huge maze. If we can understand them and use them appropriately, we will have very powerful tools. But a branch of theoretical computer science. There are mainly the following models: A.Oracle Machine. (Oracle Machine) Turing machine with ""black box"". Turing himself proposed that the ""black box"" is an oracle, and the result of a problem can be obtained through an oracle. all"
