id_student,code_presentation,last_assessment_date,n_attempts_so_far,past_success_rate,days_since_first_exposure,half_life_days,p_recall_1d,p_recall_7d,p_recall_30d
23629,2013B,89.0,4,1.0,70.0,13.675097178185805,0.9505763260111401,0.7013082668595051,0.2185796978319925
23798,2013J,208.0,11,1.0,189.0,16.61185680660673,0.9591324981908782,0.7467070380717318,0.2859948363016298
25107,2013B,187.0,11,1.0,168.0,17.244653822913648,0.96060219705257,0.7547533150848543,0.29943824462005353
25997,2014B,47.0,2,1.0,7.0,13.621113801309303,0.9503853908816636,0.7003227951695112,0.21726639292771016
26315,2014J,201.0,5,0.8,182.0,9.411359574610687,0.9289967317396159,0.5971718162926833,0.10975532086963978
26734,2014J,110.0,3,1.0,91.0,12.430275864473238,0.9457634296463958,0.6768269112364681,0.18770485552034183
27759,2013J,208.0,11,1.0,189.0,16.61185680660673,0.9591324981908782,0.7467070380717318,0.2859948363016298
27891,2013B,124.0,12,1.0,112.0,20.191316554091635,0.9662535800622643,0.7863896921766929,0.35705365323198496
29144,2013B,159.0,9,1.0,140.0,16.138983511439626,0.9579606022573045,0.7403439614947853,0.2756953560030644
30091,2013J,208.0,10,1.0,189.0,15.674901714636082,0.9567432660170225,0.7337834276067934,0.2653764771134667
31014,2013J,96.0,5,1.0,77.0,14.313033017381674,0.9527262248120363,0.7124868260819801,0.23390720209740792
31663,2013B,187.0,11,0.9090909090909091,168.0,15.516431379352976,0.9563112755975214,0.7314673324186043,0.2618052152027917
31849,2013J,208.0,11,1.0,189.0,16.61185680660673,0.9591324981908782,0.7467070380717318,0.2859948363016298
32327,2014J,54.0,2,0.5,35.0,7.249694803979926,0.9088179022009042,0.5120803526981007,0.056794489458313724
32930,2014J,201.0,5,0.8,182.0,9.411359574610687,0.9289967317396159,0.5971718162926833,0.10975532086963978
33666,2013B,54.0,3,1.0,35.0,13.733384253463113,0.9507808401984322,0.7023651422057456,0.21999491462114137
34229,2013B,187.0,9,1.0,168.0,15.354220586642985,0.9558600617834357,0.7290548653243458,0.2581246513464444
34353,2013B,187.0,10,1.0,168.0,16.272007212919746,0.9582970061986397,0.7421657693137035,0.2786146453445147
34431,2013B,54.0,1,1.0,0.0,13.014016992892225,0.9481319623363588,0.6887815585935024,0.2023315543159954
34662,2014J,54.0,2,0.5,35.0,7.249694803979926,0.9088179022009042,0.5120803526981007,0.056794489458313724
34756,2013B,54.0,3,1.0,35.0,13.733384253463113,0.9507808401984322,0.7023651422057456,0.21999491462114137
34863,2013B,187.0,11,1.0,168.0,17.244653822913648,0.96060219705257,0.7547533150848543,0.29943824462005353
35812,2013B,19.0,1,1.0,0.0,13.014016992892225,0.9481319623363588,0.6887815585935024,0.2023315543159954
37622,2013J,208.0,10,1.0,189.0,15.674901714636082,0.9567432660170225,0.7337834276067934,0.2653764771134667
38234,2013J,166.0,7,1.0,147.0,14.191796411917649,0.9523321592602285,0.7104264980545231,0.23102208943808172
38711,2014J,152.0,4,0.75,133.0,9.14322208225247,0.9269923675910531,0.588210955065259,0.10286905532938674
39208,2014J,201.0,5,1.0,182.0,11.872718327576681,0.9432900076436247,0.6645331303399441,0.17352298832526095
39655,2013B,187.0,11,1.0,168.0,17.244653822913648,0.96060219705257,0.7547533150848543,0.29943824462005353
41547,2014J,201.0,5,0.8,182.0,9.411359574610687,0.9289967317396159,0.5971718162926833,0.10975532086963978
47855,2013J,208.0,10,0.9,161.0,14.669129063999842,0.9538469007099987,0.7183741733054397,0.24230377886918444
47891,2014J,110.0,3,1.0,91.0,12.430275864473238,0.9457634296463958,0.6768269112364681,0.18770485552034183
48040,2013J,208.0,11,1.0,189.0,16.61185680660673,0.9591324981908782,0.7467070380717318,0.2859948363016298
48503,2013J,208.0,10,1.0,189.0,15.674901714636082,0.9567432660170225,0.7337834276067934,0.2653764771134667
50069,2014B,117.0,6,1.0,105.0,14.431006533497468,0.9531034804844484,0.7144640619516958,0.23670185660004425
50993,2013B,187.0,9,0.5555555555555556,168.0,9.162425296303534,0.9271396667711254,0.5888655344951547,0.1033605639567999
51301,2013J,19.0,1,1.0,0.0,13.014016992892225,0.9481319623363588,0.6887815585935024,0.2023315543159954
52426,2014B,82.0,5,1.0,70.0,14.492515505111,0.953297796167274,0.7154843243067773,0.23815388506135335
52797,2013J,208.0,11,1.0,189.0,16.61185680660673,0.9591324981908782,0.7467070380717318,0.2859948363016298
52899,2013J,166.0,10,1.0,147.0,16.891858306842316,0.9597961175043891,0.7503310553378126,0.291991133980596
55026,2013J,208.0,9,1.0,189.0,14.7907935051416,0.9542177149466892,0.7203313634239693,0.2451456819031239
55968,2014B,117.0,6,1.0,105.0,14.431006533497468,0.9531034804844484,0.7144640619516958,0.23670185660004425
56789,2013J,208.0,11,1.0,189.0,16.61185680660673,0.9591324981908782,0.7467070380717318,0.2859948363016298
57079,2013J,208.0,10,1.0,189.0,15.674901714636082,0.9567432660170225,0.7337834276067934,0.2653764771134667
57285,2014J,201.0,5,0.8,182.0,9.411359574610687,0.9289967317396159,0.5971718162926833,0.10975532086963978
58089,2013B,54.0,2,1.0,35.0,12.9587830480666,0.9479167459046037,0.6876878781159758,0.2009582626927773
58653,2014J,201.0,5,0.8,182.0,9.411359574610687,0.9289967317396159,0.5971718162926833,0.10975532086963978
59272,2014J,201.0,4,1.0,147.0,11.923323161888911,0.9435237670141109,0.66568674656955,0.17481767124294167
59725,2014B,194.0,11,1.0,182.0,16.820166071444753,0.9596282638177619,0.7494129870007343,0.29046306865897914
60416,2014B,194.0,11,1.0,182.0,16.820166071444753,0.9596282638177619,0.7494129870007343,0.29046306865897914
60830,2014B,194.0,10,1.0,182.0,15.871461755491081,0.9572673649561123,0.7366017948547608,0.2697724508753238
61352,2014J,19.0,1,1.0,0.0,13.014016992892225,0.9481319623363588,0.6887815585935024,0.2023315543159954
62631,2013B,124.0,7,1.0,105.0,15.293608755825733,0.9556890600243851,0.7281423683403853,0.2567428969729942
63044,2013J,96.0,5,1.0,77.0,14.313033017381674,0.9527262248120363,0.7124868260819801,0.23390720209740792
63467,2014J,201.0,5,0.8,182.0,9.411359574610687,0.9289967317396159,0.5971718162926833,0.10975532086963978
63721,2014B,194.0,10,1.0,182.0,15.871461755491081,0.9572673649561123,0.7366017948547608,0.2697724508753238
64275,2014B,194.0,10,0.9,182.0,14.130841592482957,0.9521315408374345,0.7093795500889342,0.22956652605310982
68556,2013J,96.0,4,0.75,77.0,10.10173736603902,0.9336845576278509,0.6185876312283153,0.1276454326861673
70569,2014J,201.0,5,0.8,182.0,9.411359574610687,0.9289967317396159,0.5971718162926833,0.10975532086963978
70608,2013B,187.0,11,1.0,168.0,17.244653822913648,0.96060219705257,0.7547533150848543,0.29943824462005353
71504,2014J,201.0,5,1.0,182.0,11.872718327576681,0.9432900076436247,0.6645331303399441,0.17352298832526095
72400,2014B,194.0,11,1.0,182.0,16.820166071444753,0.9596282638177619,0.7494129870007343,0.29046306865897914
73489,2013J,208.0,11,1.0,189.0,16.61185680660673,0.9591324981908782,0.7467070380717318,0.2859948363016298
73584,2014J,54.0,2,0.5,35.0,7.249694803979926,0.9088179022009042,0.5120803526981007,0.056794489458313724
73874,2014J,110.0,3,1.0,91.0,12.430275864473238,0.9457634296463958,0.6768269112364681,0.18770485552034183
74585,2013J,208.0,11,1.0,189.0,16.61185680660673,0.9591324981908782,0.7467070380717318,0.2859948363016298
74695,2013B,187.0,10,1.0,168.0,16.272007212919746,0.9582970061986397,0.7421657693137035,0.2786146453445147
74734,2013B,187.0,10,1.0,168.0,16.272007212919746,0.9582970061986397,0.7421657693137035,0.2786146453445147
75399,2013B,187.0,10,1.0,168.0,16.272007212919746,0.9582970061986397,0.7421657693137035,0.2786146453445147
78255,2014B,47.0,4,1.0,35.0,14.554286645103442,0.9534913265022543,0.7165017041562975,0.2396086014881399
78645,2013B,89.0,4,1.0,70.0,13.675097178185805,0.9505763260111401,0.7013082668595051,0.2185796978319925
80717,2013J,208.0,11,1.0,189.0,16.61185680660673,0.9591324981908782,0.7467070380717318,0.2859948363016298
82535,2013B,187.0,11,1.0,168.0,17.244653822913648,0.96060219705257,0.7547533150848543,0.29943824462005353
82741,2013B,187.0,11,0.9090909090909091,168.0,15.516431379352976,0.9563112755975214,0.7314673324186043,0.2618052152027917
83254,2013B,187.0,11,1.0,168.0,17.244653822913648,0.96060219705257,0.7547533150848543,0.29943824462005353
84245,2013B,187.0,10,1.0,168.0,16.272007212919746,0.9582970061986397,0.7421657693137035,0.2786146453445147
84541,2014J,54.0,2,0.5,35.0,7.249694803979926,0.9088179022009042,0.5120803526981007,0.056794489458313724
84664,2013B,187.0,10,1.0,168.0,16.272007212919746,0.9582970061986397,0.7421657693137035,0.2786146453445147
84812,2013J,208.0,11,1.0,189.0,16.61185680660673,0.9591324981908782,0.7467070380717318,0.2859948363016298
86291,2013J,208.0,10,0.9,161.0,14.669129063999842,0.9538469007099987,0.7183741733054397,0.24230377886918444
87732,2013B,187.0,10,1.0,168.0,16.272007212919746,0.9582970061986397,0.7421657693137035,0.2786146453445147
88340,2014B,82.0,4,1.0,70.0,13.675097178185805,0.9505763260111401,0.7013082668595051,0.2185796978319925
89092,2014B,194.0,11,0.9090909090909091,182.0,15.134484885402992,0.9552337614209082,0.7257175824849951,0.2530986961619158
89778,2014B,194.0,11,1.0,182.0,16.820166071444753,0.9596282638177619,0.7494129870007343,0.29046306865897914
89850,2014J,201.0,5,0.8,182.0,9.411359574610687,0.9289967317396159,0.5971718162926833,0.10975532086963978
90243,2013J,208.0,11,1.0,189.0,16.61185680660673,0.9591324981908782,0.7467070380717318,0.2859948363016298
90361,2014B,194.0,10,1.0,182.0,15.871461755491081,0.9572673649561123,0.7366017948547608,0.2697724508753238
91322,2013B,187.0,10,1.0,168.0,16.272007212919746,0.9582970061986397,0.7421657693137035,0.2786146453445147
92274,2013B,89.0,5,1.0,70.0,14.492515505111,0.953297796167274,0.7154843243067773,0.23815388506135335
92341,2014B,82.0,5,1.0,70.0,14.492515505111,0.953297796167274,0.7154843243067773,0.23815388506135335
92832,2013B,187.0,10,1.0,168.0,16.272007212919746,0.9582970061986397,0.7421657693137035,0.2786146453445147
92947,2013B,187.0,10,1.0,168.0,16.272007212919746,0.9582970061986397,0.7421657693137035,0.2786146453445147
92993,2013B,187.0,10,1.0,168.0,16.272007212919746,0.9582970061986397,0.7421657693137035,0.2786146453445147
94616,2013B,159.0,9,1.0,140.0,16.138983511439626,0.9579606022573045,0.7403439614947853,0.2756953560030644
96475,2013J,131.0,7,1.0,112.0,15.104205132632336,0.9551460609362947,0.7252513114923546,0.25240250990260077
97006,2014B,194.0,9,1.0,182.0,14.97626701104141,0.9547716843809574,0.7232637765324275,0.2494513853872069
97154,2013B,187.0,10,1.0,168.0,16.272007212919746,0.9582970061986397,0.7421657693137035,0.2786146453445147
97567,2013J,208.0,11,1.0,189.0,16.61185680660673,0.9591324981908782,0.7467070380717318,0.2859948363016298
97865,2014B,82.0,5,1.0,70.0,14.492515505111,0.953297796167274,0.7154843243067773,0.23815388506135335
98268,2013J,208.0,11,1.0,189.0,16.61185680660673,0.9591324981908782,0.7467070380717318,0.2859948363016298
98313,2013B,187.0,11,1.0,168.0,17.244653822913648,0.96060219705257,0.7547533150848543,0.29943824462005353
98452,2014J,19.0,1,1.0,0.0,13.014016992892225,0.9481319623363588,0.6887815585935024,0.2023315543159954
98720,2013J,208.0,11,0.9090909090909091,189.0,14.947051931008295,0.9546853162919468,0.7228059186680567,0.2487753157766856
98842,2014J,201.0,5,1.0,182.0,11.872718327576681,0.9432900076436247,0.6645331303399441,0.17352298832526095
99088,2014J,110.0,3,0.6666666666666666,91.0,8.439520459795823,0.9211511789392633,0.5627511431774405,0.08509957049259294
99799,2014B,194.0,10,1.0,182.0,15.871461755491081,0.9572673649561123,0.7366017948547608,0.2697724508753238
100282,2013J,19.0,1,1.0,0.0,13.014016992892225,0.9481319623363588,0.6887815585935024,0.2023315543159954
102067,2014J,19.0,1,1.0,0.0,13.014016992892225,0.9481319623363588,0.6887815585935024,0.2023315543159954
103496,2014J,201.0,5,1.0,182.0,11.872718327576681,0.9432900076436247,0.6645331303399441,0.17352298832526095
103535,2014B,194.0,11,1.0,182.0,16.820166071444753,0.9596282638177619,0.7494129870007343,0.29046306865897914
104054,2013B,187.0,11,1.0,168.0,17.244653822913648,0.96060219705257,0.7547533150848543,0.29943824462005353
105527,2013J,208.0,11,1.0,189.0,16.61185680660673,0.9591324981908782,0.7467070380717318,0.2859948363016298
105851,2013J,208.0,10,1.0,189.0,15.674901714636082,0.9567432660170225,0.7337834276067934,0.2653764771134667
105883,2013J,208.0,11,1.0,189.0,16.61185680660673,0.9591324981908782,0.7467070380717318,0.2859948363016298
106095,2014J,201.0,5,0.8,182.0,9.411359574610687,0.9289967317396159,0.5971718162926833,0.10975532086963978
106588,2013J,208.0,11,1.0,189.0,16.61185680660673,0.9591324981908782,0.7467070380717318,0.2859948363016298
106793,2014J,201.0,5,1.0,182.0,11.872718327576681,0.9432900076436247,0.6645331303399441,0.17352298832526095
107713,2014B,82.0,3,1.0,70.0,12.903783526529546,0.9477006613251653,0.6865912837805365,0.19958849829243266
108118,2013J,166.0,8,1.0,147.0,15.040100034768518,0.9549592523886019,0.7242589755840351,0.2509257470685547
108377,2013B,187.0,10,1.0,168.0,16.272007212919746,0.9582970061986397,0.7421657693137035,0.2786146453445147
108589,2013B,187.0,11,1.0,168.0,17.244653822913648,0.96060219705257,0.7547533150848543,0.29943824462005353
108760,2013J,208.0,9,0.8888888888888888,189.0,12.99981409514213,0.9480767914372378,0.6885010507480218,0.20197864773330285
108799,2014B,194.0,11,1.0,182.0,16.820166071444753,0.9596282638177619,0.7494129870007343,0.29046306865897914
108859,2014J,201.0,5,0.8,182.0,9.411359574610687,0.9289967317396159,0.5971718162926833,0.10975532086963978
109372,2013J,208.0,11,1.0,189.0,16.61185680660673,0.9591324981908782,0.7467070380717318,0.2859948363016298
109441,2014J,201.0,5,0.8,182.0,9.411359574610687,0.9289967317396159,0.5971718162926833,0.10975532086963978
109782,2013J,131.0,5,1.0,112.0,13.448417102127598,0.9497645453403545,0.6971266308941054,0.21304855883469448
109938,2013B,187.0,11,1.0,168.0,17.244653822913648,0.96060219705257,0.7547533150848543,0.29943824462005353
110881,2013B,187.0,11,1.0,168.0,17.244653822913648,0.96060219705257,0.7547533150848543,0.29943824462005353
110911,2014J,201.0,5,1.0,182.0,11.872718327576681,0.9432900076436247,0.6645331303399441,0.17352298832526095
111942,2013J,208.0,11,1.0,189.0,16.61185680660673,0.9591324981908782,0.7467070380717318,0.2859948363016298
114402,2014J,201.0,5,1.0,182.0,11.872718327576681,0.9432900076436247,0.6645331303399441,0.17352298832526095
115452,2014B,194.0,9,1.0,182.0,14.97626701104141,0.9547716843809574,0.7232637765324275,0.2494513853872069
116603,2013B,187.0,10,1.0,168.0,16.272007212919746,0.9582970061986397,0.7421657693137035,0.2786146453445147
116606,2014J,201.0,5,0.8,182.0,9.411359574610687,0.9289967317396159,0.5971718162926833,0.10975532086963978
117071,2013B,54.0,2,1.0,7.0,13.621113801309303,0.9503853908816636,0.7003227951695112,0.21726639292771016
117544,2014J,201.0,5,1.0,182.0,11.872718327576681,0.9432900076436247,0.6645331303399441,0.17352298832526095
117545,2014J,54.0,2,1.0,35.0,12.9587830480666,0.9479167459046037,0.6876878781159758,0.2009582626927773
117699,2014B,194.0,11,1.0,182.0,16.820166071444753,0.9596282638177619,0.7494129870007343,0.29046306865897914
118213,2014J,201.0,5,0.4,182.0,5.913665705713,0.8893974338574564,0.4402213531947172,0.02970818788419758
119444,2014J,19.0,1,0.0,0.0,4.073074741435078,0.8435147679614741,0.3038427186416507,0.0060643005081270065
119471,2014B,194.0,11,0.9090909090909091,182.0,15.134484885402992,0.9552337614209082,0.7257175824849951,0.2530986961619158
119898,2013J,208.0,11,1.0,189.0,16.61185680660673,0.9591324981908782,0.7467070380717318,0.2859948363016298
120994,2013B,187.0,6,1.0,168.0,12.89994082776828,0.9476854969429034,0.6865143833063156,0.19949271063676272
123087,2014J,201.0,5,1.0,182.0,11.872718327576681,0.9432900076436247,0.6645331303399441,0.17352298832526095
123270,2014B,82.0,4,1.0,70.0,13.675097178185805,0.9505763260111401,0.7013082668595051,0.2185796978319925
123462,2014B,194.0,10,1.0,182.0,15.871461755491081,0.9572673649561123,0.7366017948547608,0.2697724508753238
123716,2013J,208.0,11,1.0,189.0,16.61185680660673,0.9591324981908782,0.7467070380717318,0.2859948363016298
123860,2013B,187.0,11,1.0,168.0,17.244653822913648,0.96060219705257,0.7547533150848543,0.29943824462005353
124909,2013J,208.0,11,1.0,189.0,16.61185680660673,0.9591324981908782,0.7467070380717318,0.2859948363016298
125055,2014B,194.0,9,1.0,182.0,14.97626701104141,0.9547716843809574,0.7232637765324275,0.2494513853872069
125535,2014J,201.0,5,0.8,182.0,9.411359574610687,0.9289967317396159,0.5971718162926833,0.10975532086963978
126322,2013B,159.0,7,1.0,140.0,14.36975861757076,0.9529083764359935,0.7134409151339833,0.23525254883637753
126411,2013B,54.0,1,1.0,0.0,13.014016992892225,0.9481319623363588,0.6887815585935024,0.2023315543159954
126608,2014B,194.0,11,0.9090909090909091,182.0,15.134484885402992,0.9552337614209082,0.7257175824849951,0.2530986961619158
126713,2014B,194.0,10,1.0,182.0,15.871461755491081,0.9572673649561123,0.7366017948547608,0.2697724508753238
126769,2014J,201.0,5,1.0,182.0,11.872718327576681,0.9432900076436247,0.6645331303399441,0.17352298832526095
126800,2014J,201.0,5,0.8,182.0,9.411359574610687,0.9289967317396159,0.5971718162926833,0.10975532086963978
128386,2013J,96.0,3,1.0,49.0,13.395328560279822,0.9495705580329001,0.6961305354052967,0.21174697675323445
128889,2013J,208.0,11,1.0,189.0,16.61185680660673,0.9591324981908782,0.7467070380717318,0.2859948363016298
130013,2014B,194.0,11,1.0,182.0,16.820166071444753,0.9596282638177619,0.7494129870007343,0.29046306865897914
131051,2013J,208.0,10,1.0,189.0,15.674901714636082,0.9567432660170225,0.7337834276067934,0.2653764771134667
132626,2013J,131.0,7,1.0,112.0,15.104205132632336,0.9551460609362947,0.7252513114923546,0.25240250990260077
132924,2014J,152.0,4,0.75,133.0,9.14322208225247,0.9269923675910531,0.588210955065259,0.10286905532938674
132972,2014B,194.0,9,1.0,182.0,14.97626701104141,0.9547716843809574,0.7232637765324275,0.2494513853872069
133155,2013B,187.0,11,1.0,168.0,17.244653822913648,0.96060219705257,0.7547533150848543,0.29943824462005353
133748,2013B,124.0,6,1.0,105.0,14.431006533497468,0.9531034804844484,0.7144640619516958,0.23670185660004425
134563,2013J,208.0,11,1.0,189.0,16.61185680660673,0.9591324981908782,0.7467070380717318,0.2859948363016298
138289,2013J,208.0,11,1.0,189.0,16.61185680660673,0.9591324981908782,0.7467070380717318,0.2859948363016298
138407,2014J,110.0,3,0.6666666666666666,91.0,8.439520459795823,0.9211511789392633,0.5627511431774405,0.08509957049259294
138920,2013J,96.0,5,1.0,77.0,14.313033017381674,0.9527262248120363,0.7124868260819801,0.23390720209740792
139250,2014B,194.0,11,1.0,182.0,16.820166071444753,0.9596282638177619,0.7494129870007343,0.29046306865897914
139549,2013J,208.0,11,1.0,189.0,16.61185680660673,0.9591324981908782,0.7467070380717318,0.2859948363016298
140719,2014B,194.0,10,1.0,182.0,15.871461755491081,0.9572673649561123,0.7366017948547608,0.2697724508753238
141823,2013B,47.0,2,0.5,28.0,7.34060448448695,0.9098946600937046,0.5163424296886442,0.05884824135054231
141949,2013J,208.0,11,1.0,189.0,16.61185680660673,0.9591324981908782,0.7467070380717318,0.2859948363016298
142324,2014J,201.0,12,1.0,182.0,17.82557845203511,0.9618613404476298,0.7617058448707849,0.3114397857484351
143741,2013B,187.0,11,1.0,168.0,17.244653822913648,0.96060219705257,0.7547533150848543,0.29943824462005353
145280,2014J,201.0,5,1.0,182.0,11.872718327576681,0.9432900076436247,0.6645331303399441,0.17352298832526095
145544,2013B,187.0,11,1.0,168.0,17.244653822913648,0.96060219705257,0.7547533150848543,0.29943824462005353
146165,2013J,208.0,11,1.0,189.0,16.61185680660673,0.9591324981908782,0.7467070380717318,0.2859948363016298
146600,2013J,208.0,9,1.0,189.0,14.7907935051416,0.9542177149466892,0.7203313634239693,0.2451456819031239
147876,2013B,124.0,7,1.0,105.0,15.293608755825733,0.9556890600243851,0.7281423683403853,0.2567428969729942
148427,2014B,194.0,10,1.0,182.0,15.871461755491081,0.9572673649561123,0.7366017948547608,0.2697724508753238
150398,2014J,201.0,5,0.8,182.0,9.411359574610687,0.9289967317396159,0.5971718162926833,0.10975532086963978
151697,2013B,187.0,11,1.0,168.0,17.244653822913648,0.96060219705257,0.7547533150848543,0.29943824462005353
151800,2013J,96.0,4,1.0,77.0,13.505738003747421,0.9499723295010419,0.6981949260188494,0.2144512906576205
151917,2013J,208.0,16,0.9375,189.0,20.651632085129073,0.966993218299845,0.7906130855744279,0.3653447317403013
152153,2013B,124.0,7,0.7142857142857143,105.0,10.974134139280503,0.9387914695513637,0.6426639554786037,0.1503398249261934
152910,2013B,159.0,9,1.0,140.0,16.138983511439626,0.9579606022573045,0.7403439614947853,0.2756953560030644
152929,2013B,187.0,9,1.0,168.0,15.354220586642985,0.9558600617834357,0.7290548653243458,0.2581246513464444
152973,2014J,201.0,5,0.8,182.0,9.411359574610687,0.9289967317396159,0.5971718162926833,0.10975532086963978
153212,2013B,187.0,11,1.0,168.0,17.244653822913648,0.96060219705257,0.7547533150848543,0.29943824462005353
153704,2013J,131.0,13,1.0,112.0,21.39823683999575,0.9681263009545871,0.7971207801734045,0.3784082193466678
154011,2013J,208.0,11,1.0,189.0,16.61185680660673,0.9591324981908782,0.7467070380717318,0.2859948363016298
154027,2013B,187.0,10,1.0,168.0,16.272007212919746,0.9582970061986397,0.7421657693137035,0.2786146453445147
154125,2013B,159.0,9,1.0,140.0,16.138983511439626,0.9579606022573045,0.7403439614947853,0.2756953560030644
154540,2013B,187.0,11,1.0,168.0,17.244653822913648,0.96060219705257,0.7547533150848543,0.29943824462005353
154570,2013J,96.0,5,1.0,77.0,14.313033017381674,0.9527262248120363,0.7124868260819801,0.23390720209740792
155484,2014J,201.0,5,0.8,182.0,9.411359574610687,0.9289967317396159,0.5971718162926833,0.10975532086963978
155631,2014B,194.0,11,1.0,182.0,16.820166071444753,0.9596282638177619,0.7494129870007343,0.29046306865897914
156311,2013J,208.0,11,1.0,189.0,16.61185680660673,0.9591324981908782,0.7467070380717318,0.2859948363016298
156358,2014J,152.0,4,1.0,133.0,12.224230098094477,0.9448749135351181,0.6723884276206926,0.18248600271117035
156835,2013B,187.0,10,1.0,168.0,16.272007212919746,0.9582970061986397,0.7421657693137035,0.2786146453445147
157060,2013J,208.0,10,1.0,189.0,15.674901714636082,0.9567432660170225,0.7337834276067934,0.2653764771134667
157276,2014B,194.0,10,1.0,182.0,15.871461755491081,0.9572673649561123,0.7366017948547608,0.2697724508753238
157752,2014J,201.0,5,0.8,182.0,9.411359574610687,0.9289967317396159,0.5971718162926833,0.10975532086963978
157795,2013J,208.0,10,1.0,189.0,15.674901714636082,0.9567432660170225,0.7337834276067934,0.2653764771134667
159293,2014B,194.0,11,1.0,182.0,16.820166071444753,0.9596282638177619,0.7494129870007343,0.29046306865897914
160026,2014J,201.0,5,1.0,182.0,11.872718327576681,0.9432900076436247,0.6645331303399441,0.17352298832526095
161491,2013J,208.0,11,1.0,189.0,16.61185680660673,0.9591324981908782,0.7467070380717318,0.2859948363016298
161678,2013B,19.0,1,1.0,0.0,13.014016992892225,0.9481319623363588,0.6887815585935024,0.2023315543159954
165099,2014J,201.0,5,0.8,182.0,9.411359574610687,0.9289967317396159,0.5971718162926833,0.10975532086963978
165243,2013B,187.0,10,1.0,168.0,16.272007212919746,0.9582970061986397,0.7421657693137035,0.2786146453445147
165823,2013J,19.0,1,1.0,0.0,13.014016992892225,0.9481319623363588,0.6887815585935024,0.2023315543159954
165904,2014B,194.0,11,1.0,182.0,16.820166071444753,0.9596282638177619,0.7494129870007343,0.29046306865897914
169008,2014J,201.0,5,0.8,182.0,9.411359574610687,0.9289967317396159,0.5971718162926833,0.10975532086963978
169213,2013J,208.0,11,1.0,189.0,16.61185680660673,0.9591324981908782,0.7467070380717318,0.2859948363016298
169400,2014J,201.0,5,1.0,182.0,11.872718327576681,0.9432900076436247,0.6645331303399441,0.17352298832526095
169515,2013B,47.0,2,1.0,28.0,13.121283519950303,0.9485448817778594,0.690884095136094,0.204991828608527
170356,2013B,19.0,1,1.0,0.0,13.014016992892225,0.9481319623363588,0.6887815585935024,0.2023315543159954
171751,2014B,194.0,10,1.0,154.0,16.682661169863994,0.9593023691100526,0.7476332694171496,0.287518312210947
172137,2014B,194.0,10,1.0,182.0,15.871461755491081,0.9572673649561123,0.7366017948547608,0.2697724508753238
173163,2014J,201.0,4,0.75,182.0,8.379431684429786,0.9206088166235349,0.5604358500967154,0.08360916647024216
173316,2013B,187.0,7,1.0,168.0,13.671024785086619,0.9505619735170273,0.701234148173774,0.21848071123786875
173335,2013B,159.0,9,0.8888888888888888,140.0,14.18475521684127,0.9523090707556346,0.7103059409081444,0.2308541203158177
174222,2013J,166.0,9,1.0,147.0,15.939110348700272,0.9574448152526764,0.7375581425470185,0.2712767358407156
174440,2013J,96.0,4,1.0,77.0,13.505738003747421,0.9499723295010419,0.6981949260188494,0.2144512906576205
174487,2013J,208.0,11,1.0,189.0,16.61185680660673,0.9591324981908782,0.7467070380717318,0.2859948363016298
177554,2014J,110.0,3,1.0,91.0,12.430275864473238,0.9457634296463958,0.6768269112364681,0.18770485552034183
178738,2013J,96.0,4,1.0,77.0,13.505738003747421,0.9499723295010419,0.6981949260188494,0.2144512906576205
178963,2013J,208.0,10,1.0,189.0,15.674901714636082,0.9567432660170225,0.7337834276067934,0.2653764771134667
179073,2014J,110.0,3,1.0,91.0,12.430275864473238,0.9457634296463958,0.6768269112364681,0.18770485552034183
179254,2013J,96.0,4,1.0,77.0,13.505738003747421,0.9499723295010419,0.6981949260188494,0.2144512906576205
179297,2014J,19.0,1,1.0,0.0,13.014016992892225,0.9481319623363588,0.6887815585935024,0.2023315543159954
179605,2013B,54.0,3,1.0,35.0,13.733384253463113,0.9507808401984322,0.7023651422057456,0.21999491462114137
182824,2013B,187.0,11,1.0,168.0,17.244653822913648,0.96060219705257,0.7547533150848543,0.29943824462005353
183287,2014B,47.0,2,1.0,35.0,12.9587830480666,0.9479167459046037,0.6876878781159758,0.2009582626927773
183806,2013B,124.0,3,1.0,105.0,12.124296985103836,0.9444334146302122,0.6701922632116766,0.17994522570330918
184972,2014J,201.0,5,1.0,182.0,11.872718327576681,0.9432900076436247,0.6645331303399441,0.17352298832526095
185021,2014B,194.0,8,1.0,182.0,14.131563748903572,0.9521339275272744,0.7093919974991606,0.22958379018060376
185349,2013B,187.0,11,1.0,168.0,17.244653822913648,0.96060219705257,0.7547533150848543,0.29943824462005353
186565,2014B,82.0,3,1.0,70.0,12.903783526529546,0.9477006613251653,0.6865912837805365,0.19958849829243266
186670,2013B,187.0,8,1.0,168.0,14.488199687873005,0.9532842144150002,0.7154129721973973,0.23805211584605623
186988,2013B,187.0,8,0.875,168.0,12.530064292608422,0.9461835275650179,0.6789341921851104,0.19022232689688234
187257,2014B,194.0,10,1.0,182.0,15.871461755491081,0.9572673649561123,0.7366017948547608,0.2697724508753238
187601,2014B,194.0,10,1.0,182.0,15.871461755491081,0.9572673649561123,0.7366017948547608,0.2697724508753238
187793,2013B,187.0,10,1.0,168.0,16.272007212919746,0.9582970061986397,0.7421657693137035,0.2786146453445147
188026,2013J,208.0,11,1.0,189.0,16.61185680660673,0.9591324981908782,0.7467070380717318,0.2859948363016298
188152,2013B,187.0,11,1.0,168.0,17.244653822913648,0.96060219705257,0.7547533150848543,0.29943824462005353
188766,2014J,201.0,5,1.0,182.0,11.872718327576681,0.9432900076436247,0.6645331303399441,0.17352298832526095
189035,2014B,194.0,10,1.0,182.0,15.871461755491081,0.9572673649561123,0.7366017948547608,0.2697724508753238
189095,2013J,96.0,4,1.0,77.0,13.505738003747421,0.9499723295010419,0.6981949260188494,0.2144512906576205
190352,2014B,194.0,10,1.0,182.0,15.871461755491081,0.9572673649561123,0.7366017948547608,0.2697724508753238
190565,2014B,194.0,10,1.0,182.0,15.871461755491081,0.9572673649561123,0.7366017948547608,0.2697724508753238
191269,2013J,208.0,11,1.0,189.0,16.61185680660673,0.9591324981908782,0.7467070380717318,0.2859948363016298
191459,2014J,201.0,5,0.8,182.0,9.411359574610687,0.9289967317396159,0.5971718162926833,0.10975532086963978
191746,2014J,201.0,5,1.0,182.0,11.872718327576681,0.9432900076436247,0.6645331303399441,0.17352298832526095
191973,2014J,201.0,5,0.8,182.0,9.411359574610687,0.9289967317396159,0.5971718162926833,0.10975532086963978
192424,2013B,187.0,11,1.0,168.0,17.244653822913648,0.96060219705257,0.7547533150848543,0.29943824462005353
192944,2014J,201.0,5,0.8,182.0,9.411359574610687,0.9289967317396159,0.5971718162926833,0.10975532086963978
193215,2013J,54.0,3,1.0,35.0,13.733384253463113,0.9507808401984322,0.7023651422057456,0.21999491462114137
193310,2014J,201.0,5,1.0,182.0,11.872718327576681,0.9432900076436247,0.6645331303399441,0.17352298832526095
193822,2013B,187.0,10,1.0,168.0,16.272007212919746,0.9582970061986397,0.7421657693137035,0.2786146453445147
195096,2013J,208.0,10,1.0,189.0,15.674901714636082,0.9567432660170225,0.7337834276067934,0.2653764771134667
195221,2014J,19.0,1,1.0,0.0,13.014016992892225,0.9481319623363588,0.6887815585935024,0.2023315543159954
195345,2014J,201.0,5,0.8,182.0,9.411359574610687,0.9289967317396159,0.5971718162926833,0.10975532086963978
195938,2013J,208.0,11,1.0,189.0,16.61185680660673,0.9591324981908782,0.7467070380717318,0.2859948363016298
195940,2014J,201.0,5,1.0,182.0,11.872718327576681,0.9432900076436247,0.6645331303399441,0.17352298832526095
197240,2013J,208.0,10,1.0,189.0,15.674901714636082,0.9567432660170225,0.7337834276067934,0.2653764771134667
197412,2013J,208.0,9,1.0,189.0,14.7907935051416,0.9542177149466892,0.7203313634239693,0.2451456819031239
197527,2014J,54.0,2,1.0,35.0,12.9587830480666,0.9479167459046037,0.6876878781159758,0.2009582626927773
197595,2013B,187.0,11,1.0,168.0,17.244653822913648,0.96060219705257,0.7547533150848543,0.29943824462005353
197759,2013J,208.0,11,1.0,189.0,16.61185680660673,0.9591324981908782,0.7467070380717318,0.2859948363016298
198339,2013J,19.0,1,1.0,0.0,13.014016992892225,0.9481319623363588,0.6887815585935024,0.2023315543159954
198956,2013B,187.0,10,1.0,168.0,16.272007212919746,0.9582970061986397,0.7421657693137035,0.2786146453445147
199029,2013J,208.0,11,1.0,189.0,16.61185680660673,0.9591324981908782,0.7467070380717318,0.2859948363016298
199520,2013B,187.0,11,1.0,168.0,17.244653822913648,0.96060219705257,0.7547533150848543,0.29943824462005353
199663,2013J,208.0,11,0.9090909090909091,189.0,14.947051931008295,0.9546853162919468,0.7228059186680567,0.2487753157766856
200905,2013B,187.0,11,0.8181818181818182,168.0,13.961407704819392,0.9515649152370858,0.7064296951543416,0.22550315838274265
201431,2014B,194.0,10,1.0,182.0,15.871461755491081,0.9572673649561123,0.7366017948547608,0.2697724508753238
202394,2014B,194.0,11,1.0,182.0,16.820166071444753,0.9596282638177619,0.7494129870007343,0.29046306865897914
202879,2013J,19.0,1,1.0,0.0,13.014016992892225,0.9481319623363588,0.6887815585935024,0.2023315543159954
203108,2013B,89.0,5,1.0,70.0,14.492515505111,0.953297796167274,0.7154843243067773,0.23815388506135335
203481,2013B,187.0,11,1.0,168.0,17.244653822913648,0.96060219705257,0.7547533150848543,0.29943824462005353
203640,2013J,208.0,11,1.0,189.0,16.61185680660673,0.9591324981908782,0.7467070380717318,0.2859948363016298
204746,2013B,187.0,11,1.0,168.0,17.244653822913648,0.96060219705257,0.7547533150848543,0.29943824462005353
205788,2013J,208.0,11,1.0,189.0,16.61185680660673,0.9591324981908782,0.7467070380717318,0.2859948363016298
206003,2014B,194.0,11,1.0,182.0,16.820166071444753,0.9596282638177619,0.7494129870007343,0.29046306865897914
226374,2013B,187.0,10,1.0,168.0,16.272007212919746,0.9582970061986397,0.7421657693137035,0.2786146453445147
226747,2014B,194.0,11,1.0,182.0,16.820166071444753,0.9596282638177619,0.7494129870007343,0.29046306865897914
226827,2013B,187.0,11,1.0,168.0,17.244653822913648,0.96060219705257,0.7547533150848543,0.29943824462005353
226839,2014J,201.0,5,1.0,182.0,11.872718327576681,0.9432900076436247,0.6645331303399441,0.17352298832526095
227416,2013J,166.0,9,1.0,147.0,15.939110348700272,0.9574448152526764,0.7375581425470185,0.2712767358407156
228481,2014B,194.0,9,1.0,182.0,14.97626701104141,0.9547716843809574,0.7232637765324275,0.2494513853872069
228784,2014B,194.0,11,1.0,182.0,16.820166071444753,0.9596282638177619,0.7494129870007343,0.29046306865897914
228824,2014B,194.0,10,1.0,182.0,15.871461755491081,0.9572673649561123,0.7366017948547608,0.2697724508753238
228909,2014J,110.0,3,0.6666666666666666,91.0,8.439520459795823,0.9211511789392633,0.5627511431774405,0.08509957049259294
229240,2013B,187.0,11,1.0,168.0,17.244653822913648,0.96060219705257,0.7547533150848543,0.29943824462005353
229326,2014J,54.0,2,1.0,35.0,12.9587830480666,0.9479167459046037,0.6876878781159758,0.2009582626927773
229426,2013B,187.0,10,1.0,168.0,16.272007212919746,0.9582970061986397,0.7421657693137035,0.2786146453445147
230081,2013J,208.0,11,1.0,189.0,16.61185680660673,0.9591324981908782,0.7467070380717318,0.2859948363016298
230383,2014J,201.0,5,0.8,182.0,9.411359574610687,0.9289967317396159,0.5971718162926833,0.10975532086963978
231959,2014B,152.0,7,1.0,133.0,14.549952432649603,0.9534777996475436,0.7164305538354675,0.23950664510913347
232539,2014B,194.0,11,1.0,182.0,16.820166071444753,0.9596282638177619,0.7494129870007343,0.29046306865897914
232695,2013B,187.0,11,1.0,168.0,17.244653822913648,0.96060219705257,0.7547533150848543,0.29943824462005353
233095,2014B,194.0,10,1.0,182.0,15.871461755491081,0.9572673649561123,0.7366017948547608,0.2697724508753238
233102,2014B,194.0,10,1.0,182.0,15.871461755491081,0.9572673649561123,0.7366017948547608,0.2697724508753238
233317,2013J,208.0,11,1.0,189.0,16.61185680660673,0.9591324981908782,0.7467070380717318,0.2859948363016298
233752,2013J,208.0,11,1.0,189.0,16.61185680660673,0.9591324981908782,0.7467070380717318,0.2859948363016298
233957,2013J,208.0,9,1.0,189.0,14.7907935051416,0.9542177149466892,0.7203313634239693,0.2451456819031239
234929,2013J,208.0,10,1.0,189.0,15.674901714636082,0.9567432660170225,0.7337834276067934,0.2653764771134667
235097,2013B,124.0,5,1.0,105.0,13.617057484259055,0.9503709844002922,0.7002484873148381,0.21716761122120323
235371,2014J,201.0,5,0.8,182.0,9.411359574610687,0.9289967317396159,0.5971718162926833,0.10975532086963978
235380,2014B,152.0,6,1.0,140.0,13.559264121749717,0.9501648122077447,0.6991858024266003,0.21575868670453618
235428,2014B,194.0,10,0.9,182.0,14.130841592482957,0.9521315408374345,0.7093795500889342,0.22956652605310982
236161,2014B,194.0,11,0.9090909090909091,182.0,15.134484885402992,0.9552337614209082,0.7257175824849951,0.2530986961619158
237304,2013B,159.0,6,1.0,140.0,13.559264121749717,0.9501648122077447,0.6991858024266003,0.21575868670453618
237913,2014J,201.0,11,1.0,182.0,16.820166071444753,0.9596282638177619,0.7494129870007343,0.29046306865897914
238144,2014J,152.0,4,1.0,133.0,12.224230098094477,0.9448749135351181,0.6723884276206926,0.18248600271117035
238519,2014B,82.0,5,1.0,70.0,14.492515505111,0.953297796167274,0.7154843243067773,0.23815388506135335
240993,2013J,208.0,10,1.0,189.0,15.674901714636082,0.9567432660170225,0.7337834276067934,0.2653764771134667
241338,2013J,96.0,5,1.0,77.0,14.313033017381674,0.9527262248120363,0.7124868260819801,0.23390720209740792
242149,2013J,96.0,8,1.0,77.0,17.036160796933082,0.9601297778476986,0.7521588589092654,0.2950517388854798
242390,2014B,82.0,4,1.0,70.0,13.675097178185805,0.9505763260111401,0.7013082668595051,0.2185796978319925
242893,2013J,131.0,7,1.0,112.0,15.104205132632336,0.9551460609362947,0.7252513114923546,0.25240250990260077
243851,2013J,208.0,11,1.0,189.0,16.61185680660673,0.9591324981908782,0.7467070380717318,0.2859948363016298
243909,2013J,19.0,1,1.0,0.0,13.014016992892225,0.9481319623363588,0.6887815585935024,0.2023315543159954
243992,2013J,208.0,10,1.0,189.0,15.674901714636082,0.9567432660170225,0.7337834276067934,0.2653764771134667
244064,2014B,194.0,11,1.0,182.0,16.820166071444753,0.9596282638177619,0.7494129870007343,0.29046306865897914
245404,2013B,54.0,3,1.0,35.0,13.733384253463113,0.9507808401984322,0.7023651422057456,0.21999491462114137
245784,2014J,110.0,3,1.0,91.0,12.430275864473238,0.9457634296463958,0.6768269112364681,0.18770485552034183
245987,2013J,208.0,10,1.0,189.0,15.674901714636082,0.9567432660170225,0.7337834276067934,0.2653764771134667
247267,2013B,187.0,9,0.8888888888888888,168.0,13.495017230331621,0.9499335982151184,0.6979956878370822,0.21418914410193002
247292,2014B,152.0,9,1.0,140.0,16.138983511439626,0.9579606022573045,0.7403439614947853,0.2756953560030644
247457,2014J,201.0,5,1.0,182.0,11.872718327576681,0.9432900076436247,0.6645331303399441,0.17352298832526095
247513,2014B,194.0,10,1.0,182.0,15.871461755491081,0.9572673649561123,0.7366017948547608,0.2697724508753238
247902,2013J,208.0,11,0.9090909090909091,189.0,14.947051931008295,0.9546853162919468,0.7228059186680567,0.2487753157766856
247967,2014J,110.0,3,1.0,91.0,12.430275864473238,0.9457634296463958,0.6768269112364681,0.18770485552034183
248103,2013B,187.0,11,1.0,168.0,17.244653822913648,0.96060219705257,0.7547533150848543,0.29943824462005353
248653,2013J,208.0,11,1.0,189.0,16.61185680660673,0.9591324981908782,0.7467070380717318,0.2859948363016298
248716,2013J,208.0,10,1.0,189.0,15.674901714636082,0.9567432660170225,0.7337834276067934,0.2653764771134667
248800,2013J,19.0,1,1.0,0.0,13.014016992892225,0.9481319623363588,0.6887815585935024,0.2023315543159954
249154,2014J,19.0,1,0.0,0.0,4.073074741435078,0.8435147679614741,0.3038427186416507,0.0060643005081270065
249534,2013B,187.0,11,1.0,168.0,17.244653822913648,0.96060219705257,0.7547533150848543,0.29943824462005353
250123,2014B,194.0,11,1.0,182.0,16.820166071444753,0.9596282638177619,0.7494129870007343,0.29046306865897914
251351,2013B,187.0,9,1.0,168.0,15.354220586642985,0.9558600617834357,0.7290548653243458,0.2581246513464444
251815,2013J,166.0,2,1.0,35.0,12.9587830480666,0.9479167459046037,0.6876878781159758,0.2009582626927773
252257,2013J,208.0,11,1.0,189.0,16.61185680660673,0.9591324981908782,0.7467070380717318,0.2859948363016298
252340,2013B,89.0,5,1.0,70.0,14.492515505111,0.953297796167274,0.7154843243067773,0.23815388506135335
252652,2014B,194.0,14,1.0,175.0,20.271339044694972,0.9663845317178487,0.7871360245962307,0.358508202018868
252863,2014J,201.0,5,1.0,182.0,11.872718327576681,0.9432900076436247,0.6645331303399441,0.17352298832526095
253577,2013J,208.0,11,1.0,189.0,16.61185680660673,0.9591324981908782,0.7467070380717318,0.2859948363016298
254612,2014J,19.0,1,0.0,0.0,4.073074741435078,0.8435147679614741,0.3038427186416507,0.0060643005081270065
255347,2013B,187.0,10,1.0,168.0,16.272007212919746,0.9582970061986397,0.7421657693137035,0.2786146453445147
255998,2013B,187.0,11,0.9090909090909091,168.0,15.516431379352976,0.9563112755975214,0.7314673324186043,0.2618052152027917
256998,2013J,208.0,11,1.0,189.0,16.61185680660673,0.9591324981908782,0.7467070380717318,0.2859948363016298
258035,2013J,208.0,11,1.0,189.0,16.61185680660673,0.9591324981908782,0.7467070380717318,0.2859948363016298
258268,2014J,201.0,5,1.0,182.0,11.872718327576681,0.9432900076436247,0.6645331303399441,0.17352298832526095
258840,2014J,201.0,5,0.8,182.0,9.411359574610687,0.9289967317396159,0.5971718162926833,0.10975532086963978
260137,2014J,201.0,5,1.0,182.0,11.872718327576681,0.9432900076436247,0.6645331303399441,0.17352298832526095
260179,2013J,208.0,10,1.0,189.0,15.674901714636082,0.9567432660170225,0.7337834276067934,0.2653764771134667
260216,2014J,110.0,3,1.0,91.0,12.430275864473238,0.9457634296463958,0.6768269112364681,0.18770485552034183
260955,2014B,194.0,5,1.0,182.0,11.872718327576681,0.9432900076436247,0.6645331303399441,0.17352298832526095
261332,2013J,54.0,3,1.0,35.0,13.733384253463113,0.9507808401984322,0.7023651422057456,0.21999491462114137
261466,2013J,208.0,11,1.0,189.0,16.61185680660673,0.9591324981908782,0.7467070380717318,0.2859948363016298
262294,2013B,124.0,4,0.75,105.0,9.61053734992393,0.9304158284101905,0.603586656955411,0.11489806174721019
262454,2013B,187.0,9,1.0,168.0,15.354220586642985,0.9558600617834357,0.7290548653243458,0.2581246513464444
262639,2013J,208.0,11,1.0,189.0,16.61185680660673,0.9591324981908782,0.7467070380717318,0.2859948363016298
262741,2013B,187.0,11,1.0,168.0,17.244653822913648,0.96060219705257,0.7547533150848543,0.29943824462005353
263448,2014J,201.0,5,1.0,182.0,11.872718327576681,0.9432900076436247,0.6645331303399441,0.17352298832526095
263499,2013B,187.0,11,1.0,168.0,17.244653822913648,0.96060219705257,0.7547533150848543,0.29943824462005353
264106,2014B,194.0,10,0.9,182.0,14.130841592482957,0.9521315408374345,0.7093795500889342,0.22956652605310982
264152,2013J,208.0,10,1.0,189.0,15.674901714636082,0.9567432660170225,0.7337834276067934,0.2653764771134667
264694,2014J,110.0,3,1.0,91.0,12.430275864473238,0.9457634296463958,0.6768269112364681,0.18770485552034183
264744,2013J,208.0,10,1.0,189.0,15.674901714636082,0.9567432660170225,0.7337834276067934,0.2653764771134667
265170,2013J,96.0,4,1.0,77.0,13.505738003747421,0.9499723295010419,0.6981949260188494,0.2144512906576205
265466,2014J,152.0,4,1.0,133.0,12.224230098094477,0.9448749135351181,0.6723884276206926,0.18248600271117035
265958,2014B,152.0,6,1.0,133.0,13.729294502689601,0.9507665455437573,0.7022912268539349,0.21989570987064397
266331,2013J,208.0,11,1.0,189.0,16.61185680660673,0.9591324981908782,0.7467070380717318,0.2859948363016298
266564,2013J,208.0,11,1.0,189.0,16.61185680660673,0.9591324981908782,0.7467070380717318,0.2859948363016298
266744,2014B,117.0,9,1.0,105.0,17.17657937822801,0.9604491843833175,0.7539121536436543,0.29801063459093563
267761,2013B,187.0,10,0.9,168.0,14.487459306510146,0.9532818836625072,0.7154007281381869,0.23803465554772268
268301,2014B,194.0,11,1.0,182.0,16.820166071444753,0.9596282638177619,0.7494129870007343,0.29046306865897914
268589,2013J,208.0,10,1.0,189.0,15.674901714636082,0.9567432660170225,0.7337834276067934,0.2653764771134667
269076,2013B,19.0,1,1.0,0.0,13.014016992892225,0.9481319623363588,0.6887815585935024,0.2023315543159954
269082,2013J,208.0,11,1.0,189.0,16.61185680660673,0.9591324981908782,0.7467070380717318,0.2859948363016298
269204,2013J,208.0,11,1.0,189.0,16.61185680660673,0.9591324981908782,0.7467070380717318,0.2859948363016298
269510,2014J,152.0,4,1.0,133.0,12.224230098094477,0.9448749135351181,0.6723884276206926,0.18248600271117035
270567,2013B,187.0,10,1.0,168.0,16.272007212919746,0.9582970061986397,0.7421657693137035,0.2786146453445147
270646,2013J,208.0,11,1.0,189.0,16.61185680660673,0.9591324981908782,0.7467070380717318,0.2859948363016298
271036,2013B,187.0,11,1.0,168.0,17.244653822913648,0.96060219705257,0.7547533150848543,0.29943824462005353
271467,2014B,117.0,5,1.0,105.0,13.617057484259055,0.9503709844002922,0.7002484873148381,0.21716761122120323
272172,2013J,47.0,2,1.0,28.0,13.121283519950303,0.9485448817778594,0.690884095136094,0.204991828608527
272580,2013B,187.0,11,1.0,168.0,17.244653822913648,0.96060219705257,0.7547533150848543,0.29943824462005353
272617,2014J,110.0,4,1.0,91.0,13.173285962899778,0.9487427071250711,0.6918933457471421,0.20627828705867526
273731,2013B,159.0,9,1.0,140.0,16.138983511439626,0.9579606022573045,0.7403439614947853,0.2756953560030644
273877,2013B,187.0,10,1.0,168.0,16.272007212919746,0.9582970061986397,0.7421657693137035,0.2786146453445147
274247,2013J,208.0,10,1.0,161.0,16.47605483381028,0.9588026880087812,0.7449115366638879,0.2830592080862646
274971,2013J,208.0,10,1.0,189.0,15.674901714636082,0.9567432660170225,0.7337834276067934,0.2653764771134667
275006,2014J,201.0,8,1.0,189.0,13.956551466442034,0.9515484770924864,0.7063442752943645,0.22538632162984673
275112,2014B,194.0,9,0.1111111111111111,182.0,5.3329672508479815,0.8781182460398346,0.40259743985519436,0.02025769545877685
275180,2014J,201.0,5,0.8,182.0,9.411359574610687,0.9289967317396159,0.5971718162926833,0.10975532086963978
275296,2014J,54.0,2,1.0,35.0,12.9587830480666,0.9479167459046037,0.6876878781159758,0.2009582626927773
276717,2013B,187.0,11,1.0,168.0,17.244653822913648,0.96060219705257,0.7547533150848543,0.29943824462005353
276925,2014J,201.0,12,0.9166666666666666,182.0,16.18090778089814,0.9580672087649738,0.740920877570257,0.27661726430677147
277537,2013J,19.0,1,1.0,0.0,13.014016992892225,0.9481319623363588,0.6887815585935024,0.2023315543159954
277733,2013B,187.0,9,0.8888888888888888,168.0,13.495017230331621,0.9499335982151184,0.6979956878370822,0.21418914410193002
277812,2013J,208.0,11,1.0,189.0,16.61185680660673,0.9591324981908782,0.7467070380717318,0.2859948363016298
277967,2014J,201.0,5,1.0,182.0,11.872718327576681,0.9432900076436247,0.6645331303399441,0.17352298832526095
278272,2013J,208.0,10,1.0,189.0,15.674901714636082,0.9567432660170225,0.7337834276067934,0.2653764771134667
278447,2013B,187.0,11,1.0,168.0,17.244653822913648,0.96060219705257,0.7547533150848543,0.29943824462005353
278794,2013J,208.0,10,1.0,189.0,15.674901714636082,0.9567432660170225,0.7337834276067934,0.2653764771134667
280054,2014J,54.0,2,1.0,35.0,12.9587830480666,0.9479167459046037,0.6876878781159758,0.2009582626927773
280140,2013J,54.0,2,1.0,35.0,12.9587830480666,0.9479167459046037,0.6876878781159758,0.2009582626927773
280151,2013J,54.0,2,1.0,35.0,12.9587830480666,0.9479167459046037,0.6876878781159758,0.2009582626927773
280152,2014J,201.0,5,0.8,182.0,9.411359574610687,0.9289967317396159,0.5971718162926833,0.10975532086963978
281564,2013B,187.0,11,1.0,168.0,17.244653822913648,0.96060219705257,0.7547533150848543,0.29943824462005353
282038,2013J,19.0,1,1.0,0.0,13.014016992892225,0.9481319623363588,0.6887815585935024,0.2023315543159954
282713,2014B,194.0,11,1.0,182.0,16.820166071444753,0.9596282638177619,0.7494129870007343,0.29046306865897914
282785,2013J,54.0,3,1.0,35.0,13.733384253463113,0.9507808401984322,0.7023651422057456,0.21999491462114137
283131,2014B,152.0,8,1.0,140.0,15.228699793230607,0.9555044598975224,0.7271584069289139,0.2552592889043663
283564,2014B,194.0,9,0.8888888888888888,182.0,13.162829087910003,0.9487030498025707,0.6916909237653851,0.2060197716063296
283978,2014B,117.0,2,1.0,35.0,12.9587830480666,0.9479167459046037,0.6876878781159758,0.2009582626927773
284076,2013B,187.0,11,1.0,168.0,17.244653822913648,0.96060219705257,0.7547533150848543,0.29943824462005353
284246,2014J,201.0,5,0.8,182.0,9.411359574610687,0.9289967317396159,0.5971718162926833,0.10975532086963978
284762,2014J,201.0,5,1.0,182.0,11.872718327576681,0.9432900076436247,0.6645331303399441,0.17352298832526095
284906,2013J,208.0,11,1.0,189.0,16.61185680660673,0.9591324981908782,0.7467070380717318,0.2859948363016298
285050,2013J,208.0,9,0.7777777777777778,189.0,11.425699807756065,0.9411378833882579,0.6539925291565444,0.16203083105441715
285470,2014J,152.0,3,1.0,98.0,12.276333173535239,0.9451023317336233,0.6735220874686301,0.18380826658956162
285567,2014B,194.0,11,1.0,182.0,16.820166071444753,0.9596282638177619,0.7494129870007343,0.29046306865897914
285633,2013B,187.0,11,1.0,168.0,17.244653822913648,0.96060219705257,0.7547533150848543,0.29943824462005353
285912,2013B,187.0,11,1.0,168.0,17.244653822913648,0.96060219705257,0.7547533150848543,0.29943824462005353
286338,2014J,201.0,5,0.8,182.0,9.411359574610687,0.9289967317396159,0.5971718162926833,0.10975532086963978
286402,2013J,208.0,11,1.0,189.0,16.61185680660673,0.9591324981908782,0.7467070380717318,0.2859948363016298
286690,2013J,131.0,6,1.0,112.0,14.252285803327695,0.9525295906692174,0.7114581070042489,0.2324632375937027
286914,2014B,194.0,9,1.0,182.0,14.97626701104141,0.9547716843809574,0.7232637765324275,0.2494513853872069
286947,2014J,201.0,5,0.8,182.0,9.411359574610687,0.9289967317396159,0.5971718162926833,0.10975532086963978
287107,2013J,208.0,11,1.0,189.0,16.61185680660673,0.9591324981908782,0.7467070380717318,0.2859948363016298
287309,2013J,208.0,11,1.0,189.0,16.61185680660673,0.9591324981908782,0.7467070380717318,0.2859948363016298
287679,2013J,208.0,9,1.0,189.0,14.7907935051416,0.9542177149466892,0.7203313634239693,0.2451456819031239
288086,2014J,201.0,5,0.8,182.0,9.411359574610687,0.9289967317396159,0.5971718162926833,0.10975532086963978
288380,2013B,89.0,3,1.0,70.0,12.903783526529546,0.9477006613251653,0.6865912837805365,0.19958849829243266
288655,2014J,19.0,1,1.0,0.0,13.014016992892225,0.9481319623363588,0.6887815585935024,0.2023315543159954
288967,2014B,152.0,9,1.0,140.0,16.138983511439626,0.9579606022573045,0.7403439614947853,0.2756953560030644
288990,2013B,89.0,4,1.0,70.0,13.675097178185805,0.9505763260111401,0.7013082668595051,0.2185796978319925
289108,2014B,194.0,10,0.9,182.0,14.130841592482957,0.9521315408374345,0.7093795500889342,0.22956652605310982
289753,2013J,54.0,2,1.0,35.0,12.9587830480666,0.9479167459046037,0.6876878781159758,0.2009582626927773
289965,2013J,47.0,2,1.0,28.0,13.121283519950303,0.9485448817778594,0.690884095136094,0.204991828608527
290089,2013J,208.0,11,1.0,189.0,16.61185680660673,0.9591324981908782,0.7467070380717318,0.2859948363016298
290184,2014J,201.0,5,1.0,182.0,11.872718327576681,0.9432900076436247,0.6645331303399441,0.17352298832526095
290550,2013B,187.0,11,1.0,168.0,17.244653822913648,0.96060219705257,0.7547533150848543,0.29943824462005353
290914,2014B,194.0,11,1.0,182.0,16.820166071444753,0.9596282638177619,0.7494129870007343,0.29046306865897914
291037,2013B,187.0,11,0.9090909090909091,168.0,15.516431379352976,0.9563112755975214,0.7314673324186043,0.2618052152027917
291194,2013B,187.0,9,1.0,168.0,15.354220586642985,0.9558600617834357,0.7290548653243458,0.2581246513464444
291544,2013J,208.0,11,1.0,189.0,16.61185680660673,0.9591324981908782,0.7467070380717318,0.2859948363016298
291844,2014B,194.0,10,0.9,182.0,14.130841592482957,0.9521315408374345,0.7093795500889342,0.22956652605310982
291848,2014B,117.0,4,0.75,105.0,9.61053734992393,0.9304158284101905,0.603586656955411,0.11489806174721019
292027,2013B,19.0,1,1.0,0.0,13.014016992892225,0.9481319623363588,0.6887815585935024,0.2023315543159954
292537,2013J,208.0,11,1.0,189.0,16.61185680660673,0.9591324981908782,0.7467070380717318,0.2859948363016298
293387,2014J,201.0,5,1.0,182.0,11.872718327576681,0.9432900076436247,0.6645331303399441,0.17352298832526095
293712,2013J,208.0,11,1.0,189.0,16.61185680660673,0.9591324981908782,0.7467070380717318,0.2859948363016298
293754,2013J,208.0,11,1.0,189.0,16.61185680660673,0.9591324981908782,0.7467070380717318,0.2859948363016298
293760,2013J,208.0,11,0.9090909090909091,189.0,14.947051931008295,0.9546853162919468,0.7228059186680567,0.2487753157766856
293989,2014J,54.0,2,0.5,35.0,7.249694803979926,0.9088179022009042,0.5120803526981007,0.056794489458313724
293992,2014B,194.0,10,1.0,182.0,15.871461755491081,0.9572673649561123,0.7366017948547608,0.2697724508753238
294134,2014J,201.0,5,0.8,182.0,9.411359574610687,0.9289967317396159,0.5971718162926833,0.10975532086963978
294381,2013B,124.0,6,1.0,105.0,14.431006533497468,0.9531034804844484,0.7144640619516958,0.23670185660004425
294513,2014B,194.0,10,1.0,182.0,15.871461755491081,0.9572673649561123,0.7366017948547608,0.2697724508753238
294961,2013B,187.0,9,1.0,168.0,15.354220586642985,0.9558600617834357,0.7290548653243458,0.2581246513464444
294999,2013B,47.0,2,1.0,28.0,13.121283519950303,0.9485448817778594,0.690884095136094,0.204991828608527
295728,2014B,152.0,8,1.0,140.0,15.228699793230607,0.9555044598975224,0.7271584069289139,0.2552592889043663
295754,2013B,187.0,10,1.0,168.0,16.272007212919746,0.9582970061986397,0.7421657693137035,0.2786146453445147
296232,2014B,194.0,10,1.0,182.0,15.871461755491081,0.9572673649561123,0.7366017948547608,0.2697724508753238
297179,2014J,201.0,8,0.875,189.0,12.070270354155399,0.9441917708826167,0.6689928513893814,0.17856910846811194
297484,2013B,187.0,10,1.0,168.0,16.272007212919746,0.9582970061986397,0.7421657693137035,0.2786146453445147
297685,2014J,201.0,5,1.0,182.0,11.872718327576681,0.9432900076436247,0.6645331303399441,0.17352298832526095
297806,2014J,19.0,1,0.0,0.0,4.073074741435078,0.8435147679614741,0.3038427186416507,0.0060643005081270065
298187,2014J,201.0,5,1.0,182.0,11.872718327576681,0.9432900076436247,0.6645331303399441,0.17352298832526095
298303,2014J,201.0,5,1.0,182.0,11.872718327576681,0.9432900076436247,0.6645331303399441,0.17352298832526095
298322,2013B,187.0,11,1.0,168.0,17.244653822913648,0.96060219705257,0.7547533150848543,0.29943824462005353
298476,2013B,187.0,11,1.0,168.0,17.244653822913648,0.96060219705257,0.7547533150848543,0.29943824462005353
298961,2014J,201.0,5,0.8,182.0,9.411359574610687,0.9289967317396159,0.5971718162926833,0.10975532086963978
300819,2014J,201.0,5,0.8,182.0,9.411359574610687,0.9289967317396159,0.5971718162926833,0.10975532086963978
301583,2013J,19.0,1,1.0,0.0,13.014016992892225,0.9481319623363588,0.6887815585935024,0.2023315543159954
301987,2013J,208.0,10,1.0,189.0,15.674901714636082,0.9567432660170225,0.7337834276067934,0.2653764771134667
303165,2014J,201.0,5,0.8,182.0,9.411359574610687,0.9289967317396159,0.5971718162926833,0.10975532086963978
303331,2013J,96.0,5,1.0,77.0,14.313033017381674,0.9527262248120363,0.7124868260819801,0.23390720209740792
303617,2014J,201.0,6,0.8333333333333334,182.0,10.367690373902597,0.9353294395276698,0.6262564732730016,0.1345668603727389
304069,2013J,19.0,1,1.0,0.0,13.014016992892225,0.9481319623363588,0.6887815585935024,0.2023315543159954
304607,2014B,82.0,5,1.0,70.0,14.492515505111,0.953297796167274,0.7154843243067773,0.23815388506135335
305173,2013J,19.0,1,1.0,0.0,13.014016992892225,0.9481319623363588,0.6887815585935024,0.2023315543159954
305373,2014B,194.0,7,1.0,182.0,13.334504108540122,0.9493464541343438,0.6949813147588169,0.2102528921698557
305909,2014J,201.0,5,1.0,182.0,11.872718327576681,0.9432900076436247,0.6645331303399441,0.17352298832526095
305935,2013J,208.0,4,1.0,42.0,14.374039152991557,0.9529220647362682,0.7135126570789928,0.23535395034880946
306478,2014J,201.0,5,1.0,182.0,11.872718327576681,0.9432900076436247,0.6645331303399441,0.17352298832526095
306880,2014J,19.0,1,1.0,0.0,13.014016992892225,0.9481319623363588,0.6887815585935024,0.2023315543159954
306886,2013B,187.0,11,1.0,168.0,17.244653822913648,0.96060219705257,0.7547533150848543,0.29943824462005353
306964,2013J,208.0,11,1.0,189.0,16.61185680660673,0.9591324981908782,0.7467070380717318,0.2859948363016298
307230,2013J,54.0,3,1.0,35.0,13.733384253463113,0.9507808401984322,0.7023651422057456,0.21999491462114137
307386,2014B,194.0,8,1.0,182.0,14.131563748903572,0.9521339275272744,0.7093919974991606,0.22958379018060376
308345,2014B,40.0,2,1.0,28.0,13.121283519950303,0.9485448817778594,0.690884095136094,0.204991828608527
308359,2013J,54.0,2,1.0,35.0,12.9587830480666,0.9479167459046037,0.6876878781159758,0.2009582626927773
308703,2013J,96.0,4,1.0,77.0,13.505738003747421,0.9499723295010419,0.6981949260188494,0.2144512906576205
308775,2014J,201.0,5,0.8,182.0,9.411359574610687,0.9289967317396159,0.5971718162926833,0.10975532086963978
308850,2014J,19.0,1,0.0,0.0,4.073074741435078,0.8435147679614741,0.3038427186416507,0.0060643005081270065
308852,2013J,96.0,5,0.8,77.0,11.345767381423956,0.9407357295454225,0.6520388506225308,0.1599665471924574
309175,2013B,159.0,9,0.8888888888888888,140.0,14.18475521684127,0.9523090707556346,0.7103059409081444,0.2308541203158177
309709,2013B,187.0,9,1.0,168.0,15.354220586642985,0.9558600617834357,0.7290548653243458,0.2581246513464444
309734,2013B,187.0,10,1.0,168.0,16.272007212919746,0.9582970061986397,0.7421657693137035,0.2786146453445147
310125,2013J,54.0,3,1.0,35.0,13.733384253463113,0.9507808401984322,0.7023651422057456,0.21999491462114137
310933,2013J,208.0,10,1.0,189.0,15.674901714636082,0.9567432660170225,0.7337834276067934,0.2653764771134667
311042,2013B,19.0,1,1.0,0.0,13.014016992892225,0.9481319623363588,0.6887815585935024,0.2023315543159954
311599,2014B,194.0,11,1.0,182.0,16.820166071444753,0.9596282638177619,0.7494129870007343,0.29046306865897914
311889,2014B,194.0,11,0.8181818181818182,182.0,13.617739074250267,0.9503734057309885,0.7002609759356122,0.21718421065568186
312141,2013B,19.0,1,1.0,0.0,13.014016992892225,0.9481319623363588,0.6887815585935024,0.2023315543159954
313246,2014B,194.0,6,1.0,182.0,12.582400856697058,0.9464012680578139,0.6800286256824646,0.19153996582477406
313810,2013B,187.0,10,1.0,168.0,16.272007212919746,0.9582970061986397,0.7421657693137035,0.2786146453445147
314252,2014J,201.0,5,1.0,182.0,11.872718327576681,0.9432900076436247,0.6645331303399441,0.17352298832526095
314675,2014J,201.0,5,0.8,182.0,9.411359574610687,0.9289967317396159,0.5971718162926833,0.10975532086963978
314801,2014J,201.0,5,1.0,182.0,11.872718327576681,0.9432900076436247,0.6645331303399441,0.17352298832526095
314850,2013J,96.0,5,1.0,77.0,14.313033017381674,0.9527262248120363,0.7124868260819801,0.23390720209740792
315105,2013J,208.0,11,1.0,189.0,16.61185680660673,0.9591324981908782,0.7467070380717318,0.2859948363016298
315186,2013B,187.0,10,1.0,168.0,16.272007212919746,0.9582970061986397,0.7421657693137035,0.2786146453445147
316076,2013J,208.0,11,1.0,189.0,16.61185680660673,0.9591324981908782,0.7467070380717318,0.2859948363016298
316841,2013B,187.0,11,1.0,168.0,17.244653822913648,0.96060219705257,0.7547533150848543,0.29943824462005353
318056,2013B,187.0,11,0.9090909090909091,168.0,15.516431379352976,0.9563112755975214,0.7314673324186043,0.2618052152027917
318101,2013B,19.0,1,1.0,0.0,13.014016992892225,0.9481319623363588,0.6887815585935024,0.2023315543159954
318500,2014B,194.0,10,1.0,182.0,15.871461755491081,0.9572673649561123,0.7366017948547608,0.2697724508753238
318848,2013J,208.0,11,1.0,189.0,16.61185680660673,0.9591324981908782,0.7467070380717318,0.2859948363016298
318876,2014B,194.0,11,1.0,182.0,16.820166071444753,0.9596282638177619,0.7494129870007343,0.29046306865897914
319209,2013B,187.0,11,1.0,168.0,17.244653822913648,0.96060219705257,0.7547533150848543,0.29943824462005353
319606,2014B,194.0,11,1.0,182.0,16.820166071444753,0.9596282638177619,0.7494129870007343,0.29046306865897914
319618,2013J,208.0,10,0.9,189.0,13.955838253564096,0.9515460619600212,0.7063317259452796,0.22536916061903828
320051,2013J,208.0,9,1.0,154.0,15.741712514171954,0.9569228433410795,0.7347480705128686,0.2668748579091087
320363,2014B,194.0,10,0.9,154.0,14.853076922852111,0.9544052490000132,0.7213229236467263,0.24659517545604492
320757,2013J,208.0,11,1.0,189.0,16.61185680660673,0.9591324981908782,0.7467070380717318,0.2859948363016298
321121,2014B,194.0,11,1.0,182.0,16.820166071444753,0.9596282638177619,0.7494129870007343,0.29046306865897914
321346,2014B,194.0,11,1.0,182.0,16.820166071444753,0.9596282638177619,0.7494129870007343,0.29046306865897914
321450,2014J,201.0,5,1.0,182.0,11.872718327576681,0.9432900076436247,0.6645331303399441,0.17352298832526095
322184,2014J,110.0,3,0.6666666666666666,91.0,8.439520459795823,0.9211511789392633,0.5627511431774405,0.08509957049259294
322325,2014B,117.0,5,1.0,105.0,13.617057484259055,0.9503709844002922,0.7002484873148381,0.21716761122120323
322509,2014B,194.0,11,1.0,182.0,16.820166071444753,0.9596282638177619,0.7494129870007343,0.29046306865897914
322574,2014J,19.0,1,0.0,0.0,4.073074741435078,0.8435147679614741,0.3038427186416507,0.0060643005081270065
322960,2013B,54.0,3,1.0,35.0,13.733384253463113,0.9507808401984322,0.7023651422057456,0.21999491462114137
323090,2013J,208.0,11,1.0,189.0,16.61185680660673,0.9591324981908782,0.7467070380717318,0.2859948363016298
323606,2013J,208.0,11,1.0,189.0,16.61185680660673,0.9591324981908782,0.7467070380717318,0.2859948363016298
324236,2013B,124.0,8,1.0,105.0,16.20777235692813,0.9581352372243056,0.7412892244924674,0.2772071154231157
324614,2013J,96.0,4,0.75,77.0,10.10173736603902,0.9336845576278509,0.6185876312283153,0.1276454326861673
324907,2014B,194.0,11,1.0,182.0,16.820166071444753,0.9596282638177619,0.7494129870007343,0.29046306865897914
325080,2014B,194.0,11,1.0,182.0,16.820166071444753,0.9596282638177619,0.7494129870007343,0.29046306865897914
325308,2014B,194.0,6,1.0,182.0,12.582400856697058,0.9464012680578139,0.6800286256824646,0.19153996582477406
325511,2013B,187.0,9,1.0,168.0,15.354220586642985,0.9558600617834357,0.7290548653243458,0.2581246513464444
325879,2013B,187.0,10,1.0,168.0,16.272007212919746,0.9582970061986397,0.7421657693137035,0.2786146453445147
325887,2013J,208.0,11,1.0,189.0,16.61185680660673,0.9591324981908782,0.7467070380717318,0.2859948363016298
326012,2013B,19.0,1,1.0,0.0,13.014016992892225,0.9481319623363588,0.6887815585935024,0.2023315543159954
327003,2014B,194.0,11,1.0,182.0,16.820166071444753,0.9596282638177619,0.7494129870007343,0.29046306865897914
327224,2014J,54.0,2,1.0,35.0,12.9587830480666,0.9479167459046037,0.6876878781159758,0.2009582626927773
327641,2014B,194.0,11,1.0,182.0,16.820166071444753,0.9596282638177619,0.7494129870007343,0.29046306865897914
329030,2013J,208.0,10,1.0,189.0,15.674901714636082,0.9567432660170225,0.7337834276067934,0.2653764771134667
329192,2013J,208.0,11,1.0,189.0,16.61185680660673,0.9591324981908782,0.7467070380717318,0.2859948363016298
329226,2013B,187.0,11,1.0,168.0,17.244653822913648,0.96060219705257,0.7547533150848543,0.29943824462005353
329321,2013B,124.0,6,1.0,105.0,14.431006533497468,0.9531034804844484,0.7144640619516958,0.23670185660004425
329800,2013B,187.0,10,1.0,168.0,16.272007212919746,0.9582970061986397,0.7421657693137035,0.2786146453445147
330917,2014J,201.0,5,0.8,182.0,9.411359574610687,0.9289967317396159,0.5971718162926833,0.10975532086963978
331156,2014B,194.0,6,1.0,182.0,12.582400856697058,0.9464012680578139,0.6800286256824646,0.19153996582477406
331354,2013B,159.0,9,1.0,140.0,16.138983511439626,0.9579606022573045,0.7403439614947853,0.2756953560030644
331844,2013B,187.0,11,1.0,168.0,17.244653822913648,0.96060219705257,0.7547533150848543,0.29943824462005353
333117,2013J,54.0,3,1.0,35.0,13.733384253463113,0.9507808401984322,0.7023651422057456,0.21999491462114137
333129,2013B,19.0,1,1.0,0.0,13.014016992892225,0.9481319623363588,0.6887815585935024,0.2023315543159954
333651,2013J,131.0,7,1.0,112.0,15.104205132632336,0.9551460609362947,0.7252513114923546,0.25240250990260077
333837,2013B,19.0,1,1.0,0.0,13.014016992892225,0.9481319623363588,0.6887815585935024,0.2023315543159954
334023,2014B,194.0,10,1.0,182.0,15.871461755491081,0.9572673649561123,0.7366017948547608,0.2697724508753238
334291,2013B,124.0,5,1.0,105.0,13.617057484259055,0.9503709844002922,0.7002484873148381,0.21716761122120323
334565,2014B,194.0,11,1.0,182.0,16.820166071444753,0.9596282638177619,0.7494129870007343,0.29046306865897914
334794,2013B,19.0,1,1.0,0.0,13.014016992892225,0.9481319623363588,0.6887815585935024,0.2023315543159954
334981,2014B,194.0,8,1.0,112.0,16.00704727906666,0.9576215451018238,0.7385116650724007,0.27278297102705745
335035,2014J,201.0,5,1.0,182.0,11.872718327576681,0.9432900076436247,0.6645331303399441,0.17352298832526095
335136,2013J,96.0,5,0.8,77.0,11.345767381423956,0.9407357295454225,0.6520388506225308,0.1599665471924574
335421,2013B,187.0,10,1.0,168.0,16.272007212919746,0.9582970061986397,0.7421657693137035,0.2786146453445147
335481,2013J,19.0,1,1.0,0.0,13.014016992892225,0.9481319623363588,0.6887815585935024,0.2023315543159954
335600,2013B,54.0,1,1.0,0.0,13.014016992892225,0.9481319623363588,0.6887815585935024,0.2023315543159954
335910,2013B,159.0,8,1.0,140.0,15.228699793230607,0.9555044598975224,0.7271584069289139,0.2552592889043663
336165,2013B,19.0,1,0.0,0.0,4.073074741435078,0.8435147679614741,0.3038427186416507,0.0060643005081270065
336356,2014B,194.0,11,1.0,182.0,16.820166071444753,0.9596282638177619,0.7494129870007343,0.29046306865897914
336478,2013J,208.0,11,1.0,189.0,16.61185680660673,0.9591324981908782,0.7467070380717318,0.2859948363016298
336646,2013J,19.0,1,1.0,0.0,13.014016992892225,0.9481319623363588,0.6887815585935024,0.2023315543159954
337151,2013J,208.0,10,1.0,189.0,15.674901714636082,0.9567432660170225,0.7337834276067934,0.2653764771134667
338056,2013B,187.0,11,1.0,168.0,17.244653822913648,0.96060219705257,0.7547533150848543,0.29943824462005353
338168,2014B,117.0,4,1.0,105.0,12.849017433344375,0.9474837053064534,0.6854917752869981,0.19822229179880643
338554,2014J,201.0,5,0.8,182.0,9.411359574610687,0.9289967317396159,0.5971718162926833,0.10975532086963978
338741,2013J,208.0,10,1.0,189.0,15.674901714636082,0.9567432660170225,0.7337834276067934,0.2653764771134667
338861,2013B,89.0,4,1.0,70.0,13.675097178185805,0.9505763260111401,0.7013082668595051,0.2185796978319925
339379,2013B,187.0,11,1.0,168.0,17.244653822913648,0.96060219705257,0.7547533150848543,0.29943824462005353
339381,2014B,194.0,11,1.0,182.0,16.820166071444753,0.9596282638177619,0.7494129870007343,0.29046306865897914
339494,2013J,208.0,11,1.0,189.0,16.61185680660673,0.9591324981908782,0.7467070380717318,0.2859948363016298
339608,2013J,208.0,11,1.0,189.0,16.61185680660673,0.9591324981908782,0.7467070380717318,0.2859948363016298
339946,2013B,124.0,6,1.0,105.0,14.431006533497468,0.9531034804844484,0.7144640619516958,0.23670185660004425
340216,2014J,201.0,5,1.0,182.0,11.872718327576681,0.9432900076436247,0.6645331303399441,0.17352298832526095
340592,2014J,19.0,1,1.0,0.0,13.014016992892225,0.9481319623363588,0.6887815585935024,0.2023315543159954
340831,2014B,194.0,17,1.0,182.0,23.829251133992585,0.9713309051699646,0.8157751079037331,0.4178459639384329
340899,2014J,201.0,2,1.0,49.0,12.639794639581536,0.9466380324614093,0.681220395247323,0.1929827387565878
340911,2013J,208.0,10,1.0,189.0,15.674901714636082,0.9567432660170225,0.7337834276067934,0.2653764771134667
340965,2013J,208.0,9,1.0,189.0,14.7907935051416,0.9542177149466892,0.7203313634239693,0.2451456819031239
341040,2013B,89.0,5,1.0,70.0,14.492515505111,0.953297796167274,0.7154843243067773,0.23815388506135335
341229,2013B,47.0,2,1.0,28.0,13.121283519950303,0.9485448817778594,0.690884095136094,0.204991828608527
341509,2013B,187.0,10,1.0,168.0,16.272007212919746,0.9582970061986397,0.7421657693137035,0.2786146453445147
341611,2014J,110.0,2,1.0,56.0,12.483257164393066,0.9459872879951893,0.677949123051539,0.18904230939679062
342017,2014B,152.0,4,1.0,140.0,12.072839179947252,0.9442033079801789,0.6690500745433691,0.1786345782490373
342192,2014J,201.0,5,1.0,182.0,11.872718327576681,0.9432900076436247,0.6645331303399441,0.17352298832526095
342685,2013J,208.0,9,1.0,189.0,14.7907935051416,0.9542177149466892,0.7203313634239693,0.2451456819031239
343138,2014J,201.0,5,1.0,182.0,11.872718327576681,0.9432900076436247,0.6645331303399441,0.17352298832526095
344568,2013J,208.0,9,1.0,189.0,14.7907935051416,0.9542177149466892,0.7203313634239693,0.2451456819031239
345083,2013J,54.0,3,1.0,35.0,13.733384253463113,0.9507808401984322,0.7023651422057456,0.21999491462114137
345128,2013J,208.0,10,1.0,189.0,15.674901714636082,0.9567432660170225,0.7337834276067934,0.2653764771134667
347864,2014B,82.0,5,1.0,70.0,14.492515505111,0.953297796167274,0.7154843243067773,0.23815388506135335
348771,2014B,194.0,9,1.0,182.0,14.97626701104141,0.9547716843809574,0.7232637765324275,0.2494513853872069
349040,2013B,89.0,4,1.0,70.0,13.675097178185805,0.9505763260111401,0.7013082668595051,0.2185796978319925
349258,2014B,12.0,1,1.0,0.0,13.014016992892225,0.9481319623363588,0.6887815585935024,0.2023315543159954
349554,2013J,208.0,11,1.0,189.0,16.61185680660673,0.9591324981908782,0.7467070380717318,0.2859948363016298
349675,2013J,131.0,4,1.0,112.0,12.689888839484961,0.94684298156694,0.6822534654793591,0.19424011654849965
349924,2014J,19.0,1,0.0,0.0,4.073074741435078,0.8435147679614741,0.3038427186416507,0.0060643005081270065
350312,2014J,19.0,1,1.0,0.0,13.014016992892225,0.9481319623363588,0.6887815585935024,0.2023315543159954
350622,2013B,187.0,9,0.8888888888888888,168.0,13.495017230331621,0.9499335982151184,0.6979956878370822,0.21418914410193002
350795,2013B,187.0,9,1.0,168.0,15.354220586642985,0.9558600617834357,0.7290548653243458,0.2581246513464444
350797,2014J,201.0,5,1.0,182.0,11.872718327576681,0.9432900076436247,0.6645331303399441,0.17352298832526095
351050,2014J,201.0,5,1.0,182.0,11.872718327576681,0.9432900076436247,0.6645331303399441,0.17352298832526095
351271,2013B,187.0,10,1.0,168.0,16.272007212919746,0.9582970061986397,0.7421657693137035,0.2786146453445147
351290,2013B,187.0,11,1.0,168.0,17.244653822913648,0.96060219705257,0.7547533150848543,0.29943824462005353
352112,2013J,208.0,11,1.0,189.0,16.61185680660673,0.9591324981908782,0.7467070380717318,0.2859948363016298
352161,2013B,54.0,2,1.0,35.0,12.9587830480666,0.9479167459046037,0.6876878781159758,0.2009582626927773
352339,2013J,96.0,2,1.0,42.0,12.79829506248595,0.9472811571502019,0.6844666467599526,0.19695497645166463
352364,2013B,187.0,11,1.0,168.0,17.244653822913648,0.96060219705257,0.7547533150848543,0.29943824462005353
352688,2013J,208.0,10,1.0,189.0,15.674901714636082,0.9567432660170225,0.7337834276067934,0.2653764771134667
352953,2014B,12.0,1,1.0,0.0,13.014016992892225,0.9481319623363588,0.6887815585935024,0.2023315543159954
353093,2013B,187.0,10,1.0,168.0,16.272007212919746,0.9582970061986397,0.7421657693137035,0.2786146453445147
353352,2013B,19.0,1,1.0,0.0,13.014016992892225,0.9481319623363588,0.6887815585935024,0.2023315543159954
354058,2013B,54.0,3,1.0,35.0,13.733384253463113,0.9507808401984322,0.7023651422057456,0.21999491462114137
354779,2013J,166.0,8,1.0,147.0,15.040100034768518,0.9549592523886019,0.7242589755840351,0.2509257470685547
354895,2013B,89.0,5,1.0,70.0,14.492515505111,0.953297796167274,0.7154843243067773,0.23815388506135335
354984,2014B,194.0,11,1.0,182.0,16.820166071444753,0.9596282638177619,0.7494129870007343,0.29046306865897914
355147,2014B,194.0,11,1.0,182.0,16.820166071444753,0.9596282638177619,0.7494129870007343,0.29046306865897914
355369,2013B,54.0,2,1.0,35.0,12.9587830480666,0.9479167459046037,0.6876878781159758,0.2009582626927773
355643,2014B,194.0,11,1.0,182.0,16.820166071444753,0.9596282638177619,0.7494129870007343,0.29046306865897914
355998,2013B,19.0,1,1.0,0.0,13.014016992892225,0.9481319623363588,0.6887815585935024,0.2023315543159954
356386,2014B,117.0,5,1.0,105.0,13.617057484259055,0.9503709844002922,0.7002484873148381,0.21716761122120323
357030,2013B,47.0,2,1.0,28.0,13.121283519950303,0.9485448817778594,0.690884095136094,0.204991828608527
357901,2014J,152.0,4,0.75,133.0,9.14322208225247,0.9269923675910531,0.588210955065259,0.10286905532938674
357928,2013B,89.0,5,0.8,70.0,11.488040968883949,0.9414477653572977,0.6555013681312004,0.16363901916184487
358001,2014J,201.0,5,1.0,182.0,11.872718327576681,0.9432900076436247,0.6645331303399441,0.17352298832526095
358054,2014B,47.0,3,1.0,35.0,13.733384253463113,0.9507808401984322,0.7023651422057456,0.21999491462114137
358204,2014J,201.0,5,0.8,182.0,9.411359574610687,0.9289967317396159,0.5971718162926833,0.10975532086963978
358956,2014B,194.0,11,1.0,182.0,16.820166071444753,0.9596282638177619,0.7494129870007343,0.29046306865897914
359438,2014B,194.0,11,1.0,182.0,16.820166071444753,0.9596282638177619,0.7494129870007343,0.29046306865897914
360188,2013B,187.0,11,1.0,168.0,17.244653822913648,0.96060219705257,0.7547533150848543,0.29943824462005353
360190,2014B,117.0,5,1.0,105.0,13.617057484259055,0.9503709844002922,0.7002484873148381,0.21716761122120323
360489,2013B,124.0,7,1.0,105.0,15.293608755825733,0.9556890600243851,0.7281423683403853,0.2567428969729942
360876,2013J,19.0,1,1.0,0.0,13.014016992892225,0.9481319623363588,0.6887815585935024,0.2023315543159954
360877,2013B,187.0,10,1.0,168.0,16.272007212919746,0.9582970061986397,0.7421657693137035,0.2786146453445147
361411,2014J,201.0,5,1.0,182.0,11.872718327576681,0.9432900076436247,0.6645331303399441,0.17352298832526095
361603,2013B,187.0,11,1.0,168.0,17.244653822913648,0.96060219705257,0.7547533150848543,0.29943824462005353
362760,2013B,159.0,9,1.0,140.0,16.138983511439626,0.9579606022573045,0.7403439614947853,0.2756953560030644
362877,2013B,19.0,1,1.0,0.0,13.014016992892225,0.9481319623363588,0.6887815585935024,0.2023315543159954
363110,2014B,194.0,10,0.9,182.0,14.130841592482957,0.9521315408374345,0.7093795500889342,0.22956652605310982
363213,2014J,201.0,5,1.0,182.0,11.872718327576681,0.9432900076436247,0.6645331303399441,0.17352298832526095
363396,2014B,194.0,10,1.0,182.0,15.871461755491081,0.9572673649561123,0.7366017948547608,0.2697724508753238
363401,2013B,187.0,10,0.6,168.0,10.224581289801446,0.9344546037530832,0.6221676930166072,0.1308417185838935
363416,2013B,187.0,11,1.0,168.0,17.244653822913648,0.96060219705257,0.7547533150848543,0.29943824462005353
363660,2013B,187.0,11,1.0,168.0,17.244653822913648,0.96060219705257,0.7547533150848543,0.29943824462005353
364073,2013J,208.0,11,1.0,189.0,16.61185680660673,0.9591324981908782,0.7467070380717318,0.2859948363016298
364527,2014J,201.0,5,1.0,182.0,11.872718327576681,0.9432900076436247,0.6645331303399441,0.17352298832526095
364666,2013J,96.0,2,1.0,77.0,12.025180825572988,0.9439884855722172,0.6679852591787916,0.1774193194088113
364871,2013J,208.0,11,1.0,189.0,16.61185680660673,0.9591324981908782,0.7467070380717318,0.2859948363016298
365060,2013J,19.0,1,1.0,0.0,13.014016992892225,0.9481319623363588,0.6887815585935024,0.2023315543159954
365097,2014J,201.0,5,0.8,182.0,9.411359574610687,0.9289967317396159,0.5971718162926833,0.10975532086963978
365111,2014J,201.0,10,0.9,189.0,13.955838253564096,0.9515460619600212,0.7063317259452796,0.22536916061903828
365169,2013J,208.0,10,1.0,189.0,15.674901714636082,0.9567432660170225,0.7337834276067934,0.2653764771134667
365439,2013B,54.0,3,1.0,35.0,13.733384253463113,0.9507808401984322,0.7023651422057456,0.21999491462114137
365452,2013B,187.0,10,1.0,168.0,16.272007212919746,0.9582970061986397,0.7421657693137035,0.2786146453445147
365488,2013B,54.0,4,1.0,42.0,14.374039152991557,0.9529220647362682,0.7135126570789928,0.23535395034880946
365631,2013J,208.0,11,1.0,189.0,16.61185680660673,0.9591324981908782,0.7467070380717318,0.2859948363016298
365707,2013B,187.0,11,1.0,168.0,17.244653822913648,0.96060219705257,0.7547533150848543,0.29943824462005353
366479,2014J,201.0,5,1.0,182.0,11.872718327576681,0.9432900076436247,0.6645331303399441,0.17352298832526095
366524,2013J,208.0,10,1.0,189.0,15.674901714636082,0.9567432660170225,0.7337834276067934,0.2653764771134667
366936,2014B,82.0,5,1.0,70.0,14.492515505111,0.953297796167274,0.7154843243067773,0.23815388506135335
367304,2013B,159.0,5,0.8,140.0,10.14203184831634,0.9339391288883674,0.6197692128281005,0.128693655654976
367348,2013B,89.0,4,1.0,70.0,13.675097178185805,0.9505763260111401,0.7013082668595051,0.2185796978319925
367433,2013J,208.0,10,1.0,189.0,15.674901714636082,0.9567432660170225,0.7337834276067934,0.2653764771134667
367535,2014B,194.0,11,1.0,182.0,16.820166071444753,0.9596282638177619,0.7494129870007343,0.29046306865897914
367609,2013B,187.0,11,1.0,168.0,17.244653822913648,0.96060219705257,0.7547533150848543,0.29943824462005353
368077,2013J,208.0,11,1.0,189.0,16.61185680660673,0.9591324981908782,0.7467070380717318,0.2859948363016298
368521,2014J,201.0,5,0.8,182.0,9.411359574610687,0.9289967317396159,0.5971718162926833,0.10975532086963978
369234,2014J,110.0,3,0.3333333333333333,91.0,5.730002002198576,0.8860622669964707,0.4287949851016118,0.02654161070825988
369715,2014B,194.0,9,1.0,182.0,14.97626701104141,0.9547716843809574,0.7232637765324275,0.2494513853872069
369986,2013J,166.0,9,0.8888888888888888,147.0,14.009084184903971,0.9517257077423333,0.7072657110424155,0.22664910855004708
370008,2014B,194.0,8,1.0,182.0,14.131563748903572,0.9521339275272744,0.7093919974991606,0.22958379018060376
370302,2013B,159.0,9,0.7777777777777778,140.0,12.467159435356384,0.9459194669661347,0.677608964956335,0.18863613930762008
370307,2013J,54.0,2,1.0,35.0,12.9587830480666,0.9479167459046037,0.6876878781159758,0.2009582626927773
370720,2013B,187.0,9,1.0,168.0,15.354220586642985,0.9558600617834357,0.7290548653243458,0.2581246513464444
370859,2013J,208.0,11,1.0,189.0,16.61185680660673,0.9591324981908782,0.7467070380717318,0.2859948363016298
371530,2013J,208.0,10,1.0,189.0,15.674901714636082,0.9567432660170225,0.7337834276067934,0.2653764771134667
371679,2013B,187.0,11,1.0,168.0,17.244653822913648,0.96060219705257,0.7547533150848543,0.29943824462005353
371888,2013J,19.0,1,1.0,0.0,13.014016992892225,0.9481319623363588,0.6887815585935024,0.2023315543159954
372172,2013J,19.0,1,1.0,0.0,13.014016992892225,0.9481319623363588,0.6887815585935024,0.2023315543159954
372602,2014J,201.0,5,0.8,182.0,9.411359574610687,0.9289967317396159,0.5971718162926833,0.10975532086963978
372658,2013J,208.0,11,1.0,189.0,16.61185680660673,0.9591324981908782,0.7467070380717318,0.2859948363016298
372997,2014B,152.0,9,1.0,140.0,16.138983511439626,0.9579606022573045,0.7403439614947853,0.2756953560030644
373174,2014J,201.0,6,1.0,182.0,12.582400856697058,0.9464012680578139,0.6800286256824646,0.19153996582477406
373269,2013J,166.0,7,0.8571428571428571,147.0,12.021745138337952,0.9439729351183263,0.6679082362853788,0.17733166075349382
373807,2013J,96.0,4,1.0,77.0,13.505738003747421,0.9499723295010419,0.6981949260188494,0.2144512906576205
373846,2014J,54.0,2,0.5,35.0,7.249694803979926,0.9088179022009042,0.5120803526981007,0.056794489458313724
373848,2013J,208.0,11,1.0,189.0,16.61185680660673,0.9591324981908782,0.7467070380717318,0.2859948363016298
374038,2013J,208.0,11,0.9090909090909091,189.0,14.947051931008295,0.9546853162919468,0.7228059186680567,0.2487753157766856
374102,2013B,187.0,7,1.0,168.0,13.671024785086619,0.9505619735170273,0.701234148173774,0.21848071123786875
374234,2013B,187.0,10,1.0,168.0,16.272007212919746,0.9582970061986397,0.7421657693137035,0.2786146453445147
374515,2014B,47.0,3,1.0,35.0,13.733384253463113,0.9507808401984322,0.7023651422057456,0.21999491462114137
374747,2014B,194.0,11,0.8181818181818182,182.0,13.617739074250267,0.9503734057309885,0.7002609759356122,0.21718421065568186
375711,2014B,12.0,1,1.0,0.0,13.014016992892225,0.9481319623363588,0.6887815585935024,0.2023315543159954
375717,2014B,117.0,7,1.0,105.0,15.293608755825733,0.9556890600243851,0.7281423683403853,0.2567428969729942
375960,2013J,208.0,9,1.0,161.0,15.546759352164505,0.956394615947804,0.7319136690847253,0.26249055268643207
376617,2013B,159.0,7,1.0,140.0,14.36975861757076,0.9529083764359935,0.7134409151339833,0.23525254883637753
377469,2014B,194.0,11,1.0,182.0,16.820166071444753,0.9596282638177619,0.7494129870007343,0.29046306865897914
377759,2013B,187.0,6,1.0,168.0,12.89994082776828,0.9476854969429034,0.6865143833063156,0.19949271063676272
377846,2013B,187.0,11,0.9090909090909091,168.0,15.516431379352976,0.9563112755975214,0.7314673324186043,0.2618052152027917
377905,2013B,89.0,4,1.0,70.0,13.675097178185805,0.9505763260111401,0.7013082668595051,0.2185796978319925
378462,2013B,187.0,10,1.0,168.0,16.272007212919746,0.9582970061986397,0.7421657693137035,0.2786146453445147
378543,2013B,187.0,11,1.0,168.0,17.244653822913648,0.96060219705257,0.7547533150848543,0.29943824462005353
378721,2013B,54.0,4,1.0,35.0,14.554286645103442,0.9534913265022543,0.7165017041562975,0.2396086014881399
379210,2013J,166.0,8,1.0,147.0,15.040100034768518,0.9549592523886019,0.7242589755840351,0.2509257470685547
379212,2014J,54.0,2,1.0,35.0,12.9587830480666,0.9479167459046037,0.6876878781159758,0.2009582626927773
379402,2013B,89.0,3,1.0,70.0,12.903783526529546,0.9477006613251653,0.6865912837805365,0.19958849829243266
379720,2014J,201.0,5,0.8,182.0,9.411359574610687,0.9289967317396159,0.5971718162926833,0.10975532086963978
380184,2014B,194.0,9,0.8888888888888888,182.0,13.162829087910003,0.9487030498025707,0.6916909237653851,0.2060197716063296
380204,2014B,194.0,11,1.0,182.0,16.820166071444753,0.9596282638177619,0.7494129870007343,0.29046306865897914
380205,2013J,54.0,3,1.0,35.0,13.733384253463113,0.9507808401984322,0.7023651422057456,0.21999491462114137
380240,2013J,166.0,9,1.0,147.0,15.939110348700272,0.9574448152526764,0.7375581425470185,0.2712767358407156
380515,2014J,19.0,1,1.0,0.0,13.014016992892225,0.9481319623363588,0.6887815585935024,0.2023315543159954
381533,2014B,194.0,11,1.0,182.0,16.820166071444753,0.9596282638177619,0.7494129870007343,0.29046306865897914
381541,2013J,208.0,9,1.0,189.0,14.7907935051416,0.9542177149466892,0.7203313634239693,0.2451456819031239
381544,2014B,194.0,11,1.0,182.0,16.820166071444753,0.9596282638177619,0.7494129870007343,0.29046306865897914
381669,2013J,166.0,9,0.8888888888888888,147.0,14.009084184903971,0.9517257077423333,0.7072657110424155,0.22664910855004708
381722,2013B,19.0,1,1.0,0.0,13.014016992892225,0.9481319623363588,0.6887815585935024,0.2023315543159954
381882,2014J,201.0,5,0.6,182.0,7.460270394597564,0.9112738674779399,0.5218460657031242,0.06158394229354896
381909,2014B,194.0,11,1.0,182.0,16.820166071444753,0.9596282638177619,0.7494129870007343,0.29046306865897914
381917,2014B,194.0,11,1.0,182.0,16.820166071444753,0.9596282638177619,0.7494129870007343,0.29046306865897914
382575,2013J,166.0,5,1.0,147.0,12.63603055572936,0.9466225687239788,0.6811425028775445,0.19288818748516023
382920,2013J,208.0,11,1.0,189.0,16.61185680660673,0.9591324981908782,0.7467070380717318,0.2859948363016298
382979,2013J,208.0,11,1.0,189.0,16.61185680660673,0.9591324981908782,0.7467070380717318,0.2859948363016298
383241,2014B,194.0,11,1.0,182.0,16.820166071444753,0.9596282638177619,0.7494129870007343,0.29046306865897914
383303,2013J,208.0,9,1.0,189.0,14.7907935051416,0.9542177149466892,0.7203313634239693,0.2451456819031239
383571,2013J,208.0,11,1.0,189.0,16.61185680660673,0.9591324981908782,0.7467070380717318,0.2859948363016298
383967,2014B,194.0,11,1.0,182.0,16.820166071444753,0.9596282638177619,0.7494129870007343,0.29046306865897914
384266,2014J,19.0,1,1.0,0.0,13.014016992892225,0.9481319623363588,0.6887815585935024,0.2023315543159954
384636,2014B,117.0,5,1.0,105.0,13.617057484259055,0.9503709844002922,0.7002484873148381,0.21716761122120323
384678,2013B,187.0,6,1.0,168.0,12.89994082776828,0.9476854969429034,0.6865143833063156,0.19949271063676272
384884,2014B,194.0,10,1.0,182.0,15.871461755491081,0.9572673649561123,0.7366017948547608,0.2697724508753238
384909,2013B,89.0,5,1.0,70.0,14.492515505111,0.953297796167274,0.7154843243067773,0.23815388506135335
385034,2013B,54.0,3,1.0,35.0,13.733384253463113,0.9507808401984322,0.7023651422057456,0.21999491462114137
385040,2013J,54.0,2,1.0,35.0,12.9587830480666,0.9479167459046037,0.6876878781159758,0.2009582626927773
385341,2014J,54.0,2,0.5,35.0,7.249694803979926,0.9088179022009042,0.5120803526981007,0.056794489458313724
385405,2014J,201.0,5,1.0,182.0,11.872718327576681,0.9432900076436247,0.6645331303399441,0.17352298832526095
385820,2013J,208.0,11,1.0,189.0,16.61185680660673,0.9591324981908782,0.7467070380717318,0.2859948363016298
386348,2013B,187.0,9,1.0,168.0,15.354220586642985,0.9558600617834357,0.7290548653243458,0.2581246513464444
386374,2014B,12.0,1,1.0,0.0,13.014016992892225,0.9481319623363588,0.6887815585935024,0.2023315543159954
386889,2013J,208.0,11,1.0,189.0,16.61185680660673,0.9591324981908782,0.7467070380717318,0.2859948363016298
387406,2014J,201.0,5,0.8,182.0,9.411359574610687,0.9289967317396159,0.5971718162926833,0.10975532086963978
387700,2013J,208.0,10,1.0,189.0,15.674901714636082,0.9567432660170225,0.7337834276067934,0.2653764771134667
387702,2013B,47.0,2,1.0,28.0,13.121283519950303,0.9485448817778594,0.690884095136094,0.204991828608527
387773,2014J,201.0,5,1.0,182.0,11.872718327576681,0.9432900076436247,0.6645331303399441,0.17352298832526095
388052,2013J,166.0,7,1.0,147.0,14.191796411917649,0.9523321592602285,0.7104264980545231,0.23102208943808172
388205,2013B,124.0,5,1.0,105.0,13.617057484259055,0.9503709844002922,0.7002484873148381,0.21716761122120323
388360,2013B,159.0,7,1.0,140.0,14.36975861757076,0.9529083764359935,0.7134409151339833,0.23525254883637753
388410,2013B,89.0,5,1.0,70.0,14.492515505111,0.953297796167274,0.7154843243067773,0.23815388506135335
388432,2013J,208.0,10,1.0,189.0,15.674901714636082,0.9567432660170225,0.7337834276067934,0.2653764771134667
388484,2013B,19.0,1,1.0,0.0,13.014016992892225,0.9481319623363588,0.6887815585935024,0.2023315543159954
388549,2013J,54.0,2,1.0,35.0,12.9587830480666,0.9479167459046037,0.6876878781159758,0.2009582626927773
388738,2014J,152.0,4,1.0,133.0,12.224230098094477,0.9448749135351181,0.6723884276206926,0.18248600271117035
388975,2013J,208.0,10,0.9,189.0,13.955838253564096,0.9515460619600212,0.7063317259452796,0.22536916061903828
389101,2013J,208.0,10,1.0,189.0,15.674901714636082,0.9567432660170225,0.7337834276067934,0.2653764771134667
389249,2014B,194.0,10,1.0,182.0,15.871461755491081,0.9572673649561123,0.7366017948547608,0.2697724508753238
389369,2013B,187.0,11,1.0,168.0,17.244653822913648,0.96060219705257,0.7547533150848543,0.29943824462005353
389471,2013J,208.0,11,1.0,189.0,16.61185680660673,0.9591324981908782,0.7467070380717318,0.2859948363016298
390220,2013B,187.0,10,1.0,168.0,16.272007212919746,0.9582970061986397,0.7421657693137035,0.2786146453445147
390442,2013B,187.0,11,1.0,168.0,17.244653822913648,0.96060219705257,0.7547533150848543,0.29943824462005353
390461,2013B,124.0,6,1.0,105.0,14.431006533497468,0.9531034804844484,0.7144640619516958,0.23670185660004425
390958,2013J,208.0,11,1.0,189.0,16.61185680660673,0.9591324981908782,0.7467070380717318,0.2859948363016298
391153,2014B,194.0,11,1.0,182.0,16.820166071444753,0.9596282638177619,0.7494129870007343,0.29046306865897914
391937,2014J,201.0,5,1.0,182.0,11.872718327576681,0.9432900076436247,0.6645331303399441,0.17352298832526095
392060,2013J,208.0,11,1.0,189.0,16.61185680660673,0.9591324981908782,0.7467070380717318,0.2859948363016298
392213,2013B,187.0,11,0.9090909090909091,168.0,15.516431379352976,0.9563112755975214,0.7314673324186043,0.2618052152027917
392281,2013J,166.0,11,1.0,147.0,17.90155603519647,0.9620200945031664,0.762586311159314,0.3129855648080149
392428,2013B,187.0,10,1.0,168.0,16.272007212919746,0.9582970061986397,0.7421657693137035,0.2786146453445147
392604,2014B,194.0,11,1.0,182.0,16.820166071444753,0.9596282638177619,0.7494129870007343,0.29046306865897914
392614,2013B,54.0,3,1.0,35.0,13.733384253463113,0.9507808401984322,0.7023651422057456,0.21999491462114137
392733,2014B,12.0,1,1.0,0.0,13.014016992892225,0.9481319623363588,0.6887815585935024,0.2023315543159954
393131,2014B,82.0,3,1.0,42.0,13.563303223024676,0.9501792769553784,0.699260313769955,0.2158572459412706
393327,2013J,208.0,11,1.0,189.0,16.61185680660673,0.9591324981908782,0.7467070380717318,0.2859948363016298
394067,2014B,194.0,11,1.0,182.0,16.820166071444753,0.9596282638177619,0.7494129870007343,0.29046306865897914
394314,2014J,201.0,5,0.8,182.0,9.411359574610687,0.9289967317396159,0.5971718162926833,0.10975532086963978
394331,2014B,194.0,10,1.0,182.0,15.871461755491081,0.9572673649561123,0.7366017948547608,0.2697724508753238
394480,2014B,12.0,1,1.0,0.0,13.014016992892225,0.9481319623363588,0.6887815585935024,0.2023315543159954
394520,2014B,194.0,11,1.0,182.0,16.820166071444753,0.9596282638177619,0.7494129870007343,0.29046306865897914
395073,2013J,166.0,7,1.0,147.0,14.191796411917649,0.9523321592602285,0.7104264980545231,0.23102208943808172
395169,2014J,19.0,1,1.0,0.0,13.014016992892225,0.9481319623363588,0.6887815585935024,0.2023315543159954
395320,2014J,201.0,5,0.8,182.0,9.411359574610687,0.9289967317396159,0.5971718162926833,0.10975532086963978
395374,2014B,194.0,10,1.0,182.0,15.871461755491081,0.9572673649561123,0.7366017948547608,0.2697724508753238
395715,2013J,96.0,5,1.0,77.0,14.313033017381674,0.9527262248120363,0.7124868260819801,0.23390720209740792
395822,2014J,201.0,5,1.0,182.0,11.872718327576681,0.9432900076436247,0.6645331303399441,0.17352298832526095
396016,2014J,110.0,3,0.6666666666666666,91.0,8.439520459795823,0.9211511789392633,0.5627511431774405,0.08509957049259294
396114,2013J,208.0,11,1.0,189.0,16.61185680660673,0.9591324981908782,0.7467070380717318,0.2859948363016298
396456,2014B,194.0,10,1.0,182.0,15.871461755491081,0.9572673649561123,0.7366017948547608,0.2697724508753238
396673,2014J,110.0,3,0.6666666666666666,91.0,8.439520459795823,0.9211511789392633,0.5627511431774405,0.08509957049259294
396799,2014B,194.0,11,1.0,182.0,16.820166071444753,0.9596282638177619,0.7494129870007343,0.29046306865897914
397118,2013B,187.0,10,1.0,168.0,16.272007212919746,0.9582970061986397,0.7421657693137035,0.2786146453445147
397312,2014B,152.0,9,1.0,140.0,16.138983511439626,0.9579606022573045,0.7403439614947853,0.2756953560030644
397414,2014J,201.0,5,1.0,182.0,11.872718327576681,0.9432900076436247,0.6645331303399441,0.17352298832526095
397747,2014B,194.0,10,1.0,182.0,15.871461755491081,0.9572673649561123,0.7366017948547608,0.2697724508753238
397829,2014B,194.0,10,1.0,182.0,15.871461755491081,0.9572673649561123,0.7366017948547608,0.2697724508753238
398067,2013J,208.0,11,1.0,189.0,16.61185680660673,0.9591324981908782,0.7467070380717318,0.2859948363016298
398084,2013B,187.0,11,1.0,168.0,17.244653822913648,0.96060219705257,0.7547533150848543,0.29943824462005353
398442,2014J,201.0,5,1.0,182.0,11.872718327576681,0.9432900076436247,0.6645331303399441,0.17352298832526095
398525,2013J,208.0,11,1.0,189.0,16.61185680660673,0.9591324981908782,0.7467070380717318,0.2859948363016298
398891,2013J,208.0,11,1.0,189.0,16.61185680660673,0.9591324981908782,0.7467070380717318,0.2859948363016298
398956,2013J,208.0,8,1.0,189.0,13.956551466442034,0.9515484770924864,0.7063442752943645,0.22538632162984673
399737,2014J,201.0,5,1.0,182.0,11.872718327576681,0.9432900076436247,0.6645331303399441,0.17352298832526095
400049,2013B,187.0,10,1.0,168.0,16.272007212919746,0.9582970061986397,0.7421657693137035,0.2786146453445147
400469,2013B,187.0,11,1.0,168.0,17.244653822913648,0.96060219705257,0.7547533150848543,0.29943824462005353
400474,2013B,187.0,11,1.0,168.0,17.244653822913648,0.96060219705257,0.7547533150848543,0.29943824462005353
400549,2014J,201.0,5,0.8,182.0,9.411359574610687,0.9289967317396159,0.5971718162926833,0.10975532086963978
400894,2013B,187.0,9,0.7777777777777778,168.0,11.860940060049296,0.9432353223882232,0.6642635028571289,0.17322145295882366
401317,2014J,201.0,5,0.8,182.0,9.411359574610687,0.9289967317396159,0.5971718162926833,0.10975532086963978
401339,2013B,187.0,11,1.0,168.0,17.244653822913648,0.96060219705257,0.7547533150848543,0.29943824462005353
401349,2013B,187.0,11,1.0,168.0,17.244653822913648,0.96060219705257,0.7547533150848543,0.29943824462005353
401441,2014B,47.0,3,1.0,35.0,13.733384253463113,0.9507808401984322,0.7023651422057456,0.21999491462114137
402180,2014J,201.0,5,1.0,182.0,11.872718327576681,0.9432900076436247,0.6645331303399441,0.17352298832526095
402993,2013J,208.0,8,1.0,189.0,13.956551466442034,0.9515484770924864,0.7063442752943645,0.22538632162984673
403093,2013B,159.0,8,1.0,140.0,15.228699793230607,0.9555044598975224,0.7271584069289139,0.2552592889043663
403213,2014J,201.0,5,1.0,182.0,11.872718327576681,0.9432900076436247,0.6645331303399441,0.17352298832526095
404022,2013B,187.0,11,1.0,168.0,17.244653822913648,0.96060219705257,0.7547533150848543,0.29943824462005353
404121,2014J,201.0,5,0.8,182.0,9.411359574610687,0.9289967317396159,0.5971718162926833,0.10975532086963978
404269,2013J,208.0,11,1.0,189.0,16.61185680660673,0.9591324981908782,0.7467070380717318,0.2859948363016298
404415,2014J,201.0,5,1.0,182.0,11.872718327576681,0.9432900076436247,0.6645331303399441,0.17352298832526095
404671,2013J,208.0,11,1.0,189.0,16.61185680660673,0.9591324981908782,0.7467070380717318,0.2859948363016298
404708,2013J,208.0,11,1.0,189.0,16.61185680660673,0.9591324981908782,0.7467070380717318,0.2859948363016298
404727,2013B,187.0,8,1.0,140.0,15.228699793230607,0.9555044598975224,0.7271584069289139,0.2552592889043663
405268,2014B,194.0,9,1.0,154.0,15.741712514171954,0.9569228433410795,0.7347480705128686,0.2668748579091087
405471,2013B,187.0,11,1.0,168.0,17.244653822913648,0.96060219705257,0.7547533150848543,0.29943824462005353
405746,2013B,19.0,1,1.0,0.0,13.014016992892225,0.9481319623363588,0.6887815585935024,0.2023315543159954
405945,2013J,208.0,11,1.0,189.0,16.61185680660673,0.9591324981908782,0.7467070380717318,0.2859948363016298
405995,2013B,187.0,11,1.0,168.0,17.244653822913648,0.96060219705257,0.7547533150848543,0.29943824462005353
406000,2014J,201.0,5,1.0,182.0,11.872718327576681,0.9432900076436247,0.6645331303399441,0.17352298832526095
406311,2013B,187.0,11,0.9090909090909091,168.0,15.516431379352976,0.9563112755975214,0.7314673324186043,0.2618052152027917
406416,2013B,47.0,2,0.5,28.0,7.34060448448695,0.9098946600937046,0.5163424296886442,0.05884824135054231
406600,2014B,194.0,10,1.0,182.0,15.871461755491081,0.9572673649561123,0.7366017948547608,0.2697724508753238
406974,2013B,159.0,16,1.0,147.0,23.930818043284052,0.9714508285261965,0.8164803949669296,0.4193963923312519
407545,2014B,152.0,5,1.0,140.0,12.794483777797096,0.9472658745461974,0.6843893524058832,0.1968596737782666
408112,2013B,187.0,9,1.0,168.0,15.354220586642985,0.9558600617834357,0.7290548653243458,0.2581246513464444
408469,2014B,12.0,1,1.0,0.0,13.014016992892225,0.9481319623363588,0.6887815585935024,0.2023315543159954
408581,2014B,194.0,10,1.0,182.0,15.871461755491081,0.9572673649561123,0.7366017948547608,0.2697724508753238
408975,2013J,208.0,7,1.0,189.0,13.1693630073149,0.9487278366442666,0.6918174367362007,0.20618131365665326
409160,2013J,19.0,1,1.0,0.0,13.014016992892225,0.9481319623363588,0.6887815585935024,0.2023315543159954
409662,2013B,187.0,11,1.0,168.0,17.244653822913648,0.96060219705257,0.7547533150848543,0.29943824462005353
409698,2013J,54.0,2,1.0,35.0,12.9587830480666,0.9479167459046037,0.6876878781159758,0.2009582626927773
409708,2014J,201.0,5,1.0,182.0,11.872718327576681,0.9432900076436247,0.6645331303399441,0.17352298832526095
409930,2013J,208.0,11,1.0,189.0,16.61185680660673,0.9591324981908782,0.7467070380717318,0.2859948363016298
409945,2013J,208.0,10,1.0,189.0,15.674901714636082,0.9567432660170225,0.7337834276067934,0.2653764771134667
410052,2013J,208.0,11,1.0,189.0,16.61185680660673,0.9591324981908782,0.7467070380717318,0.2859948363016298
410281,2013J,166.0,7,1.0,147.0,14.191796411917649,0.9523321592602285,0.7104264980545231,0.23102208943808172
410357,2013J,208.0,11,1.0,189.0,16.61185680660673,0.9591324981908782,0.7467070380717318,0.2859948363016298
410537,2013J,208.0,11,1.0,189.0,16.61185680660673,0.9591324981908782,0.7467070380717318,0.2859948363016298
410739,2013B,187.0,10,1.0,168.0,16.272007212919746,0.9582970061986397,0.7421657693137035,0.2786146453445147
410842,2013J,208.0,11,1.0,189.0,16.61185680660673,0.9591324981908782,0.7467070380717318,0.2859948363016298
411105,2014J,19.0,1,0.0,0.0,4.073074741435078,0.8435147679614741,0.3038427186416507,0.0060643005081270065
411150,2014J,110.0,3,0.6666666666666666,91.0,8.439520459795823,0.9211511789392633,0.5627511431774405,0.08509957049259294
411197,2013B,124.0,3,1.0,70.0,12.903783526529546,0.9477006613251653,0.6865912837805365,0.19958849829243266
411226,2013J,54.0,2,1.0,35.0,12.9587830480666,0.9479167459046037,0.6876878781159758,0.2009582626927773
411642,2013J,208.0,10,1.0,189.0,15.674901714636082,0.9567432660170225,0.7337834276067934,0.2653764771134667
411895,2014B,47.0,2,1.0,7.0,13.621113801309303,0.9503853908816636,0.7003227951695112,0.21726639292771016
412081,2014J,201.0,5,1.0,182.0,11.872718327576681,0.9432900076436247,0.6645331303399441,0.17352298832526095
412343,2014J,201.0,5,0.8,182.0,9.411359574610687,0.9289967317396159,0.5971718162926833,0.10975532086963978
412407,2013B,187.0,10,1.0,168.0,16.272007212919746,0.9582970061986397,0.7421657693137035,0.2786146453445147
412654,2013B,187.0,10,1.0,168.0,16.272007212919746,0.9582970061986397,0.7421657693137035,0.2786146453445147
413984,2013B,187.0,11,1.0,168.0,17.244653822913648,0.96060219705257,0.7547533150848543,0.29943824462005353
414028,2013J,208.0,11,1.0,189.0,16.61185680660673,0.9591324981908782,0.7467070380717318,0.2859948363016298
414350,2013J,208.0,11,1.0,189.0,16.61185680660673,0.9591324981908782,0.7467070380717318,0.2859948363016298
414495,2013J,208.0,11,1.0,189.0,16.61185680660673,0.9591324981908782,0.7467070380717318,0.2859948363016298
414958,2013B,187.0,11,1.0,168.0,17.244653822913648,0.96060219705257,0.7547533150848543,0.29943824462005353
415216,2013J,208.0,11,1.0,189.0,16.61185680660673,0.9591324981908782,0.7467070380717318,0.2859948363016298
415546,2013J,166.0,7,0.5714285714285714,147.0,8.626364505768404,0.9227913018980971,0.5698026253193103,0.08976453140159661
415716,2013B,187.0,11,1.0,168.0,17.244653822913648,0.96060219705257,0.7547533150848543,0.29943824462005353
415760,2013B,187.0,8,1.0,168.0,14.488199687873005,0.9532842144150002,0.7154129721973973,0.23805211584605623
416007,2013B,187.0,10,1.0,168.0,16.272007212919746,0.9582970061986397,0.7421657693137035,0.2786146453445147
416314,2013B,54.0,3,1.0,35.0,13.733384253463113,0.9507808401984322,0.7023651422057456,0.21999491462114137
416654,2013B,187.0,10,1.0,168.0,16.272007212919746,0.9582970061986397,0.7421657693137035,0.2786146453445147
417263,2014B,194.0,10,1.0,182.0,15.871461755491081,0.9572673649561123,0.7366017948547608,0.2697724508753238
417462,2013B,47.0,2,1.0,28.0,13.121283519950303,0.9485448817778594,0.690884095136094,0.204991828608527
417657,2013J,131.0,4,1.0,112.0,12.689888839484961,0.94684298156694,0.6822534654793591,0.19424011654849965
417684,2014B,194.0,11,1.0,182.0,16.820166071444753,0.9596282638177619,0.7494129870007343,0.29046306865897914
417785,2013J,131.0,7,1.0,112.0,15.104205132632336,0.9551460609362947,0.7252513114923546,0.25240250990260077
417971,2014J,54.0,2,1.0,35.0,12.9587830480666,0.9479167459046037,0.6876878781159758,0.2009582626927773
417986,2014J,201.0,5,0.8,182.0,9.411359574610687,0.9289967317396159,0.5971718162926833,0.10975532086963978
418065,2013B,19.0,1,1.0,0.0,13.014016992892225,0.9481319623363588,0.6887815585935024,0.2023315543159954
418077,2014J,201.0,5,1.0,182.0,11.872718327576681,0.9432900076436247,0.6645331303399441,0.17352298832526095
418325,2013B,187.0,11,1.0,168.0,17.244653822913648,0.96060219705257,0.7547533150848543,0.29943824462005353
419375,2013J,208.0,11,1.0,189.0,16.61185680660673,0.9591324981908782,0.7467070380717318,0.2859948363016298
419924,2014J,110.0,3,0.6666666666666666,91.0,8.439520459795823,0.9211511789392633,0.5627511431774405,0.08509957049259294
420163,2013J,208.0,10,1.0,189.0,15.674901714636082,0.9567432660170225,0.7337834276067934,0.2653764771134667
420604,2013B,124.0,7,1.0,105.0,15.293608755825733,0.9556890600243851,0.7281423683403853,0.2567428969729942
420631,2014J,201.0,5,0.8,182.0,9.411359574610687,0.9289967317396159,0.5971718162926833,0.10975532086963978
420663,2014B,194.0,11,1.0,182.0,16.820166071444753,0.9596282638177619,0.7494129870007343,0.29046306865897914
420724,2013J,208.0,7,1.0,112.0,15.104205132632336,0.9551460609362947,0.7252513114923546,0.25240250990260077
421018,2013J,208.0,7,0.8571428571428571,161.0,11.725822493852936,0.9426003589998789,0.6611396534540216,0.1697571302617838
421205,2013B,124.0,6,0.8333333333333334,105.0,11.890910902225235,0.9433742671609607,0.6649487583354355,0.1739885900874069
421326,2014B,194.0,9,0.8888888888888888,182.0,13.162829087910003,0.9487030498025707,0.6916909237653851,0.2060197716063296
421992,2014B,117.0,6,1.0,105.0,14.431006533497468,0.9531034804844484,0.7144640619516958,0.23670185660004425
422070,2013B,159.0,8,0.875,140.0,13.17048298704293,0.9487320829549624,0.6918391120552879,0.20620900020823474
422223,2013J,131.0,4,1.0,112.0,12.689888839484961,0.94684298156694,0.6822534654793591,0.19424011654849965
422479,2013J,208.0,10,1.0,189.0,15.674901714636082,0.9567432660170225,0.7337834276067934,0.2653764771134667
423314,2013B,54.0,3,1.0,35.0,13.733384253463113,0.9507808401984322,0.7023651422057456,0.21999491462114137
423398,2014J,201.0,5,0.8,182.0,9.411359574610687,0.9289967317396159,0.5971718162926833,0.10975532086963978
423399,2013J,208.0,8,1.0,189.0,13.956551466442034,0.9515484770924864,0.7063442752943645,0.22538632162984673
423613,2014J,19.0,1,1.0,0.0,13.014016992892225,0.9481319623363588,0.6887815585935024,0.2023315543159954
423652,2014B,194.0,10,1.0,182.0,15.871461755491081,0.9572673649561123,0.7366017948547608,0.2697724508753238
423871,2013B,187.0,11,1.0,168.0,17.244653822913648,0.96060219705257,0.7547533150848543,0.29943824462005353
424014,2014B,194.0,10,1.0,154.0,16.682661169863994,0.9593023691100526,0.7476332694171496,0.287518312210947
424220,2014J,201.0,5,1.0,182.0,11.872718327576681,0.9432900076436247,0.6645331303399441,0.17352298832526095
424539,2013J,208.0,10,1.0,189.0,15.674901714636082,0.9567432660170225,0.7337834276067934,0.2653764771134667
424637,2013J,208.0,6,1.0,161.0,13.061703430321993,0.9483163450334564,0.6897197345662881,0.20351530807559984
424863,2014B,12.0,1,1.0,0.0,13.014016992892225,0.9481319623363588,0.6887815585935024,0.2023315543159954
425314,2014J,19.0,1,1.0,0.0,13.014016992892225,0.9481319623363588,0.6887815585935024,0.2023315543159954
425772,2014J,201.0,5,0.8,182.0,9.411359574610687,0.9289967317396159,0.5971718162926833,0.10975532086963978
425808,2013B,187.0,11,1.0,168.0,17.244653822913648,0.96060219705257,0.7547533150848543,0.29943824462005353
425817,2013B,124.0,5,1.0,105.0,13.617057484259055,0.9503709844002922,0.7002484873148381,0.21716761122120323
425820,2013B,187.0,11,1.0,168.0,17.244653822913648,0.96060219705257,0.7547533150848543,0.29943824462005353
426458,2013J,208.0,10,1.0,189.0,15.674901714636082,0.9567432660170225,0.7337834276067934,0.2653764771134667
426624,2014J,201.0,5,1.0,182.0,11.872718327576681,0.9432900076436247,0.6645331303399441,0.17352298832526095
426650,2013B,187.0,11,1.0,168.0,17.244653822913648,0.96060219705257,0.7547533150848543,0.29943824462005353
426838,2013B,187.0,11,1.0,168.0,17.244653822913648,0.96060219705257,0.7547533150848543,0.29943824462005353
427536,2013B,187.0,10,1.0,168.0,16.272007212919746,0.9582970061986397,0.7421657693137035,0.2786146453445147
427683,2013J,54.0,3,1.0,35.0,13.733384253463113,0.9507808401984322,0.7023651422057456,0.21999491462114137
427704,2013B,187.0,11,1.0,168.0,17.244653822913648,0.96060219705257,0.7547533150848543,0.29943824462005353
427773,2013B,187.0,10,1.0,168.0,16.272007212919746,0.9582970061986397,0.7421657693137035,0.2786146453445147
427921,2013J,208.0,9,1.0,189.0,14.7907935051416,0.9542177149466892,0.7203313634239693,0.2451456819031239
428323,2013J,208.0,11,1.0,189.0,16.61185680660673,0.9591324981908782,0.7467070380717318,0.2859948363016298
428653,2013J,208.0,10,1.0,189.0,15.674901714636082,0.9567432660170225,0.7337834276067934,0.2653764771134667
429038,2013B,187.0,7,0.8571428571428571,168.0,11.580604102254393,0.9419019027620257,0.6577179880178669,0.1660237529649187
429099,2014B,194.0,11,1.0,182.0,16.820166071444753,0.9596282638177619,0.7494129870007343,0.29046306865897914
429417,2014B,194.0,11,1.0,182.0,16.820166071444753,0.9596282638177619,0.7494129870007343,0.29046306865897914
429494,2013B,124.0,3,1.0,70.0,12.903783526529546,0.9477006613251653,0.6865912837805365,0.19958849829243266
429610,2013J,208.0,11,1.0,189.0,16.61185680660673,0.9591324981908782,0.7467070380717318,0.2859948363016298
429777,2014B,47.0,2,1.0,35.0,12.9587830480666,0.9479167459046037,0.6876878781159758,0.2009582626927773
430357,2013B,187.0,11,0.6363636363636364,168.0,11.303265760034632,0.9405196513705173,0.65099120228423,0.15886792603638525
430392,2013J,208.0,11,0.9090909090909091,189.0,14.947051931008295,0.9546853162919468,0.7228059186680567,0.2487753157766856
430530,2014J,54.0,2,1.0,35.0,12.9587830480666,0.9479167459046037,0.6876878781159758,0.2009582626927773
430708,2013J,208.0,11,1.0,189.0,16.61185680660673,0.9591324981908782,0.7467070380717318,0.2859948363016298
431071,2013J,166.0,7,1.0,147.0,14.191796411917649,0.9523321592602285,0.7104264980545231,0.23102208943808172
432004,2013B,54.0,2,0.0,35.0,4.055787843341896,0.8429031501598416,0.30230389192931706,0.005933764520857091
432144,2013J,208.0,11,1.0,189.0,16.61185680660673,0.9591324981908782,0.7467070380717318,0.2859948363016298
432232,2013B,187.0,11,0.8181818181818182,168.0,13.961407704819392,0.9515649152370858,0.7064296951543416,0.22550315838274265
432237,2013J,208.0,10,1.0,189.0,15.674901714636082,0.9567432660170225,0.7337834276067934,0.2653764771134667
432319,2013B,54.0,2,1.0,7.0,13.621113801309303,0.9503853908816636,0.7003227951695112,0.21726639292771016
432480,2014B,194.0,11,0.9090909090909091,182.0,15.134484885402992,0.9552337614209082,0.7257175824849951,0.2530986961619158
432870,2013B,159.0,8,1.0,140.0,15.228699793230607,0.9555044598975224,0.7271584069289139,0.2552592889043663
433064,2014J,54.0,2,1.0,35.0,12.9587830480666,0.9479167459046037,0.6876878781159758,0.2009582626927773
433280,2013J,208.0,11,1.0,189.0,16.61185680660673,0.9591324981908782,0.7467070380717318,0.2859948363016298
433531,2013B,187.0,11,1.0,168.0,17.244653822913648,0.96060219705257,0.7547533150848543,0.29943824462005353
433755,2013B,187.0,10,1.0,168.0,16.272007212919746,0.9582970061986397,0.7421657693137035,0.2786146453445147
433864,2013J,208.0,10,1.0,189.0,15.674901714636082,0.9567432660170225,0.7337834276067934,0.2653764771134667
433939,2013B,187.0,9,0.8888888888888888,168.0,13.495017230331621,0.9499335982151184,0.6979956878370822,0.21418914410193002
434192,2013B,187.0,11,0.9090909090909091,168.0,15.516431379352976,0.9563112755975214,0.7314673324186043,0.2618052152027917
434353,2013B,187.0,10,1.0,168.0,16.272007212919746,0.9582970061986397,0.7421657693137035,0.2786146453445147
434397,2013J,208.0,10,1.0,189.0,15.674901714636082,0.9567432660170225,0.7337834276067934,0.2653764771134667
434585,2013J,208.0,10,1.0,161.0,16.47605483381028,0.9588026880087812,0.7449115366638879,0.2830592080862646
434646,2013B,187.0,11,1.0,168.0,17.244653822913648,0.96060219705257,0.7547533150848543,0.29943824462005353
435245,2013B,187.0,10,1.0,168.0,16.272007212919746,0.9582970061986397,0.7421657693137035,0.2786146453445147
435282,2014B,82.0,5,0.8,70.0,11.488040968883949,0.9414477653572977,0.6555013681312004,0.16363901916184487
435287,2014J,201.0,5,1.0,182.0,11.872718327576681,0.9432900076436247,0.6645331303399441,0.17352298832526095
437171,2014B,194.0,11,1.0,182.0,16.820166071444753,0.9596282638177619,0.7494129870007343,0.29046306865897914
437550,2014J,201.0,5,0.8,182.0,9.411359574610687,0.9289967317396159,0.5971718162926833,0.10975532086963978
437562,2013B,187.0,10,1.0,168.0,16.272007212919746,0.9582970061986397,0.7421657693137035,0.2786146453445147
437565,2014B,194.0,11,1.0,182.0,16.820166071444753,0.9596282638177619,0.7494129870007343,0.29046306865897914
437967,2013B,187.0,11,1.0,168.0,17.244653822913648,0.96060219705257,0.7547533150848543,0.29943824462005353
438068,2013J,208.0,11,1.0,189.0,16.61185680660673,0.9591324981908782,0.7467070380717318,0.2859948363016298
438551,2013J,208.0,11,1.0,189.0,16.61185680660673,0.9591324981908782,0.7467070380717318,0.2859948363016298
438703,2013B,187.0,11,1.0,168.0,17.244653822913648,0.96060219705257,0.7547533150848543,0.29943824462005353
438775,2014B,12.0,1,1.0,0.0,13.014016992892225,0.9481319623363588,0.6887815585935024,0.2023315543159954
439109,2014B,152.0,8,0.875,140.0,13.17048298704293,0.9487320829549624,0.6918391120552879,0.20620900020823474
439182,2013J,208.0,11,1.0,189.0,16.61185680660673,0.9591324981908782,0.7467070380717318,0.2859948363016298
439294,2013J,19.0,1,1.0,0.0,13.014016992892225,0.9481319623363588,0.6887815585935024,0.2023315543159954
439677,2014J,201.0,5,0.8,182.0,9.411359574610687,0.9289967317396159,0.5971718162926833,0.10975532086963978
439710,2014B,194.0,11,1.0,182.0,16.820166071444753,0.9596282638177619,0.7494129870007343,0.29046306865897914
439806,2014J,201.0,5,1.0,182.0,11.872718327576681,0.9432900076436247,0.6645331303399441,0.17352298832526095
439857,2013B,187.0,9,1.0,168.0,15.354220586642985,0.9558600617834357,0.7290548653243458,0.2581246513464444
440057,2013B,187.0,11,1.0,168.0,17.244653822913648,0.96060219705257,0.7547533150848543,0.29943824462005353
440225,2013J,208.0,10,1.0,189.0,15.674901714636082,0.9567432660170225,0.7337834276067934,0.2653764771134667
440509,2013B,187.0,11,1.0,168.0,17.244653822913648,0.96060219705257,0.7547533150848543,0.29943824462005353
440563,2013J,208.0,11,1.0,189.0,16.61185680660673,0.9591324981908782,0.7467070380717318,0.2859948363016298
440593,2013J,166.0,3,1.0,35.0,13.733384253463113,0.9507808401984322,0.7023651422057456,0.21999491462114137
440765,2013J,96.0,3,1.0,77.0,12.743976682255656,0.9470625099311235,0.6833615134338469,0.19559572293900107
441000,2013B,89.0,3,1.0,70.0,12.903783526529546,0.9477006613251653,0.6865912837805365,0.19958849829243266
441181,2013B,187.0,11,1.0,168.0,17.244653822913648,0.96060219705257,0.7547533150848543,0.29943824462005353
441255,2013B,187.0,11,1.0,168.0,17.244653822913648,0.96060219705257,0.7547533150848543,0.29943824462005353
442012,2013B,187.0,11,1.0,168.0,17.244653822913648,0.96060219705257,0.7547533150848543,0.29943824462005353
442143,2013B,19.0,1,1.0,0.0,13.014016992892225,0.9481319623363588,0.6887815585935024,0.2023315543159954
442183,2013B,187.0,11,1.0,168.0,17.244653822913648,0.96060219705257,0.7547533150848543,0.29943824462005353
442456,2013B,187.0,9,0.4444444444444444,168.0,8.052970617916362,0.9175268117058408,0.5474334712415357,0.075607158783125
442466,2013B,187.0,6,1.0,98.0,14.611968384834274,0.9536706023296098,0.7174452548378548,0.24096383186200748
442497,2014B,117.0,3,1.0,105.0,12.124296985103836,0.9444334146302122,0.6701922632116766,0.17994522570330918
442745,2014J,54.0,1,1.0,0.0,13.014016992892225,0.9481319623363588,0.6887815585935024,0.2023315543159954
442910,2013J,208.0,11,1.0,189.0,16.61185680660673,0.9591324981908782,0.7467070380717318,0.2859948363016298
443108,2013B,159.0,6,1.0,140.0,13.559264121749717,0.9501648122077447,0.6991858024266003,0.21575868670453618
443288,2013B,187.0,11,1.0,168.0,17.244653822913648,0.96060219705257,0.7547533150848543,0.29943824462005353
443923,2013J,19.0,1,1.0,0.0,13.014016992892225,0.9481319623363588,0.6887815585935024,0.2023315543159954
444117,2013B,187.0,11,1.0,168.0,17.244653822913648,0.96060219705257,0.7547533150848543,0.29943824462005353
444221,2014B,82.0,4,1.0,70.0,13.675097178185805,0.9505763260111401,0.7013082668595051,0.2185796978319925
444361,2014J,201.0,5,1.0,182.0,11.872718327576681,0.9432900076436247,0.6645331303399441,0.17352298832526095
444408,2013B,89.0,5,1.0,70.0,14.492515505111,0.953297796167274,0.7154843243067773,0.23815388506135335
444545,2014J,201.0,5,1.0,182.0,11.872718327576681,0.9432900076436247,0.6645331303399441,0.17352298832526095
444561,2014B,152.0,8,1.0,140.0,15.228699793230607,0.9555044598975224,0.7271584069289139,0.2552592889043663
444768,2014J,201.0,5,1.0,182.0,11.872718327576681,0.9432900076436247,0.6645331303399441,0.17352298832526095
444784,2013B,19.0,1,1.0,0.0,13.014016992892225,0.9481319623363588,0.6887815585935024,0.2023315543159954
444821,2013J,208.0,11,1.0,189.0,16.61185680660673,0.9591324981908782,0.7467070380717318,0.2859948363016298
444858,2014B,152.0,9,1.0,140.0,16.138983511439626,0.9579606022573045,0.7403439614947853,0.2756953560030644
444872,2014B,194.0,10,1.0,182.0,15.871461755491081,0.9572673649561123,0.7366017948547608,0.2697724508753238
444926,2013B,187.0,10,1.0,168.0,16.272007212919746,0.9582970061986397,0.7421657693137035,0.2786146453445147
445065,2013B,187.0,11,1.0,168.0,17.244653822913648,0.96060219705257,0.7547533150848543,0.29943824462005353
445125,2013B,187.0,11,1.0,168.0,17.244653822913648,0.96060219705257,0.7547533150848543,0.29943824462005353
445136,2014J,201.0,7,0.8571428571428571,189.0,11.15565085018035,0.9397567849150167,0.6473039983116283,0.1550472609054595
445351,2013J,131.0,4,1.0,112.0,12.689888839484961,0.94684298156694,0.6822534654793591,0.19424011654849965
445415,2014B,194.0,11,1.0,182.0,16.820166071444753,0.9596282638177619,0.7494129870007343,0.29046306865897914
445494,2014B,194.0,11,1.0,182.0,16.820166071444753,0.9596282638177619,0.7494129870007343,0.29046306865897914
445647,2014J,19.0,1,1.0,0.0,13.014016992892225,0.9481319623363588,0.6887815585935024,0.2023315543159954
445760,2013J,208.0,11,1.0,189.0,16.61185680660673,0.9591324981908782,0.7467070380717318,0.2859948363016298
445774,2014J,201.0,5,1.0,182.0,11.872718327576681,0.9432900076436247,0.6645331303399441,0.17352298832526095
445889,2013B,187.0,11,1.0,168.0,17.244653822913648,0.96060219705257,0.7547533150848543,0.29943824462005353
446045,2013B,187.0,11,1.0,168.0,17.244653822913648,0.96060219705257,0.7547533150848543,0.29943824462005353
446247,2013B,19.0,1,1.0,0.0,13.014016992892225,0.9481319623363588,0.6887815585935024,0.2023315543159954
446296,2014B,194.0,5,1.0,182.0,11.872718327576681,0.9432900076436247,0.6645331303399441,0.17352298832526095
446345,2013J,208.0,10,1.0,189.0,15.674901714636082,0.9567432660170225,0.7337834276067934,0.2653764771134667
446357,2013B,19.0,1,1.0,0.0,13.014016992892225,0.9481319623363588,0.6887815585935024,0.2023315543159954
446619,2014J,19.0,1,1.0,0.0,13.014016992892225,0.9481319623363588,0.6887815585935024,0.2023315543159954
446650,2014B,194.0,11,1.0,182.0,16.820166071444753,0.9596282638177619,0.7494129870007343,0.29046306865897914
446755,2014B,194.0,11,1.0,182.0,16.820166071444753,0.9596282638177619,0.7494129870007343,0.29046306865897914
446856,2013B,187.0,10,1.0,168.0,16.272007212919746,0.9582970061986397,0.7421657693137035,0.2786146453445147
446873,2013J,19.0,1,1.0,0.0,13.014016992892225,0.9481319623363588,0.6887815585935024,0.2023315543159954
447086,2013J,208.0,11,1.0,189.0,16.61185680660673,0.9591324981908782,0.7467070380717318,0.2859948363016298
447124,2014J,201.0,5,0.8,182.0,9.411359574610687,0.9289967317396159,0.5971718162926833,0.10975532086963978
447184,2014B,194.0,10,1.0,182.0,15.871461755491081,0.9572673649561123,0.7366017948547608,0.2697724508753238
447265,2014B,194.0,8,0.875,182.0,12.221629059755982,0.9448635112131912,0.6723316311267378,0.1824199495203079
447292,2014B,47.0,3,1.0,35.0,13.733384253463113,0.9507808401984322,0.7023651422057456,0.21999491462114137
447324,2014J,110.0,3,0.6666666666666666,91.0,8.439520459795823,0.9211511789392633,0.5627511431774405,0.08509957049259294
447516,2013J,208.0,11,1.0,189.0,16.61185680660673,0.9591324981908782,0.7467070380717318,0.2859948363016298
447759,2013B,187.0,11,1.0,168.0,17.244653822913648,0.96060219705257,0.7547533150848543,0.29943824462005353
447782,2013B,187.0,11,0.9090909090909091,168.0,15.516431379352976,0.9563112755975214,0.7314673324186043,0.2618052152027917
447790,2013B,54.0,1,1.0,0.0,13.014016992892225,0.9481319623363588,0.6887815585935024,0.2023315543159954
464525,2013J,208.0,11,1.0,189.0,16.61185680660673,0.9591324981908782,0.7467070380717318,0.2859948363016298
465369,2014B,194.0,11,1.0,182.0,16.820166071444753,0.9596282638177619,0.7494129870007343,0.29046306865897914
465599,2013B,187.0,9,1.0,168.0,15.354220586642985,0.9558600617834357,0.7290548653243458,0.2581246513464444
465730,2013J,131.0,10,1.0,112.0,17.977857455991415,0.9621782008121078,0.7634640518541006,0.31453240667630444
466037,2013B,89.0,5,1.0,70.0,14.492515505111,0.953297796167274,0.7154843243067773,0.23815388506135335
466202,2013J,208.0,11,1.0,189.0,16.61185680660673,0.9591324981908782,0.7467070380717318,0.2859948363016298
466377,2014B,47.0,3,1.0,35.0,13.733384253463113,0.9507808401984322,0.7023651422057456,0.21999491462114137
466477,2013J,166.0,9,1.0,147.0,15.939110348700272,0.9574448152526764,0.7375581425470185,0.2712767358407156
466800,2013J,208.0,12,1.0,189.0,17.60481766246361,0.9613924419648822,0.7591103714014664,0.3069171150944685
466810,2013B,187.0,11,1.0,168.0,17.244653822913648,0.96060219705257,0.7547533150848543,0.29943824462005353
466854,2013J,96.0,4,1.0,77.0,13.505738003747421,0.9499723295010419,0.6981949260188494,0.2144512906576205
466856,2014B,194.0,10,1.0,182.0,15.871461755491081,0.9572673649561123,0.7366017948547608,0.2697724508753238
466959,2013B,124.0,6,1.0,105.0,14.431006533497468,0.9531034804844484,0.7144640619516958,0.23670185660004425
466973,2013B,89.0,3,1.0,70.0,12.903783526529546,0.9477006613251653,0.6865912837805365,0.19958849829243266
467035,2013B,187.0,10,1.0,168.0,16.272007212919746,0.9582970061986397,0.7421657693137035,0.2786146453445147
467100,2014B,194.0,9,1.0,182.0,14.97626701104141,0.9547716843809574,0.7232637765324275,0.2494513853872069
467292,2013B,187.0,10,1.0,168.0,16.272007212919746,0.9582970061986397,0.7421657693137035,0.2786146453445147
467303,2014B,194.0,11,1.0,182.0,16.820166071444753,0.9596282638177619,0.7494129870007343,0.29046306865897914
467396,2014J,201.0,5,0.8,182.0,9.411359574610687,0.9289967317396159,0.5971718162926833,0.10975532086963978
467580,2014B,194.0,11,1.0,182.0,16.820166071444753,0.9596282638177619,0.7494129870007343,0.29046306865897914
467606,2013J,54.0,2,1.0,35.0,12.9587830480666,0.9479167459046037,0.6876878781159758,0.2009582626927773
467756,2013B,54.0,2,1.0,35.0,12.9587830480666,0.9479167459046037,0.6876878781159758,0.2009582626927773
468021,2013B,89.0,4,1.0,70.0,13.675097178185805,0.9505763260111401,0.7013082668595051,0.2185796978319925
468349,2014B,117.0,6,1.0,105.0,14.431006533497468,0.9531034804844484,0.7144640619516958,0.23670185660004425
468482,2013J,19.0,1,1.0,0.0,13.014016992892225,0.9481319623363588,0.6887815585935024,0.2023315543159954
468529,2014B,152.0,7,1.0,140.0,14.36975861757076,0.9529083764359935,0.7134409151339833,0.23525254883637753
468792,2013B,54.0,3,1.0,35.0,13.733384253463113,0.9507808401984322,0.7023651422057456,0.21999491462114137
468949,2013B,187.0,10,1.0,168.0,16.272007212919746,0.9582970061986397,0.7421657693137035,0.2786146453445147
469177,2014B,194.0,11,1.0,182.0,16.820166071444753,0.9596282638177619,0.7494129870007343,0.29046306865897914
469579,2014J,201.0,5,1.0,182.0,11.872718327576681,0.9432900076436247,0.6645331303399441,0.17352298832526095
469683,2013B,187.0,11,0.9090909090909091,168.0,15.516431379352976,0.9563112755975214,0.7314673324186043,0.2618052152027917
469878,2013J,208.0,11,1.0,189.0,16.61185680660673,0.9591324981908782,0.7467070380717318,0.2859948363016298
470113,2014B,194.0,10,1.0,154.0,16.682661169863994,0.9593023691100526,0.7476332694171496,0.287518312210947
470318,2013B,187.0,11,1.0,168.0,17.244653822913648,0.96060219705257,0.7547533150848543,0.29943824462005353
470331,2014B,194.0,10,1.0,182.0,15.871461755491081,0.9572673649561123,0.7366017948547608,0.2697724508753238
470464,2014J,201.0,5,0.8,182.0,9.411359574610687,0.9289967317396159,0.5971718162926833,0.10975532086963978
470653,2013B,187.0,10,1.0,168.0,16.272007212919746,0.9582970061986397,0.7421657693137035,0.2786146453445147
470693,2014B,194.0,11,1.0,182.0,16.820166071444753,0.9596282638177619,0.7494129870007343,0.29046306865897914
470869,2013J,208.0,11,1.0,189.0,16.61185680660673,0.9591324981908782,0.7467070380717318,0.2859948363016298
471196,2013J,208.0,11,1.0,189.0,16.61185680660673,0.9591324981908782,0.7467070380717318,0.2859948363016298
471219,2013B,54.0,3,0.6666666666666666,35.0,9.324264292524726,0.9283578537015702,0.5943029836354272,0.10751336974368794
471434,2013J,96.0,4,1.0,77.0,13.505738003747421,0.9499723295010419,0.6981949260188494,0.2144512906576205
471525,2013B,187.0,11,1.0,168.0,17.244653822913648,0.96060219705257,0.7547533150848543,0.29943824462005353
471711,2013J,208.0,11,0.9090909090909091,189.0,14.947051931008295,0.9546853162919468,0.7228059186680567,0.2487753157766856
471925,2014B,194.0,11,1.0,182.0,16.820166071444753,0.9596282638177619,0.7494129870007343,0.29046306865897914
472182,2013B,54.0,3,1.0,35.0,13.733384253463113,0.9507808401984322,0.7023651422057456,0.21999491462114137
472262,2013J,208.0,11,0.9090909090909091,189.0,14.947051931008295,0.9546853162919468,0.7228059186680567,0.2487753157766856
472327,2013J,208.0,11,1.0,189.0,16.61185680660673,0.9591324981908782,0.7467070380717318,0.2859948363016298
472348,2013B,47.0,1,0.0,0.0,4.073074741435078,0.8435147679614741,0.3038427186416507,0.0060643005081270065
472586,2013B,159.0,9,1.0,140.0,16.138983511439626,0.9579606022573045,0.7403439614947853,0.2756953560030644
473095,2014J,201.0,15,0.9333333333333333,189.0,19.392731719080594,0.9648885975917634,0.77864629170361,0.3422277538894835
473271,2014J,201.0,5,1.0,182.0,11.872718327576681,0.9432900076436247,0.6645331303399441,0.17352298832526095
473328,2013B,187.0,9,1.0,168.0,15.354220586642985,0.9558600617834357,0.7290548653243458,0.2581246513464444
473509,2014B,12.0,1,1.0,0.0,13.014016992892225,0.9481319623363588,0.6887815585935024,0.2023315543159954
474071,2013J,208.0,10,1.0,189.0,15.674901714636082,0.9567432660170225,0.7337834276067934,0.2653764771134667
474387,2014J,201.0,5,1.0,182.0,11.872718327576681,0.9432900076436247,0.6645331303399441,0.17352298832526095
474408,2014J,201.0,5,1.0,182.0,11.872718327576681,0.9432900076436247,0.6645331303399441,0.17352298832526095
474607,2014B,194.0,7,0.2857142857142857,182.0,5.816042762088275,0.8876493521647643,0.4342002639536752,0.02800549242960658
475095,2013B,187.0,8,1.0,168.0,14.488199687873005,0.9532842144150002,0.7154129721973973,0.23805211584605623
475215,2013J,54.0,3,1.0,35.0,13.733384253463113,0.9507808401984322,0.7023651422057456,0.21999491462114137
475241,2013J,54.0,2,1.0,35.0,12.9587830480666,0.9479167459046037,0.6876878781159758,0.2009582626927773
475363,2014J,201.0,5,0.8,182.0,9.411359574610687,0.9289967317396159,0.5971718162926833,0.10975532086963978
475460,2013B,187.0,7,1.0,168.0,13.671024785086619,0.9505619735170273,0.701234148173774,0.21848071123786875
475594,2013J,54.0,3,1.0,35.0,13.733384253463113,0.9507808401984322,0.7023651422057456,0.21999491462114137
475688,2013B,187.0,11,1.0,168.0,17.244653822913648,0.96060219705257,0.7547533150848543,0.29943824462005353
475981,2014B,194.0,8,1.0,182.0,14.131563748903572,0.9521339275272744,0.7093919974991606,0.22958379018060376
476037,2014B,194.0,13,0.9230769230769231,182.0,17.276276215655848,0.960672873566722,0.7551421188627658,0.3000998872248769
476201,2013B,187.0,11,1.0,168.0,17.244653822913648,0.96060219705257,0.7547533150848543,0.29943824462005353
476278,2013J,208.0,10,1.0,189.0,15.674901714636082,0.9567432660170225,0.7337834276067934,0.2653764771134667
476297,2013B,187.0,11,1.0,168.0,17.244653822913648,0.96060219705257,0.7547533150848543,0.29943824462005353
476369,2013B,187.0,11,1.0,168.0,17.244653822913648,0.96060219705257,0.7547533150848543,0.29943824462005353
476457,2013B,19.0,1,1.0,0.0,13.014016992892225,0.9481319623363588,0.6887815585935024,0.2023315543159954
476596,2013B,187.0,10,1.0,168.0,16.272007212919746,0.9582970061986397,0.7421657693137035,0.2786146453445147
476709,2013B,187.0,11,1.0,168.0,17.244653822913648,0.96060219705257,0.7547533150848543,0.29943824462005353
476710,2013B,187.0,11,1.0,168.0,17.244653822913648,0.96060219705257,0.7547533150848543,0.29943824462005353
476769,2014J,201.0,5,1.0,182.0,11.872718327576681,0.9432900076436247,0.6645331303399441,0.17352298832526095
476783,2013B,187.0,11,1.0,168.0,17.244653822913648,0.96060219705257,0.7547533150848543,0.29943824462005353
476816,2013J,96.0,4,1.0,77.0,13.505738003747421,0.9499723295010419,0.6981949260188494,0.2144512906576205
477009,2013B,187.0,11,0.8181818181818182,168.0,13.961407704819392,0.9515649152370858,0.7064296951543416,0.22550315838274265
477011,2013B,187.0,11,1.0,168.0,17.244653822913648,0.96060219705257,0.7547533150848543,0.29943824462005353
477164,2013B,187.0,10,0.8,168.0,12.89862242631877,0.947680292129955,0.6864879907524214,0.19945984405085504
477167,2013B,187.0,11,1.0,168.0,17.244653822913648,0.96060219705257,0.7547533150848543,0.29943824462005353
477319,2013J,54.0,3,1.0,35.0,13.733384253463113,0.9507808401984322,0.7023651422057456,0.21999491462114137
477734,2013B,187.0,11,1.0,168.0,17.244653822913648,0.96060219705257,0.7547533150848543,0.29943824462005353
477779,2014B,194.0,9,1.0,182.0,14.97626701104141,0.9547716843809574,0.7232637765324275,0.2494513853872069
477825,2013J,208.0,10,1.0,189.0,15.674901714636082,0.9567432660170225,0.7337834276067934,0.2653764771134667
477835,2013B,124.0,7,1.0,105.0,15.293608755825733,0.9556890600243851,0.7281423683403853,0.2567428969729942
478069,2013J,208.0,5,1.0,161.0,12.324986898189147,0.945313007050757,0.6745737469564995,0.1850414438536037
478242,2014B,194.0,9,1.0,182.0,14.97626701104141,0.9547716843809574,0.7232637765324275,0.2494513853872069
478317,2014B,194.0,19,0.8421052631578947,182.0,22.278243318825826,0.9693658459423496,0.8042924610087505,0.39321621594531797
478412,2014J,201.0,5,0.8,182.0,9.411359574610687,0.9289967317396159,0.5971718162926833,0.10975532086963978
478444,2013B,187.0,11,1.0,168.0,17.244653822913648,0.96060219705257,0.7547533150848543,0.29943824462005353
478718,2013J,19.0,1,1.0,0.0,13.014016992892225,0.9481319623363588,0.6887815585935024,0.2023315543159954
478792,2013B,187.0,10,0.9,168.0,14.487459306510146,0.9532818836625072,0.7154007281381869,0.23803465554772268
478873,2013B,89.0,2,1.0,42.0,12.79829506248595,0.9472811571502019,0.6844666467599526,0.19695497645166463
478967,2013J,208.0,11,1.0,189.0,16.61185680660673,0.9591324981908782,0.7467070380717318,0.2859948363016298
479020,2013J,208.0,11,1.0,189.0,16.61185680660673,0.9591324981908782,0.7467070380717318,0.2859948363016298
479060,2013B,187.0,11,1.0,168.0,17.244653822913648,0.96060219705257,0.7547533150848543,0.29943824462005353
479170,2013J,208.0,11,1.0,189.0,16.61185680660673,0.9591324981908782,0.7467070380717318,0.2859948363016298
479171,2013B,187.0,10,1.0,168.0,16.272007212919746,0.9582970061986397,0.7421657693137035,0.2786146453445147
479305,2013J,208.0,11,1.0,189.0,16.61185680660673,0.9591324981908782,0.7467070380717318,0.2859948363016298
479343,2013B,187.0,10,1.0,168.0,16.272007212919746,0.9582970061986397,0.7421657693137035,0.2786146453445147
479516,2013B,187.0,8,1.0,168.0,14.488199687873005,0.9532842144150002,0.7154129721973973,0.23805211584605623
479519,2013B,187.0,10,1.0,168.0,16.272007212919746,0.9582970061986397,0.7421657693137035,0.2786146453445147
479738,2014B,194.0,11,1.0,182.0,16.820166071444753,0.9596282638177619,0.7494129870007343,0.29046306865897914
479853,2013J,208.0,11,1.0,189.0,16.61185680660673,0.9591324981908782,0.7467070380717318,0.2859948363016298
480372,2014B,194.0,9,1.0,182.0,14.97626701104141,0.9547716843809574,0.7232637765324275,0.2494513853872069
480382,2013B,187.0,10,0.9,168.0,14.487459306510146,0.9532818836625072,0.7154007281381869,0.23803465554772268
480458,2013B,187.0,9,1.0,168.0,15.354220586642985,0.9558600617834357,0.7290548653243458,0.2581246513464444
480507,2013B,187.0,11,1.0,168.0,17.244653822913648,0.96060219705257,0.7547533150848543,0.29943824462005353
480554,2013B,187.0,10,1.0,168.0,16.272007212919746,0.9582970061986397,0.7421657693137035,0.2786146453445147
480650,2013B,187.0,11,1.0,168.0,17.244653822913648,0.96060219705257,0.7547533150848543,0.29943824462005353
480667,2013J,131.0,6,0.8333333333333334,112.0,11.74364797403679,0.9426849389536927,0.6615550357654936,0.17021469682936938
480815,2013B,187.0,10,1.0,168.0,16.272007212919746,0.9582970061986397,0.7421657693137035,0.2786146453445147
480888,2013J,208.0,11,1.0,189.0,16.61185680660673,0.9591324981908782,0.7467070380717318,0.2859948363016298
481010,2013B,187.0,11,1.0,168.0,17.244653822913648,0.96060219705257,0.7547533150848543,0.29943824462005353
481143,2013B,159.0,8,0.75,140.0,11.390442025069904,0.9409611699611056,0.653133431583145,0.16112059662257538
481150,2014B,194.0,9,1.0,182.0,14.97626701104141,0.9547716843809574,0.7232637765324275,0.2494513853872069
481580,2013B,187.0,11,1.0,168.0,17.244653822913648,0.96060219705257,0.7547533150848543,0.29943824462005353
481593,2014J,201.0,5,1.0,182.0,11.872718327576681,0.9432900076436247,0.6645331303399441,0.17352298832526095
481607,2013B,187.0,11,1.0,168.0,17.244653822913648,0.96060219705257,0.7547533150848543,0.29943824462005353
481790,2014J,201.0,5,1.0,182.0,11.872718327576681,0.9432900076436247,0.6645331303399441,0.17352298832526095
481947,2014B,12.0,1,1.0,0.0,13.014016992892225,0.9481319623363588,0.6887815585935024,0.2023315543159954
482356,2013J,208.0,11,1.0,189.0,16.61185680660673,0.9591324981908782,0.7467070380717318,0.2859948363016298
482467,2013B,187.0,11,1.0,168.0,17.244653822913648,0.96060219705257,0.7547533150848543,0.29943824462005353
482680,2013J,208.0,10,1.0,189.0,15.674901714636082,0.9567432660170225,0.7337834276067934,0.2653764771134667
482710,2013B,187.0,10,1.0,168.0,16.272007212919746,0.9582970061986397,0.7421657693137035,0.2786146453445147
482766,2013B,187.0,11,1.0,168.0,17.244653822913648,0.96060219705257,0.7547533150848543,0.29943824462005353
482810,2013J,208.0,9,1.0,189.0,14.7907935051416,0.9542177149466892,0.7203313634239693,0.2451456819031239
482945,2013B,89.0,4,1.0,70.0,13.675097178185805,0.9505763260111401,0.7013082668595051,0.2185796978319925
483031,2014B,194.0,11,1.0,182.0,16.820166071444753,0.9596282638177619,0.7494129870007343,0.29046306865897914
483064,2013B,187.0,11,1.0,168.0,17.244653822913648,0.96060219705257,0.7547533150848543,0.29943824462005353
483074,2013B,187.0,11,1.0,168.0,17.244653822913648,0.96060219705257,0.7547533150848543,0.29943824462005353
483109,2013B,187.0,10,1.0,168.0,16.272007212919746,0.9582970061986397,0.7421657693137035,0.2786146453445147
483243,2013B,187.0,10,1.0,168.0,16.272007212919746,0.9582970061986397,0.7421657693137035,0.2786146453445147
483315,2014J,201.0,5,0.8,182.0,9.411359574610687,0.9289967317396159,0.5971718162926833,0.10975532086963978
483371,2013B,159.0,9,1.0,140.0,16.138983511439626,0.9579606022573045,0.7403439614947853,0.2756953560030644
483411,2013B,159.0,6,1.0,140.0,13.559264121749717,0.9501648122077447,0.6991858024266003,0.21575868670453618
483468,2014B,194.0,11,1.0,182.0,16.820166071444753,0.9596282638177619,0.7494129870007343,0.29046306865897914
483479,2013B,19.0,1,1.0,0.0,13.014016992892225,0.9481319623363588,0.6887815585935024,0.2023315543159954
483485,2014B,194.0,11,1.0,182.0,16.820166071444753,0.9596282638177619,0.7494129870007343,0.29046306865897914
483508,2014J,201.0,5,1.0,182.0,11.872718327576681,0.9432900076436247,0.6645331303399441,0.17352298832526095
483646,2013J,208.0,11,1.0,189.0,16.61185680660673,0.9591324981908782,0.7467070380717318,0.2859948363016298
483674,2014J,19.0,1,0.0,0.0,4.073074741435078,0.8435147679614741,0.3038427186416507,0.0060643005081270065
483703,2013J,54.0,3,1.0,35.0,13.733384253463113,0.9507808401984322,0.7023651422057456,0.21999491462114137
483744,2013J,166.0,7,1.0,147.0,14.191796411917649,0.9523321592602285,0.7104264980545231,0.23102208943808172
483876,2013J,208.0,9,1.0,189.0,14.7907935051416,0.9542177149466892,0.7203313634239693,0.2451456819031239
483921,2014B,82.0,4,1.0,70.0,13.675097178185805,0.9505763260111401,0.7013082668595051,0.2185796978319925
483952,2013B,187.0,11,1.0,168.0,17.244653822913648,0.96060219705257,0.7547533150848543,0.29943824462005353
484039,2013B,159.0,6,0.8333333333333334,140.0,11.172609561031729,0.9398454198051877,0.6477314809255997,0.1554865684373584
484135,2013J,208.0,11,1.0,189.0,16.61185680660673,0.9591324981908782,0.7467070380717318,0.2859948363016298
484252,2014J,201.0,5,0.8,182.0,9.411359574610687,0.9289967317396159,0.5971718162926833,0.10975532086963978
484301,2013J,208.0,11,1.0,189.0,16.61185680660673,0.9591324981908782,0.7467070380717318,0.2859948363016298
484412,2013J,208.0,11,1.0,189.0,16.61185680660673,0.9591324981908782,0.7467070380717318,0.2859948363016298
484490,2014J,201.0,5,0.8,182.0,9.411359574610687,0.9289967317396159,0.5971718162926833,0.10975532086963978
484550,2014J,19.0,1,1.0,0.0,13.014016992892225,0.9481319623363588,0.6887815585935024,0.2023315543159954
484768,2013B,187.0,9,1.0,168.0,15.354220586642985,0.9558600617834357,0.7290548653243458,0.2581246513464444
484885,2013B,187.0,8,1.0,168.0,14.488199687873005,0.9532842144150002,0.7154129721973973,0.23805211584605623
484933,2013B,187.0,11,1.0,168.0,17.244653822913648,0.96060219705257,0.7547533150848543,0.29943824462005353
484983,2014B,152.0,7,1.0,140.0,14.36975861757076,0.9529083764359935,0.7134409151339833,0.23525254883637753
485006,2013J,208.0,10,1.0,189.0,15.674901714636082,0.9567432660170225,0.7337834276067934,0.2653764771134667
485180,2014B,194.0,11,1.0,182.0,16.820166071444753,0.9596282638177619,0.7494129870007343,0.29046306865897914
485262,2014B,194.0,11,1.0,182.0,16.820166071444753,0.9596282638177619,0.7494129870007343,0.29046306865897914
485399,2013B,187.0,11,1.0,168.0,17.244653822913648,0.96060219705257,0.7547533150848543,0.29943824462005353
485439,2014J,54.0,4,0.75,35.0,10.886008687425276,0.9383115748156953,0.6403678444839982,0.14805129542392526
485534,2013J,208.0,11,1.0,189.0,16.61185680660673,0.9591324981908782,0.7467070380717318,0.2859948363016298
485630,2013B,187.0,11,1.0,168.0,17.244653822913648,0.96060219705257,0.7547533150848543,0.29943824462005353
485675,2014B,194.0,10,0.8,154.0,13.224142828884215,0.9489347091442535,0.692874095527355,0.20753433745569766
485762,2013J,208.0,11,1.0,189.0,16.61185680660673,0.9591324981908782,0.7467070380717318,0.2859948363016298
485772,2013J,208.0,11,1.0,189.0,16.61185680660673,0.9591324981908782,0.7467070380717318,0.2859948363016298
485853,2014J,19.0,1,1.0,0.0,13.014016992892225,0.9481319623363588,0.6887815585935024,0.2023315543159954
485980,2014B,194.0,11,1.0,182.0,16.820166071444753,0.9596282638177619,0.7494129870007343,0.29046306865897914
486004,2013J,208.0,10,1.0,189.0,15.674901714636082,0.9567432660170225,0.7337834276067934,0.2653764771134667
486099,2013B,187.0,10,1.0,168.0,16.272007212919746,0.9582970061986397,0.7421657693137035,0.2786146453445147
486282,2013B,54.0,3,1.0,35.0,13.733384253463113,0.9507808401984322,0.7023651422057456,0.21999491462114137
486391,2013B,187.0,11,1.0,168.0,17.244653822913648,0.96060219705257,0.7547533150848543,0.29943824462005353
486457,2013J,208.0,11,1.0,189.0,16.61185680660673,0.9591324981908782,0.7467070380717318,0.2859948363016298
486516,2014J,201.0,5,0.8,182.0,9.411359574610687,0.9289967317396159,0.5971718162926833,0.10975532086963978
486521,2013B,187.0,11,1.0,168.0,17.244653822913648,0.96060219705257,0.7547533150848543,0.29943824462005353
486656,2013B,187.0,11,1.0,168.0,17.244653822913648,0.96060219705257,0.7547533150848543,0.29943824462005353
486994,2014B,194.0,10,1.0,182.0,15.871461755491081,0.9572673649561123,0.7366017948547608,0.2697724508753238
487002,2014B,194.0,10,1.0,182.0,15.871461755491081,0.9572673649561123,0.7366017948547608,0.2697724508753238
487214,2013J,131.0,7,1.0,112.0,15.104205132632336,0.9551460609362947,0.7252513114923546,0.25240250990260077
487329,2013B,187.0,10,1.0,168.0,16.272007212919746,0.9582970061986397,0.7421657693137035,0.2786146453445147
487371,2013J,208.0,11,1.0,189.0,16.61185680660673,0.9591324981908782,0.7467070380717318,0.2859948363016298
487543,2014B,194.0,10,1.0,182.0,15.871461755491081,0.9572673649561123,0.7366017948547608,0.2697724508753238
487646,2013B,187.0,11,0.9090909090909091,168.0,15.516431379352976,0.9563112755975214,0.7314673324186043,0.2618052152027917
487681,2013J,208.0,9,1.0,189.0,14.7907935051416,0.9542177149466892,0.7203313634239693,0.2451456819031239
488185,2013B,19.0,1,1.0,0.0,13.014016992892225,0.9481319623363588,0.6887815585935024,0.2023315543159954
488195,2013J,208.0,11,1.0,189.0,16.61185680660673,0.9591324981908782,0.7467070380717318,0.2859948363016298
488425,2013B,124.0,6,1.0,105.0,14.431006533497468,0.9531034804844484,0.7144640619516958,0.23670185660004425
488427,2013J,208.0,11,1.0,189.0,16.61185680660673,0.9591324981908782,0.7467070380717318,0.2859948363016298
488477,2013B,54.0,3,1.0,35.0,13.733384253463113,0.9507808401984322,0.7023651422057456,0.21999491462114137
488863,2013B,187.0,11,1.0,168.0,17.244653822913648,0.96060219705257,0.7547533150848543,0.29943824462005353
489198,2014B,47.0,2,1.0,35.0,12.9587830480666,0.9479167459046037,0.6876878781159758,0.2009582626927773
489251,2013B,187.0,11,1.0,168.0,17.244653822913648,0.96060219705257,0.7547533150848543,0.29943824462005353
489320,2013J,166.0,7,1.0,147.0,14.191796411917649,0.9523321592602285,0.7104264980545231,0.23102208943808172
489889,2013J,208.0,8,1.0,189.0,13.956551466442034,0.9515484770924864,0.7063442752943645,0.22538632162984673
490152,2013B,54.0,3,1.0,35.0,13.733384253463113,0.9507808401984322,0.7023651422057456,0.21999491462114137
490299,2014J,19.0,1,0.0,0.0,4.073074741435078,0.8435147679614741,0.3038427186416507,0.0060643005081270065
490391,2014B,194.0,9,1.0,182.0,14.97626701104141,0.9547716843809574,0.7232637765324275,0.2494513853872069
490500,2013J,19.0,1,1.0,0.0,13.014016992892225,0.9481319623363588,0.6887815585935024,0.2023315543159954
490514,2013B,187.0,10,1.0,168.0,16.272007212919746,0.9582970061986397,0.7421657693137035,0.2786146453445147
490677,2013J,208.0,11,1.0,189.0,16.61185680660673,0.9591324981908782,0.7467070380717318,0.2859948363016298
490894,2013J,166.0,9,0.8888888888888888,147.0,14.009084184903971,0.9517257077423333,0.7072657110424155,0.22664910855004708
491097,2013J,131.0,4,1.0,84.0,13.338476257180503,0.9493611500265304,0.695056626478003,0.210350555593078
491279,2013J,208.0,11,1.0,189.0,16.61185680660673,0.9591324981908782,0.7467070380717318,0.2859948363016298
491387,2014J,201.0,5,0.8,182.0,9.411359574610687,0.9289967317396159,0.5971718162926833,0.10975532086963978
491907,2013J,54.0,3,1.0,35.0,13.733384253463113,0.9507808401984322,0.7023651422057456,0.21999491462114137
491966,2013J,208.0,8,1.0,112.0,16.00704727906666,0.9576215451018238,0.7385116650724007,0.27278297102705745
492153,2013J,208.0,10,1.0,189.0,15.674901714636082,0.9567432660170225,0.7337834276067934,0.2653764771134667
492182,2013B,187.0,11,1.0,168.0,17.244653822913648,0.96060219705257,0.7547533150848543,0.29943824462005353
492240,2013B,187.0,10,1.0,168.0,16.272007212919746,0.9582970061986397,0.7421657693137035,0.2786146453445147
492286,2013J,208.0,11,1.0,189.0,16.61185680660673,0.9591324981908782,0.7467070380717318,0.2859948363016298
492478,2013J,96.0,5,1.0,77.0,14.313033017381674,0.9527262248120363,0.7124868260819801,0.23390720209740792
492579,2014J,19.0,1,1.0,0.0,13.014016992892225,0.9481319623363588,0.6887815585935024,0.2023315543159954
492590,2013B,124.0,5,1.0,105.0,13.617057484259055,0.9503709844002922,0.7002484873148381,0.21716761122120323
492592,2014J,201.0,5,0.8,182.0,9.411359574610687,0.9289967317396159,0.5971718162926833,0.10975532086963978
492676,2014J,201.0,5,1.0,182.0,11.872718327576681,0.9432900076436247,0.6645331303399441,0.17352298832526095
492726,2013J,208.0,11,1.0,189.0,16.61185680660673,0.9591324981908782,0.7467070380717318,0.2859948363016298
492895,2014B,82.0,4,1.0,70.0,13.675097178185805,0.9505763260111401,0.7013082668595051,0.2185796978319925
492928,2014B,194.0,10,1.0,182.0,15.871461755491081,0.9572673649561123,0.7366017948547608,0.2697724508753238
492946,2013B,187.0,11,1.0,168.0,17.244653822913648,0.96060219705257,0.7547533150848543,0.29943824462005353
492979,2014J,201.0,5,0.8,182.0,9.411359574610687,0.9289967317396159,0.5971718162926833,0.10975532086963978
493186,2013B,187.0,10,1.0,168.0,16.272007212919746,0.9582970061986397,0.7421657693137035,0.2786146453445147
493377,2013B,54.0,3,1.0,35.0,13.733384253463113,0.9507808401984322,0.7023651422057456,0.21999491462114137
493443,2014J,201.0,5,0.6,182.0,7.460270394597564,0.9112738674779399,0.5218460657031242,0.06158394229354896
493451,2013B,89.0,4,1.0,70.0,13.675097178185805,0.9505763260111401,0.7013082668595051,0.2185796978319925
493453,2013J,208.0,10,1.0,189.0,15.674901714636082,0.9567432660170225,0.7337834276067934,0.2653764771134667
493460,2014J,201.0,5,1.0,182.0,11.872718327576681,0.9432900076436247,0.6645331303399441,0.17352298832526095
493465,2013J,208.0,11,1.0,189.0,16.61185680660673,0.9591324981908782,0.7467070380717318,0.2859948363016298
493515,2013B,187.0,9,0.8888888888888888,168.0,13.495017230331621,0.9499335982151184,0.6979956878370822,0.21418914410193002
493559,2014B,194.0,10,1.0,182.0,15.871461755491081,0.9572673649561123,0.7366017948547608,0.2697724508753238
493609,2014J,19.0,1,1.0,0.0,13.014016992892225,0.9481319623363588,0.6887815585935024,0.2023315543159954
493763,2014J,54.0,2,0.5,35.0,7.249694803979926,0.9088179022009042,0.5120803526981007,0.056794489458313724
493773,2013B,187.0,11,1.0,168.0,17.244653822913648,0.96060219705257,0.7547533150848543,0.29943824462005353
493912,2013B,187.0,11,1.0,168.0,17.244653822913648,0.96060219705257,0.7547533150848543,0.29943824462005353
493958,2013B,187.0,11,1.0,168.0,17.244653822913648,0.96060219705257,0.7547533150848543,0.29943824462005353
493999,2013J,47.0,2,1.0,28.0,13.121283519950303,0.9485448817778594,0.690884095136094,0.204991828608527
494095,2013B,187.0,11,1.0,168.0,17.244653822913648,0.96060219705257,0.7547533150848543,0.29943824462005353
494212,2014J,110.0,3,0.6666666666666666,91.0,8.439520459795823,0.9211511789392633,0.5627511431774405,0.08509957049259294
494214,2013J,208.0,11,1.0,189.0,16.61185680660673,0.9591324981908782,0.7467070380717318,0.2859948363016298
494278,2013B,187.0,11,1.0,168.0,17.244653822913648,0.96060219705257,0.7547533150848543,0.29943824462005353
494471,2013J,208.0,11,1.0,189.0,16.61185680660673,0.9591324981908782,0.7467070380717318,0.2859948363016298
494786,2013B,187.0,11,1.0,168.0,17.244653822913648,0.96060219705257,0.7547533150848543,0.29943824462005353
494789,2013J,208.0,10,1.0,189.0,15.674901714636082,0.9567432660170225,0.7337834276067934,0.2653764771134667
494838,2013B,19.0,1,1.0,0.0,13.014016992892225,0.9481319623363588,0.6887815585935024,0.2023315543159954
494840,2013B,19.0,1,1.0,0.0,13.014016992892225,0.9481319623363588,0.6887815585935024,0.2023315543159954
494896,2014B,152.0,10,1.0,140.0,17.103678732855553,0.9602840005021556,0.7530049850902727,0.29647685259201884
494927,2013B,89.0,4,1.0,70.0,13.675097178185805,0.9505763260111401,0.7013082668595051,0.2185796978319925
494960,2013J,208.0,10,1.0,189.0,15.674901714636082,0.9567432660170225,0.7337834276067934,0.2653764771134667
495035,2013J,208.0,10,1.0,161.0,16.47605483381028,0.9588026880087812,0.7449115366638879,0.2830592080862646
495239,2014J,110.0,3,0.6666666666666666,91.0,8.439520459795823,0.9211511789392633,0.5627511431774405,0.08509957049259294
495324,2014B,12.0,1,1.0,0.0,13.014016992892225,0.9481319623363588,0.6887815585935024,0.2023315543159954
495449,2013J,208.0,11,1.0,189.0,16.61185680660673,0.9591324981908782,0.7467070380717318,0.2859948363016298
495489,2014J,110.0,3,1.0,91.0,12.430275864473238,0.9457634296463958,0.6768269112364681,0.18770485552034183
495509,2013J,208.0,11,1.0,189.0,16.61185680660673,0.9591324981908782,0.7467070380717318,0.2859948363016298
495522,2014J,110.0,3,1.0,91.0,12.430275864473238,0.9457634296463958,0.6768269112364681,0.18770485552034183
495625,2013J,208.0,11,0.9090909090909091,189.0,14.947051931008295,0.9546853162919468,0.7228059186680567,0.2487753157766856
495674,2013B,19.0,1,1.0,0.0,13.014016992892225,0.9481319623363588,0.6887815585935024,0.2023315543159954
495856,2013B,187.0,11,1.0,168.0,17.244653822913648,0.96060219705257,0.7547533150848543,0.29943824462005353
495876,2014B,47.0,1,1.0,0.0,13.014016992892225,0.9481319623363588,0.6887815585935024,0.2023315543159954
495879,2013J,208.0,9,1.0,154.0,15.741712514171954,0.9569228433410795,0.7347480705128686,0.2668748579091087
495913,2013J,208.0,8,1.0,189.0,13.956551466442034,0.9515484770924864,0.7063442752943645,0.22538632162984673
496041,2013B,187.0,11,1.0,168.0,17.244653822913648,0.96060219705257,0.7547533150848543,0.29943824462005353
496070,2013B,187.0,11,1.0,168.0,17.244653822913648,0.96060219705257,0.7547533150848543,0.29943824462005353
496091,2013J,19.0,1,1.0,0.0,13.014016992892225,0.9481319623363588,0.6887815585935024,0.2023315543159954
496220,2013B,187.0,10,0.9,168.0,14.487459306510146,0.9532818836625072,0.7154007281381869,0.23803465554772268
496243,2013B,89.0,5,1.0,70.0,14.492515505111,0.953297796167274,0.7154843243067773,0.23815388506135335
496334,2013J,166.0,9,1.0,147.0,15.939110348700272,0.9574448152526764,0.7375581425470185,0.2712767358407156
496381,2014J,201.0,5,1.0,182.0,11.872718327576681,0.9432900076436247,0.6645331303399441,0.17352298832526095
496442,2013J,208.0,11,1.0,189.0,16.61185680660673,0.9591324981908782,0.7467070380717318,0.2859948363016298
496674,2013B,54.0,2,1.0,35.0,12.9587830480666,0.9479167459046037,0.6876878781159758,0.2009582626927773
496764,2013J,208.0,10,1.0,189.0,15.674901714636082,0.9567432660170225,0.7337834276067934,0.2653764771134667
497074,2014J,201.0,5,1.0,182.0,11.872718327576681,0.9432900076436247,0.6645331303399441,0.17352298832526095
497084,2014J,201.0,5,1.0,182.0,11.872718327576681,0.9432900076436247,0.6645331303399441,0.17352298832526095
497088,2013B,159.0,7,1.0,112.0,15.104205132632336,0.9551460609362947,0.7252513114923546,0.25240250990260077
497130,2013J,208.0,11,1.0,189.0,16.61185680660673,0.9591324981908782,0.7467070380717318,0.2859948363016298
497278,2013B,19.0,1,1.0,0.0,13.014016992892225,0.9481319623363588,0.6887815585935024,0.2023315543159954
497280,2013B,187.0,9,1.0,168.0,15.354220586642985,0.9558600617834357,0.7290548653243458,0.2581246513464444
497468,2013B,187.0,11,1.0,168.0,17.244653822913648,0.96060219705257,0.7547533150848543,0.29943824462005353
497632,2013J,208.0,10,1.0,189.0,15.674901714636082,0.9567432660170225,0.7337834276067934,0.2653764771134667
497793,2013B,187.0,10,1.0,168.0,16.272007212919746,0.9582970061986397,0.7421657693137035,0.2786146453445147
497872,2014B,12.0,1,1.0,0.0,13.014016992892225,0.9481319623363588,0.6887815585935024,0.2023315543159954
498065,2013B,187.0,11,1.0,168.0,17.244653822913648,0.96060219705257,0.7547533150848543,0.29943824462005353
498131,2013B,187.0,11,1.0,168.0,17.244653822913648,0.96060219705257,0.7547533150848543,0.29943824462005353
498175,2013B,187.0,8,1.0,168.0,14.488199687873005,0.9532842144150002,0.7154129721973973,0.23805211584605623
498296,2013B,187.0,10,1.0,168.0,16.272007212919746,0.9582970061986397,0.7421657693137035,0.2786146453445147
498371,2013B,19.0,1,1.0,0.0,13.014016992892225,0.9481319623363588,0.6887815585935024,0.2023315543159954
498455,2013B,159.0,8,0.75,140.0,11.390442025069904,0.9409611699611056,0.653133431583145,0.16112059662257538
498543,2013J,208.0,8,1.0,161.0,14.669878729592586,0.9538492039616092,0.7183863159870328,0.24232133219276114
498635,2013J,208.0,11,1.0,189.0,16.61185680660673,0.9591324981908782,0.7467070380717318,0.2859948363016298
498755,2013J,208.0,11,1.0,189.0,16.61185680660673,0.9591324981908782,0.7467070380717318,0.2859948363016298
498841,2014J,201.0,6,1.0,182.0,12.582400856697058,0.9464012680578139,0.6800286256824646,0.19153996582477406
498892,2013J,47.0,2,1.0,28.0,13.121283519950303,0.9485448817778594,0.690884095136094,0.204991828608527
498967,2013B,187.0,9,1.0,168.0,15.354220586642985,0.9558600617834357,0.7290548653243458,0.2581246513464444
499027,2013B,187.0,11,1.0,168.0,17.244653822913648,0.96060219705257,0.7547533150848543,0.29943824462005353
499067,2013B,124.0,7,1.0,105.0,15.293608755825733,0.9556890600243851,0.7281423683403853,0.2567428969729942
499118,2013B,187.0,11,1.0,168.0,17.244653822913648,0.96060219705257,0.7547533150848543,0.29943824462005353
499380,2013B,187.0,11,1.0,168.0,17.244653822913648,0.96060219705257,0.7547533150848543,0.29943824462005353
499387,2013B,187.0,11,1.0,168.0,17.244653822913648,0.96060219705257,0.7547533150848543,0.29943824462005353
499483,2013B,187.0,9,1.0,168.0,15.354220586642985,0.9558600617834357,0.7290548653243458,0.2581246513464444
499511,2013B,187.0,11,1.0,168.0,17.244653822913648,0.96060219705257,0.7547533150848543,0.29943824462005353
499624,2013J,131.0,7,1.0,112.0,15.104205132632336,0.9551460609362947,0.7252513114923546,0.25240250990260077
499790,2014J,201.0,5,1.0,182.0,11.872718327576681,0.9432900076436247,0.6645331303399441,0.17352298832526095
499819,2014J,201.0,5,1.0,182.0,11.872718327576681,0.9432900076436247,0.6645331303399441,0.17352298832526095
499822,2013J,54.0,2,1.0,35.0,12.9587830480666,0.9479167459046037,0.6876878781159758,0.2009582626927773
499891,2013B,187.0,11,1.0,168.0,17.244653822913648,0.96060219705257,0.7547533150848543,0.29943824462005353
500016,2013J,208.0,10,1.0,189.0,15.674901714636082,0.9567432660170225,0.7337834276067934,0.2653764771134667
500135,2013J,208.0,9,0.7777777777777778,189.0,11.425699807756065,0.9411378833882579,0.6539925291565444,0.16203083105441715
500279,2014B,12.0,1,1.0,0.0,13.014016992892225,0.9481319623363588,0.6887815585935024,0.2023315543159954
500395,2014B,47.0,1,1.0,0.0,13.014016992892225,0.9481319623363588,0.6887815585935024,0.2023315543159954
500502,2014J,201.0,5,0.8,182.0,9.411359574610687,0.9289967317396159,0.5971718162926833,0.10975532086963978
500507,2013B,159.0,8,1.0,140.0,15.228699793230607,0.9555044598975224,0.7271584069289139,0.2552592889043663
500552,2013J,208.0,11,1.0,189.0,16.61185680660673,0.9591324981908782,0.7467070380717318,0.2859948363016298
500585,2013B,124.0,6,1.0,105.0,14.431006533497468,0.9531034804844484,0.7144640619516958,0.23670185660004425
500659,2013B,89.0,5,0.8,70.0,11.488040968883949,0.9414477653572977,0.6555013681312004,0.16363901916184487
500668,2013J,208.0,10,1.0,189.0,15.674901714636082,0.9567432660170225,0.7337834276067934,0.2653764771134667
500719,2013B,54.0,3,1.0,35.0,13.733384253463113,0.9507808401984322,0.7023651422057456,0.21999491462114137
500791,2013B,187.0,11,1.0,168.0,17.244653822913648,0.96060219705257,0.7547533150848543,0.29943824462005353
500815,2013B,187.0,11,1.0,168.0,17.244653822913648,0.96060219705257,0.7547533150848543,0.29943824462005353
500819,2013B,187.0,10,1.0,168.0,16.272007212919746,0.9582970061986397,0.7421657693137035,0.2786146453445147
500836,2013B,187.0,8,1.0,168.0,14.488199687873005,0.9532842144150002,0.7154129721973973,0.23805211584605623
500958,2013B,187.0,11,1.0,168.0,17.244653822913648,0.96060219705257,0.7547533150848543,0.29943824462005353
501053,2013J,131.0,6,1.0,112.0,14.252285803327695,0.9525295906692174,0.7114581070042489,0.2324632375937027
501095,2014B,194.0,11,1.0,182.0,16.820166071444753,0.9596282638177619,0.7494129870007343,0.29046306865897914
501208,2013J,208.0,9,1.0,189.0,14.7907935051416,0.9542177149466892,0.7203313634239693,0.2451456819031239
501432,2013B,187.0,11,1.0,168.0,17.244653822913648,0.96060219705257,0.7547533150848543,0.29943824462005353
501550,2013B,187.0,11,1.0,168.0,17.244653822913648,0.96060219705257,0.7547533150848543,0.29943824462005353
501637,2013J,208.0,11,1.0,189.0,16.61185680660673,0.9591324981908782,0.7467070380717318,0.2859948363016298
501879,2013B,187.0,11,1.0,168.0,17.244653822913648,0.96060219705257,0.7547533150848543,0.29943824462005353
501945,2013J,96.0,4,1.0,77.0,13.505738003747421,0.9499723295010419,0.6981949260188494,0.2144512906576205
501955,2013B,187.0,11,1.0,168.0,17.244653822913648,0.96060219705257,0.7547533150848543,0.29943824462005353
502088,2013B,89.0,4,1.0,70.0,13.675097178185805,0.9505763260111401,0.7013082668595051,0.2185796978319925
502131,2013B,19.0,1,1.0,0.0,13.014016992892225,0.9481319623363588,0.6887815585935024,0.2023315543159954
502441,2013B,187.0,11,1.0,168.0,17.244653822913648,0.96060219705257,0.7547533150848543,0.29943824462005353
502604,2013B,187.0,11,1.0,168.0,17.244653822913648,0.96060219705257,0.7547533150848543,0.29943824462005353
502694,2013B,187.0,11,1.0,168.0,17.244653822913648,0.96060219705257,0.7547533150848543,0.29943824462005353
502713,2013B,124.0,6,1.0,105.0,14.431006533497468,0.9531034804844484,0.7144640619516958,0.23670185660004425
502717,2013B,187.0,8,1.0,168.0,14.488199687873005,0.9532842144150002,0.7154129721973973,0.23805211584605623
502767,2014J,201.0,5,1.0,182.0,11.872718327576681,0.9432900076436247,0.6645331303399441,0.17352298832526095
502872,2013B,54.0,3,1.0,35.0,13.733384253463113,0.9507808401984322,0.7023651422057456,0.21999491462114137
503322,2013J,208.0,11,1.0,189.0,16.61185680660673,0.9591324981908782,0.7467070380717318,0.2859948363016298
503353,2013B,19.0,1,1.0,0.0,13.014016992892225,0.9481319623363588,0.6887815585935024,0.2023315543159954
503390,2013B,187.0,10,0.8,168.0,12.89862242631877,0.947680292129955,0.6864879907524214,0.19945984405085504
503491,2013B,187.0,11,1.0,168.0,17.244653822913648,0.96060219705257,0.7547533150848543,0.29943824462005353
503509,2013B,187.0,11,1.0,168.0,17.244653822913648,0.96060219705257,0.7547533150848543,0.29943824462005353
503516,2013J,208.0,11,1.0,189.0,16.61185680660673,0.9591324981908782,0.7467070380717318,0.2859948363016298
503663,2014J,19.0,1,0.0,0.0,4.073074741435078,0.8435147679614741,0.3038427186416507,0.0060643005081270065
503804,2013J,208.0,11,0.9090909090909091,189.0,14.947051931008295,0.9546853162919468,0.7228059186680567,0.2487753157766856
503878,2013J,166.0,16,1.0,147.0,23.930818043284052,0.9714508285261965,0.8164803949669296,0.4193963923312519
504013,2013J,208.0,7,0.8571428571428571,189.0,11.15565085018035,0.9397567849150167,0.6473039983116283,0.1550472609054595
504014,2013B,54.0,2,1.0,35.0,12.9587830480666,0.9479167459046037,0.6876878781159758,0.2009582626927773
504021,2013B,89.0,5,1.0,70.0,14.492515505111,0.953297796167274,0.7154843243067773,0.23815388506135335
504022,2013J,208.0,9,1.0,161.0,15.546759352164505,0.956394615947804,0.7319136690847253,0.26249055268643207
504028,2013B,187.0,11,1.0,168.0,17.244653822913648,0.96060219705257,0.7547533150848543,0.29943824462005353
504102,2013B,187.0,11,0.8181818181818182,168.0,13.961407704819392,0.9515649152370858,0.7064296951543416,0.22550315838274265
504352,2014B,194.0,11,0.9090909090909091,182.0,15.134484885402992,0.9552337614209082,0.7257175824849951,0.2530986961619158
504466,2013J,208.0,10,1.0,189.0,15.674901714636082,0.9567432660170225,0.7337834276067934,0.2653764771134667
504597,2014J,201.0,5,0.8,182.0,9.411359574610687,0.9289967317396159,0.5971718162926833,0.10975532086963978
504635,2013J,208.0,9,1.0,161.0,15.546759352164505,0.956394615947804,0.7319136690847253,0.26249055268643207
504936,2013B,187.0,10,1.0,168.0,16.272007212919746,0.9582970061986397,0.7421657693137035,0.2786146453445147
504967,2014B,82.0,4,1.0,70.0,13.675097178185805,0.9505763260111401,0.7013082668595051,0.2185796978319925
505151,2014B,194.0,5,1.0,147.0,12.63603055572936,0.9466225687239788,0.6811425028775445,0.19288818748516023
505248,2014B,12.0,1,1.0,0.0,13.014016992892225,0.9481319623363588,0.6887815585935024,0.2023315543159954
505376,2013B,187.0,11,1.0,168.0,17.244653822913648,0.96060219705257,0.7547533150848543,0.29943824462005353
505413,2013J,208.0,10,1.0,189.0,15.674901714636082,0.9567432660170225,0.7337834276067934,0.2653764771134667
505417,2013B,124.0,4,1.0,105.0,12.849017433344375,0.9474837053064534,0.6854917752869981,0.19822229179880643
505595,2014J,54.0,6,0.8333333333333334,35.0,13.469024121117267,0.9498394426828208,0.6975115441905272,0.21355315853399218
505606,2013B,187.0,11,1.0,168.0,17.244653822913648,0.96060219705257,0.7547533150848543,0.29943824462005353
505871,2014J,201.0,9,0.8888888888888888,182.0,13.162829087910003,0.9487030498025707,0.6916909237653851,0.2060197716063296
505878,2014J,201.0,5,1.0,182.0,11.872718327576681,0.9432900076436247,0.6645331303399441,0.17352298832526095
505899,2014B,194.0,9,1.0,182.0,14.97626701104141,0.9547716843809574,0.7232637765324275,0.2494513853872069
505959,2013B,187.0,9,1.0,168.0,15.354220586642985,0.9558600617834357,0.7290548653243458,0.2581246513464444
505961,2013B,187.0,11,1.0,168.0,17.244653822913648,0.96060219705257,0.7547533150848543,0.29943824462005353
506020,2014J,201.0,5,1.0,182.0,11.872718327576681,0.9432900076436247,0.6645331303399441,0.17352298832526095
506185,2013J,208.0,10,1.0,189.0,15.674901714636082,0.9567432660170225,0.7337834276067934,0.2653764771134667
506219,2014J,201.0,5,1.0,182.0,11.872718327576681,0.9432900076436247,0.6645331303399441,0.17352298832526095
506233,2013B,187.0,11,1.0,168.0,17.244653822913648,0.96060219705257,0.7547533150848543,0.29943824462005353
506248,2013J,96.0,4,1.0,77.0,13.505738003747421,0.9499723295010419,0.6981949260188494,0.2144512906576205
506360,2013B,159.0,9,1.0,140.0,16.138983511439626,0.9579606022573045,0.7403439614947853,0.2756953560030644
506622,2014B,194.0,11,1.0,182.0,16.820166071444753,0.9596282638177619,0.7494129870007343,0.29046306865897914
506650,2014B,194.0,22,1.0,182.0,31.854966790267525,0.9784755598948117,0.8587166368779658,0.5205943771806765
506679,2014J,19.0,1,1.0,0.0,13.014016992892225,0.9481319623363588,0.6887815585935024,0.2023315543159954
506753,2013B,187.0,11,1.0,168.0,17.244653822913648,0.96060219705257,0.7547533150848543,0.29943824462005353
506804,2013J,208.0,11,1.0,189.0,16.61185680660673,0.9591324981908782,0.7467070380717318,0.2859948363016298
506980,2013J,54.0,3,1.0,35.0,13.733384253463113,0.9507808401984322,0.7023651422057456,0.21999491462114137
507014,2014J,201.0,5,1.0,182.0,11.872718327576681,0.9432900076436247,0.6645331303399441,0.17352298832526095
507016,2013J,208.0,11,1.0,189.0,16.61185680660673,0.9591324981908782,0.7467070380717318,0.2859948363016298
507149,2014J,201.0,5,1.0,182.0,11.872718327576681,0.9432900076436247,0.6645331303399441,0.17352298832526095
507184,2013B,19.0,1,1.0,0.0,13.014016992892225,0.9481319623363588,0.6887815585935024,0.2023315543159954
507279,2013J,166.0,4,1.0,147.0,11.923323161888911,0.9435237670141109,0.66568674656955,0.17481767124294167
507359,2013B,187.0,10,1.0,168.0,16.272007212919746,0.9582970061986397,0.7421657693137035,0.2786146453445147
507386,2014J,54.0,2,0.5,35.0,7.249694803979926,0.9088179022009042,0.5120803526981007,0.056794489458313724
507387,2013J,54.0,3,1.0,35.0,13.733384253463113,0.9507808401984322,0.7023651422057456,0.21999491462114137
507676,2013J,19.0,1,1.0,0.0,13.014016992892225,0.9481319623363588,0.6887815585935024,0.2023315543159954
507783,2014J,201.0,5,1.0,182.0,11.872718327576681,0.9432900076436247,0.6645331303399441,0.17352298832526095
507817,2013B,187.0,11,0.9090909090909091,168.0,15.516431379352976,0.9563112755975214,0.7314673324186043,0.2618052152027917
507983,2014B,117.0,6,1.0,105.0,14.431006533497468,0.9531034804844484,0.7144640619516958,0.23670185660004425
508028,2013J,208.0,10,1.0,189.0,15.674901714636082,0.9567432660170225,0.7337834276067934,0.2653764771134667
508047,2013J,19.0,1,1.0,0.0,13.014016992892225,0.9481319623363588,0.6887815585935024,0.2023315543159954
508079,2013J,208.0,8,1.0,189.0,13.956551466442034,0.9515484770924864,0.7063442752943645,0.22538632162984673
508100,2014B,194.0,11,1.0,182.0,16.820166071444753,0.9596282638177619,0.7494129870007343,0.29046306865897914
508400,2014B,194.0,9,0.8888888888888888,182.0,13.162829087910003,0.9487030498025707,0.6916909237653851,0.2060197716063296
508422,2013J,19.0,1,1.0,0.0,13.014016992892225,0.9481319623363588,0.6887815585935024,0.2023315543159954
508452,2013B,187.0,11,0.9090909090909091,168.0,15.516431379352976,0.9563112755975214,0.7314673324186043,0.2618052152027917
508470,2014B,194.0,11,1.0,182.0,16.820166071444753,0.9596282638177619,0.7494129870007343,0.29046306865897914
508517,2013J,19.0,1,1.0,0.0,13.014016992892225,0.9481319623363588,0.6887815585935024,0.2023315543159954
508537,2013B,187.0,11,1.0,168.0,17.244653822913648,0.96060219705257,0.7547533150848543,0.29943824462005353
508662,2013B,187.0,10,1.0,168.0,16.272007212919746,0.9582970061986397,0.7421657693137035,0.2786146453445147
508759,2013J,208.0,8,1.0,189.0,13.956551466442034,0.9515484770924864,0.7063442752943645,0.22538632162984673
508940,2014B,194.0,10,1.0,154.0,16.682661169863994,0.9593023691100526,0.7476332694171496,0.287518312210947
509036,2013J,131.0,5,1.0,112.0,13.448417102127598,0.9497645453403545,0.6971266308941054,0.21304855883469448
509226,2013B,187.0,11,1.0,168.0,17.244653822913648,0.96060219705257,0.7547533150848543,0.29943824462005353
509236,2013J,166.0,9,1.0,147.0,15.939110348700272,0.9574448152526764,0.7375581425470185,0.2712767358407156
509258,2013J,96.0,4,1.0,77.0,13.505738003747421,0.9499723295010419,0.6981949260188494,0.2144512906576205
509390,2013J,131.0,5,1.0,112.0,13.448417102127598,0.9497645453403545,0.6971266308941054,0.21304855883469448
509466,2014J,110.0,3,1.0,91.0,12.430275864473238,0.9457634296463958,0.6768269112364681,0.18770485552034183
509578,2014J,201.0,5,0.4,182.0,5.913665705713,0.8893974338574564,0.4402213531947172,0.02970818788419758
509607,2013J,208.0,11,1.0,189.0,16.61185680660673,0.9591324981908782,0.7467070380717318,0.2859948363016298
509696,2014B,194.0,10,1.0,182.0,15.871461755491081,0.9572673649561123,0.7366017948547608,0.2697724508753238
509768,2013B,187.0,11,1.0,168.0,17.244653822913648,0.96060219705257,0.7547533150848543,0.29943824462005353
509797,2013B,187.0,5,0.4,168.0,6.062907909844297,0.8919672491785835,0.4492027012328008,0.032394199586761936
509845,2013J,96.0,5,0.8,77.0,11.345767381423956,0.9407357295454225,0.6520388506225308,0.1599665471924574
509901,2013B,54.0,2,1.0,35.0,12.9587830480666,0.9479167459046037,0.6876878781159758,0.2009582626927773
509913,2013J,208.0,11,1.0,189.0,16.61185680660673,0.9591324981908782,0.7467070380717318,0.2859948363016298
509926,2013B,159.0,8,1.0,140.0,15.228699793230607,0.9555044598975224,0.7271584069289139,0.2552592889043663
509935,2014J,201.0,5,1.0,182.0,11.872718327576681,0.9432900076436247,0.6645331303399441,0.17352298832526095
510068,2014J,110.0,3,1.0,91.0,12.430275864473238,0.9457634296463958,0.6768269112364681,0.18770485552034183
510141,2013B,54.0,6,1.0,42.0,16.14379107240255,0.9579728545956278,0.7404102471532084,0.27580116012365163
510149,2013J,208.0,11,1.0,189.0,16.61185680660673,0.9591324981908782,0.7467070380717318,0.2859948363016298
510471,2014J,201.0,5,1.0,182.0,11.872718327576681,0.9432900076436247,0.6645331303399441,0.17352298832526095
510492,2013B,187.0,10,0.9,168.0,14.487459306510146,0.9532818836625072,0.7154007281381869,0.23803465554772268
510556,2013B,187.0,10,1.0,168.0,16.272007212919746,0.9582970061986397,0.7421657693137035,0.2786146453445147
510756,2013B,187.0,10,1.0,168.0,16.272007212919746,0.9582970061986397,0.7421657693137035,0.2786146453445147
510776,2013J,96.0,4,1.0,77.0,13.505738003747421,0.9499723295010419,0.6981949260188494,0.2144512906576205
510845,2013B,159.0,9,1.0,140.0,16.138983511439626,0.9579606022573045,0.7403439614947853,0.2756953560030644
510868,2013J,131.0,4,0.75,112.0,9.491515696894021,0.9295747259350402,0.5997774738149969,0.11182250507879438
511001,2014J,201.0,5,1.0,182.0,11.872718327576681,0.9432900076436247,0.6645331303399441,0.17352298832526095
511050,2013B,187.0,11,1.0,168.0,17.244653822913648,0.96060219705257,0.7547533150848543,0.29943824462005353
511067,2013B,159.0,9,1.0,140.0,16.138983511439626,0.9579606022573045,0.7403439614947853,0.2756953560030644
511295,2014J,19.0,1,1.0,0.0,13.014016992892225,0.9481319623363588,0.6887815585935024,0.2023315543159954
511306,2013B,187.0,11,0.9090909090909091,168.0,15.516431379352976,0.9563112755975214,0.7314673324186043,0.2618052152027917
511459,2013B,187.0,11,1.0,168.0,17.244653822913648,0.96060219705257,0.7547533150848543,0.29943824462005353
511474,2013B,19.0,1,1.0,0.0,13.014016992892225,0.9481319623363588,0.6887815585935024,0.2023315543159954
511506,2014B,194.0,6,0.8333333333333334,147.0,11.034242432306893,0.9391145353030388,0.6442136716144239,0.15189968524351474
511515,2013B,187.0,10,0.6,168.0,10.224581289801446,0.9344546037530832,0.6221676930166072,0.1308417185838935
511524,2013B,187.0,11,0.9090909090909091,168.0,15.516431379352976,0.9563112755975214,0.7314673324186043,0.2618052152027917
511527,2013B,159.0,6,1.0,140.0,13.559264121749717,0.9501648122077447,0.6991858024266003,0.21575868670453618
511678,2013J,208.0,11,1.0,189.0,16.61185680660673,0.9591324981908782,0.7467070380717318,0.2859948363016298
511693,2013B,187.0,11,1.0,168.0,17.244653822913648,0.96060219705257,0.7547533150848543,0.29943824462005353
511807,2014J,201.0,5,0.8,182.0,9.411359574610687,0.9289967317396159,0.5971718162926833,0.10975532086963978
511901,2014B,194.0,5,1.0,182.0,11.872718327576681,0.9432900076436247,0.6645331303399441,0.17352298832526095
512118,2014B,82.0,4,1.0,70.0,13.675097178185805,0.9505763260111401,0.7013082668595051,0.2185796978319925
512180,2013B,89.0,4,1.0,70.0,13.675097178185805,0.9505763260111401,0.7013082668595051,0.2185796978319925
512242,2013B,159.0,7,1.0,140.0,14.36975861757076,0.9529083764359935,0.7134409151339833,0.23525254883637753
512411,2014J,201.0,5,1.0,182.0,11.872718327576681,0.9432900076436247,0.6645331303399441,0.17352298832526095
512417,2013J,208.0,10,1.0,189.0,15.674901714636082,0.9567432660170225,0.7337834276067934,0.2653764771134667
512581,2013J,166.0,7,1.0,147.0,14.191796411917649,0.9523321592602285,0.7104264980545231,0.23102208943808172
512722,2014J,201.0,5,0.8,182.0,9.411359574610687,0.9289967317396159,0.5971718162926833,0.10975532086963978
512775,2013J,208.0,9,0.8888888888888888,189.0,12.99981409514213,0.9480767914372378,0.6885010507480218,0.20197864773330285
512805,2013B,159.0,4,1.0,140.0,12.072839179947252,0.9442033079801789,0.6690500745433691,0.1786345782490373
512839,2013J,54.0,2,1.0,35.0,12.9587830480666,0.9479167459046037,0.6876878781159758,0.2009582626927773
512883,2013J,131.0,10,0.7,112.0,12.687943488658973,0.9468350519814243,0.6822134705069279,0.19419132102628556
512911,2013B,124.0,5,1.0,105.0,13.617057484259055,0.9503709844002922,0.7002484873148381,0.21716761122120323
512929,2013B,187.0,11,1.0,168.0,17.244653822913648,0.96060219705257,0.7547533150848543,0.29943824462005353
512940,2013J,208.0,11,1.0,189.0,16.61185680660673,0.9591324981908782,0.7467070380717318,0.2859948363016298
512977,2013J,208.0,11,1.0,189.0,16.61185680660673,0.9591324981908782,0.7467070380717318,0.2859948363016298
512995,2013B,187.0,10,1.0,168.0,16.272007212919746,0.9582970061986397,0.7421657693137035,0.2786146453445147
513076,2013J,96.0,5,0.8,77.0,11.345767381423956,0.9407357295454225,0.6520388506225308,0.1599665471924574
513077,2014B,194.0,11,0.9090909090909091,182.0,15.134484885402992,0.9552337614209082,0.7257175824849951,0.2530986961619158
513093,2013B,187.0,11,1.0,168.0,17.244653822913648,0.96060219705257,0.7547533150848543,0.29943824462005353
513210,2013B,187.0,10,1.0,168.0,16.272007212919746,0.9582970061986397,0.7421657693137035,0.2786146453445147
513250,2014J,54.0,2,1.0,35.0,12.9587830480666,0.9479167459046037,0.6876878781159758,0.2009582626927773
513315,2013B,187.0,11,0.9090909090909091,168.0,15.516431379352976,0.9563112755975214,0.7314673324186043,0.2618052152027917
513733,2013B,159.0,9,1.0,140.0,16.138983511439626,0.9579606022573045,0.7403439614947853,0.2756953560030644
513751,2014J,201.0,5,0.8,182.0,9.411359574610687,0.9289967317396159,0.5971718162926833,0.10975532086963978
513757,2013B,187.0,11,1.0,168.0,17.244653822913648,0.96060219705257,0.7547533150848543,0.29943824462005353
513836,2013J,54.0,3,1.0,35.0,13.733384253463113,0.9507808401984322,0.7023651422057456,0.21999491462114137
513881,2013B,159.0,9,1.0,140.0,16.138983511439626,0.9579606022573045,0.7403439614947853,0.2756953560030644
514031,2014B,194.0,9,1.0,182.0,14.97626701104141,0.9547716843809574,0.7232637765324275,0.2494513853872069
514043,2013J,208.0,11,1.0,189.0,16.61185680660673,0.9591324981908782,0.7467070380717318,0.2859948363016298
514074,2013J,96.0,4,1.0,77.0,13.505738003747421,0.9499723295010419,0.6981949260188494,0.2144512906576205
514140,2013B,187.0,11,1.0,168.0,17.244653822913648,0.96060219705257,0.7547533150848543,0.29943824462005353
514302,2013J,208.0,11,1.0,189.0,16.61185680660673,0.9591324981908782,0.7467070380717318,0.2859948363016298
514445,2013J,166.0,8,0.75,147.0,11.249377151254508,0.940243406575618,0.6496539395841802,0.15747401441401795
514776,2013J,208.0,11,1.0,189.0,16.61185680660673,0.9591324981908782,0.7467070380717318,0.2859948363016298
514864,2013J,208.0,11,1.0,189.0,16.61185680660673,0.9591324981908782,0.7467070380717318,0.2859948363016298
514981,2013B,187.0,10,1.0,168.0,16.272007212919746,0.9582970061986397,0.7421657693137035,0.2786146453445147
514987,2013B,187.0,8,1.0,168.0,14.488199687873005,0.9532842144150002,0.7154129721973973,0.23805211584605623
515035,2013B,89.0,3,1.0,70.0,12.903783526529546,0.9477006613251653,0.6865912837805365,0.19958849829243266
515105,2013B,187.0,11,1.0,168.0,17.244653822913648,0.96060219705257,0.7547533150848543,0.29943824462005353
515203,2013J,131.0,4,0.75,112.0,9.491515696894021,0.9295747259350402,0.5997774738149969,0.11182250507879438
515311,2013B,187.0,11,1.0,168.0,17.244653822913648,0.96060219705257,0.7547533150848543,0.29943824462005353
515329,2014J,201.0,5,0.8,182.0,9.411359574610687,0.9289967317396159,0.5971718162926833,0.10975532086963978
515349,2014J,201.0,5,1.0,182.0,11.872718327576681,0.9432900076436247,0.6645331303399441,0.17352298832526095
515474,2013B,187.0,8,1.0,168.0,14.488199687873005,0.9532842144150002,0.7154129721973973,0.23805211584605623
515497,2013B,159.0,7,0.8571428571428571,140.0,12.172495347721,0.9446472315475032,0.6712550916088275,0.18117141821106675
515646,2013J,208.0,10,1.0,189.0,15.674901714636082,0.9567432660170225,0.7337834276067934,0.2653764771134667
515676,2013J,208.0,10,0.9,161.0,14.669129063999842,0.9538469007099987,0.7183741733054397,0.24230377886918444
515959,2013B,159.0,9,1.0,140.0,16.138983511439626,0.9579606022573045,0.7403439614947853,0.2756953560030644
516057,2013B,187.0,11,1.0,168.0,17.244653822913648,0.96060219705257,0.7547533150848543,0.29943824462005353
516364,2013J,208.0,11,1.0,189.0,16.61185680660673,0.9591324981908782,0.7467070380717318,0.2859948363016298
516432,2013B,187.0,10,1.0,168.0,16.272007212919746,0.9582970061986397,0.7421657693137035,0.2786146453445147
516434,2014J,201.0,5,1.0,182.0,11.872718327576681,0.9432900076436247,0.6645331303399441,0.17352298832526095
516456,2013B,187.0,10,1.0,168.0,16.272007212919746,0.9582970061986397,0.7421657693137035,0.2786146453445147
516475,2013B,187.0,7,1.0,168.0,13.671024785086619,0.9505619735170273,0.701234148173774,0.21848071123786875
516495,2013B,187.0,7,1.0,168.0,13.671024785086619,0.9505619735170273,0.701234148173774,0.21848071123786875
516529,2013B,187.0,11,1.0,168.0,17.244653822913648,0.96060219705257,0.7547533150848543,0.29943824462005353
516588,2014J,54.0,2,1.0,35.0,12.9587830480666,0.9479167459046037,0.6876878781159758,0.2009582626927773
516601,2014B,194.0,10,1.0,182.0,15.871461755491081,0.9572673649561123,0.7366017948547608,0.2697724508753238
516841,2013B,187.0,11,1.0,168.0,17.244653822913648,0.96060219705257,0.7547533150848543,0.29943824462005353
516926,2013J,208.0,7,1.0,189.0,13.1693630073149,0.9487278366442666,0.6918174367362007,0.20618131365665326
517000,2013J,208.0,11,1.0,189.0,16.61185680660673,0.9591324981908782,0.7467070380717318,0.2859948363016298
517043,2013B,187.0,7,1.0,168.0,13.671024785086619,0.9505619735170273,0.701234148173774,0.21848071123786875
517231,2013J,208.0,10,1.0,189.0,15.674901714636082,0.9567432660170225,0.7337834276067934,0.2653764771134667
517352,2013J,208.0,11,1.0,189.0,16.61185680660673,0.9591324981908782,0.7467070380717318,0.2859948363016298
517474,2013B,187.0,10,1.0,168.0,16.272007212919746,0.9582970061986397,0.7421657693137035,0.2786146453445147
517553,2013J,131.0,5,1.0,112.0,13.448417102127598,0.9497645453403545,0.6971266308941054,0.21304855883469448
517617,2013B,187.0,11,1.0,168.0,17.244653822913648,0.96060219705257,0.7547533150848543,0.29943824462005353
517679,2014B,194.0,11,1.0,182.0,16.820166071444753,0.9596282638177619,0.7494129870007343,0.29046306865897914
517778,2013B,187.0,11,1.0,168.0,17.244653822913648,0.96060219705257,0.7547533150848543,0.29943824462005353
517890,2013B,187.0,11,1.0,168.0,17.244653822913648,0.96060219705257,0.7547533150848543,0.29943824462005353
518126,2013J,208.0,9,1.0,189.0,14.7907935051416,0.9542177149466892,0.7203313634239693,0.2451456819031239
518189,2013B,187.0,11,1.0,168.0,17.244653822913648,0.96060219705257,0.7547533150848543,0.29943824462005353
518223,2013J,208.0,11,1.0,189.0,16.61185680660673,0.9591324981908782,0.7467070380717318,0.2859948363016298
518258,2013J,208.0,11,1.0,189.0,16.61185680660673,0.9591324981908782,0.7467070380717318,0.2859948363016298
518389,2014J,201.0,5,1.0,182.0,11.872718327576681,0.9432900076436247,0.6645331303399441,0.17352298832526095
518469,2013B,187.0,9,1.0,168.0,15.354220586642985,0.9558600617834357,0.7290548653243458,0.2581246513464444
518496,2013J,208.0,11,1.0,189.0,16.61185680660673,0.9591324981908782,0.7467070380717318,0.2859948363016298
518711,2014B,12.0,1,0.0,0.0,4.073074741435078,0.8435147679614741,0.3038427186416507,0.0060643005081270065
518876,2013B,187.0,11,1.0,168.0,17.244653822913648,0.96060219705257,0.7547533150848543,0.29943824462005353
518879,2013B,187.0,11,1.0,168.0,17.244653822913648,0.96060219705257,0.7547533150848543,0.29943824462005353
518904,2013B,19.0,1,1.0,0.0,13.014016992892225,0.9481319623363588,0.6887815585935024,0.2023315543159954
518970,2013B,159.0,9,1.0,140.0,16.138983511439626,0.9579606022573045,0.7403439614947853,0.2756953560030644
519012,2013B,89.0,3,1.0,42.0,13.563303223024676,0.9501792769553784,0.699260313769955,0.2158572459412706
519078,2014B,194.0,10,1.0,182.0,15.871461755491081,0.9572673649561123,0.7366017948547608,0.2697724508753238
519222,2013B,187.0,10,1.0,168.0,16.272007212919746,0.9582970061986397,0.7421657693137035,0.2786146453445147
519294,2013J,208.0,10,1.0,189.0,15.674901714636082,0.9567432660170225,0.7337834276067934,0.2653764771134667
519387,2013B,187.0,10,1.0,168.0,16.272007212919746,0.9582970061986397,0.7421657693137035,0.2786146453445147
519584,2013J,208.0,11,1.0,189.0,16.61185680660673,0.9591324981908782,0.7467070380717318,0.2859948363016298
519602,2013B,187.0,6,1.0,168.0,12.89994082776828,0.9476854969429034,0.6865143833063156,0.19949271063676272
519622,2013J,166.0,8,1.0,147.0,15.040100034768518,0.9549592523886019,0.7242589755840351,0.2509257470685547
519800,2013B,187.0,9,1.0,168.0,15.354220586642985,0.9558600617834357,0.7290548653243458,0.2581246513464444
519859,2014B,194.0,11,1.0,182.0,16.820166071444753,0.9596282638177619,0.7494129870007343,0.29046306865897914
520002,2013J,208.0,11,1.0,189.0,16.61185680660673,0.9591324981908782,0.7467070380717318,0.2859948363016298
520006,2013J,208.0,11,1.0,189.0,16.61185680660673,0.9591324981908782,0.7467070380717318,0.2859948363016298
520024,2014J,201.0,13,0.7692307692307693,182.0,14.44895532377356,0.9531603501382446,0.7147625292114786,0.23712592824947384
520076,2014J,201.0,5,1.0,182.0,11.872718327576681,0.9432900076436247,0.6645331303399441,0.17352298832526095
520100,2013J,19.0,1,1.0,0.0,13.014016992892225,0.9481319623363588,0.6887815585935024,0.2023315543159954
520286,2013J,208.0,11,1.0,189.0,16.61185680660673,0.9591324981908782,0.7467070380717318,0.2859948363016298
520325,2013J,208.0,11,1.0,189.0,16.61185680660673,0.9591324981908782,0.7467070380717318,0.2859948363016298
520836,2013B,187.0,10,1.0,168.0,16.272007212919746,0.9582970061986397,0.7421657693137035,0.2786146453445147
520972,2014J,201.0,5,1.0,182.0,11.872718327576681,0.9432900076436247,0.6645331303399441,0.17352298832526095
521081,2014J,201.0,5,1.0,182.0,11.872718327576681,0.9432900076436247,0.6645331303399441,0.17352298832526095
521096,2013B,187.0,10,1.0,168.0,16.272007212919746,0.9582970061986397,0.7421657693137035,0.2786146453445147
521164,2014J,152.0,4,0.75,133.0,9.14322208225247,0.9269923675910531,0.588210955065259,0.10286905532938674
521341,2013J,208.0,11,1.0,189.0,16.61185680660673,0.9591324981908782,0.7467070380717318,0.2859948363016298
521394,2013B,187.0,10,1.0,168.0,16.272007212919746,0.9582970061986397,0.7421657693137035,0.2786146453445147
521430,2013B,187.0,11,1.0,168.0,17.244653822913648,0.96060219705257,0.7547533150848543,0.29943824462005353
521509,2013J,208.0,6,1.0,189.0,12.426574174533352,0.9457477197896044,0.676748216855094,0.18761134039246355
521590,2013J,208.0,11,1.0,189.0,16.61185680660673,0.9591324981908782,0.7467070380717318,0.2859948363016298
521764,2013B,187.0,10,1.0,168.0,16.272007212919746,0.9582970061986397,0.7421657693137035,0.2786146453445147
521895,2013J,208.0,9,0.8888888888888888,161.0,13.664241968478215,0.9505380500624306,0.7011106183668466,0.21831581174031595
521903,2013B,187.0,10,1.0,168.0,16.272007212919746,0.9582970061986397,0.7421657693137035,0.2786146453445147
521957,2014B,152.0,12,1.0,133.0,19.45039098945314,0.9649908391502235,0.7792240239449919,0.3433173215062537
522087,2014B,194.0,11,1.0,182.0,16.820166071444753,0.9596282638177619,0.7494129870007343,0.29046306865897914
522090,2013B,187.0,11,1.0,168.0,17.244653822913648,0.96060219705257,0.7547533150848543,0.29943824462005353
522189,2014J,201.0,5,0.8,182.0,9.411359574610687,0.9289967317396159,0.5971718162926833,0.10975532086963978
522249,2013B,187.0,8,1.0,168.0,14.488199687873005,0.9532842144150002,0.7154129721973973,0.23805211584605623
522373,2013B,187.0,11,1.0,168.0,17.244653822913648,0.96060219705257,0.7547533150848543,0.29943824462005353
522381,2014J,201.0,5,0.8,182.0,9.411359574610687,0.9289967317396159,0.5971718162926833,0.10975532086963978
522383,2013B,159.0,6,1.0,140.0,13.559264121749717,0.9501648122077447,0.6991858024266003,0.21575868670453618
522426,2013J,208.0,11,1.0,189.0,16.61185680660673,0.9591324981908782,0.7467070380717318,0.2859948363016298
522434,2013J,208.0,11,1.0,189.0,16.61185680660673,0.9591324981908782,0.7467070380717318,0.2859948363016298
522441,2013J,208.0,11,1.0,189.0,16.61185680660673,0.9591324981908782,0.7467070380717318,0.2859948363016298
522443,2013J,54.0,3,1.0,35.0,13.733384253463113,0.9507808401984322,0.7023651422057456,0.21999491462114137
522446,2013J,208.0,11,1.0,189.0,16.61185680660673,0.9591324981908782,0.7467070380717318,0.2859948363016298
522478,2014J,19.0,1,0.0,0.0,4.073074741435078,0.8435147679614741,0.3038427186416507,0.0060643005081270065
522529,2013J,208.0,11,1.0,189.0,16.61185680660673,0.9591324981908782,0.7467070380717318,0.2859948363016298
522622,2013J,208.0,5,0.8,77.0,11.345767381423956,0.9407357295454225,0.6520388506225308,0.1599665471924574
522650,2013J,19.0,1,1.0,0.0,13.014016992892225,0.9481319623363588,0.6887815585935024,0.2023315543159954
522714,2013J,208.0,11,1.0,189.0,16.61185680660673,0.9591324981908782,0.7467070380717318,0.2859948363016298
522792,2013J,208.0,9,1.0,189.0,14.7907935051416,0.9542177149466892,0.7203313634239693,0.2451456819031239
522889,2013J,208.0,11,1.0,189.0,16.61185680660673,0.9591324981908782,0.7467070380717318,0.2859948363016298
522891,2013J,208.0,11,1.0,189.0,16.61185680660673,0.9591324981908782,0.7467070380717318,0.2859948363016298
522894,2013J,208.0,11,1.0,189.0,16.61185680660673,0.9591324981908782,0.7467070380717318,0.2859948363016298
522899,2013J,208.0,11,1.0,189.0,16.61185680660673,0.9591324981908782,0.7467070380717318,0.2859948363016298
523012,2013B,187.0,11,1.0,168.0,17.244653822913648,0.96060219705257,0.7547533150848543,0.29943824462005353
523021,2014B,82.0,4,1.0,70.0,13.675097178185805,0.9505763260111401,0.7013082668595051,0.2185796978319925
523132,2014J,201.0,5,1.0,182.0,11.872718327576681,0.9432900076436247,0.6645331303399441,0.17352298832526095
523247,2014B,194.0,11,1.0,182.0,16.820166071444753,0.9596282638177619,0.7494129870007343,0.29046306865897914
523466,2013J,208.0,11,1.0,189.0,16.61185680660673,0.9591324981908782,0.7467070380717318,0.2859948363016298
523545,2013J,208.0,11,1.0,189.0,16.61185680660673,0.9591324981908782,0.7467070380717318,0.2859948363016298
523596,2013B,187.0,11,1.0,168.0,17.244653822913648,0.96060219705257,0.7547533150848543,0.29943824462005353
523630,2013B,187.0,11,1.0,168.0,17.244653822913648,0.96060219705257,0.7547533150848543,0.29943824462005353
523655,2013J,208.0,8,1.0,189.0,13.956551466442034,0.9515484770924864,0.7063442752943645,0.22538632162984673
523672,2013B,187.0,11,1.0,168.0,17.244653822913648,0.96060219705257,0.7547533150848543,0.29943824462005353
523757,2013J,47.0,2,0.5,28.0,7.34060448448695,0.9098946600937046,0.5163424296886442,0.05884824135054231
523831,2014J,110.0,2,1.0,91.0,11.7291736095353,0.9426162787196736,0.6612178200265028,0.16984316294290336
523857,2013J,208.0,11,1.0,189.0,16.61185680660673,0.9591324981908782,0.7467070380717318,0.2859948363016298
523875,2013J,208.0,11,1.0,189.0,16.61185680660673,0.9591324981908782,0.7467070380717318,0.2859948363016298
523905,2014J,201.0,5,0.8,182.0,9.411359574610687,0.9289967317396159,0.5971718162926833,0.10975532086963978
523928,2013J,208.0,11,1.0,189.0,16.61185680660673,0.9591324981908782,0.7467070380717318,0.2859948363016298
523966,2013B,187.0,10,1.0,168.0,16.272007212919746,0.9582970061986397,0.7421657693137035,0.2786146453445147
524043,2014J,201.0,5,1.0,182.0,11.872718327576681,0.9432900076436247,0.6645331303399441,0.17352298832526095
524076,2013J,19.0,1,1.0,0.0,13.014016992892225,0.9481319623363588,0.6887815585935024,0.2023315543159954
524101,2013B,89.0,4,1.0,70.0,13.675097178185805,0.9505763260111401,0.7013082668595051,0.2185796978319925
524290,2014B,194.0,11,1.0,182.0,16.820166071444753,0.9596282638177619,0.7494129870007343,0.29046306865897914
524452,2013B,187.0,11,1.0,168.0,17.244653822913648,0.96060219705257,0.7547533150848543,0.29943824462005353
524790,2013J,208.0,11,1.0,189.0,16.61185680660673,0.9591324981908782,0.7467070380717318,0.2859948363016298
525027,2014B,12.0,1,1.0,0.0,13.014016992892225,0.9481319623363588,0.6887815585935024,0.2023315543159954
525501,2013B,187.0,11,1.0,168.0,17.244653822913648,0.96060219705257,0.7547533150848543,0.29943824462005353
525520,2013B,187.0,10,1.0,168.0,16.272007212919746,0.9582970061986397,0.7421657693137035,0.2786146453445147
525679,2013B,124.0,3,1.0,105.0,12.124296985103836,0.9444334146302122,0.6701922632116766,0.17994522570330918
525683,2013B,187.0,10,1.0,168.0,16.272007212919746,0.9582970061986397,0.7421657693137035,0.2786146453445147
525877,2013J,54.0,3,1.0,35.0,13.733384253463113,0.9507808401984322,0.7023651422057456,0.21999491462114137
525885,2013J,166.0,9,1.0,147.0,15.939110348700272,0.9574448152526764,0.7375581425470185,0.2712767358407156
525942,2014B,194.0,21,0.9523809523809523,182.0,28.440715561728286,0.9759229400701175,0.8431574594987579,0.4813553462821668
525974,2013J,208.0,11,1.0,189.0,16.61185680660673,0.9591324981908782,0.7467070380717318,0.2859948363016298
526088,2013J,131.0,7,1.0,112.0,15.104205132632336,0.9551460609362947,0.7252513114923546,0.25240250990260077
526177,2013J,208.0,9,1.0,189.0,14.7907935051416,0.9542177149466892,0.7203313634239693,0.2451456819031239
526200,2013B,159.0,7,1.0,140.0,14.36975861757076,0.9529083764359935,0.7134409151339833,0.23525254883637753
526285,2014B,194.0,10,0.9,182.0,14.130841592482957,0.9521315408374345,0.7093795500889342,0.22956652605310982
526370,2013B,187.0,9,1.0,168.0,15.354220586642985,0.9558600617834357,0.7290548653243458,0.2581246513464444
526506,2013B,54.0,3,1.0,35.0,13.733384253463113,0.9507808401984322,0.7023651422057456,0.21999491462114137
526810,2013J,131.0,7,1.0,112.0,15.104205132632336,0.9551460609362947,0.7252513114923546,0.25240250990260077
527020,2013B,187.0,11,1.0,168.0,17.244653822913648,0.96060219705257,0.7547533150848543,0.29943824462005353
527102,2014J,54.0,2,1.0,35.0,12.9587830480666,0.9479167459046037,0.6876878781159758,0.2009582626927773
527164,2013B,187.0,11,0.9090909090909091,168.0,15.516431379352976,0.9563112755975214,0.7314673324186043,0.2618052152027917
527227,2013B,187.0,11,1.0,168.0,17.244653822913648,0.96060219705257,0.7547533150848543,0.29943824462005353
527313,2013B,19.0,1,1.0,0.0,13.014016992892225,0.9481319623363588,0.6887815585935024,0.2023315543159954
527382,2013B,19.0,1,1.0,0.0,13.014016992892225,0.9481319623363588,0.6887815585935024,0.2023315543159954
527393,2013J,208.0,11,0.9090909090909091,189.0,14.947051931008295,0.9546853162919468,0.7228059186680567,0.2487753157766856
527400,2013B,89.0,4,1.0,70.0,13.675097178185805,0.9505763260111401,0.7013082668595051,0.2185796978319925
527580,2013J,208.0,11,1.0,189.0,16.61185680660673,0.9591324981908782,0.7467070380717318,0.2859948363016298
527636,2013J,131.0,7,1.0,112.0,15.104205132632336,0.9551460609362947,0.7252513114923546,0.25240250990260077
527659,2013B,54.0,2,0.5,7.0,7.6202308182406275,0.913052916079131,0.5290194442371511,0.06529477586081167
527742,2014J,201.0,5,1.0,182.0,11.872718327576681,0.9432900076436247,0.6645331303399441,0.17352298832526095
527799,2013J,208.0,11,0.8181818181818182,189.0,13.449090250970881,0.9497669954696338,0.697139219745921,0.21306504763839054
527886,2013B,187.0,10,1.0,168.0,16.272007212919746,0.9582970061986397,0.7421657693137035,0.2786146453445147
527980,2013B,187.0,11,1.0,168.0,17.244653822913648,0.96060219705257,0.7547533150848543,0.29943824462005353
528056,2013J,19.0,1,1.0,0.0,13.014016992892225,0.9481319623363588,0.6887815585935024,0.2023315543159954
528161,2013B,187.0,10,1.0,168.0,16.272007212919746,0.9582970061986397,0.7421657693137035,0.2786146453445147
528175,2013B,19.0,1,1.0,0.0,13.014016992892225,0.9481319623363588,0.6887815585935024,0.2023315543159954
528220,2013B,89.0,5,1.0,70.0,14.492515505111,0.953297796167274,0.7154843243067773,0.23815388506135335
528250,2013B,187.0,11,1.0,168.0,17.244653822913648,0.96060219705257,0.7547533150848543,0.29943824462005353
528261,2013B,187.0,11,1.0,168.0,17.244653822913648,0.96060219705257,0.7547533150848543,0.29943824462005353
528353,2013B,187.0,11,1.0,168.0,17.244653822913648,0.96060219705257,0.7547533150848543,0.29943824462005353
528432,2014J,201.0,5,1.0,182.0,11.872718327576681,0.9432900076436247,0.6645331303399441,0.17352298832526095
528464,2013J,208.0,11,1.0,189.0,16.61185680660673,0.9591324981908782,0.7467070380717318,0.2859948363016298
528649,2013B,187.0,10,0.9,168.0,14.487459306510146,0.9532818836625072,0.7154007281381869,0.23803465554772268
528698,2013B,187.0,11,1.0,168.0,17.244653822913648,0.96060219705257,0.7547533150848543,0.29943824462005353
528702,2014J,110.0,3,0.6666666666666666,91.0,8.439520459795823,0.9211511789392633,0.5627511431774405,0.08509957049259294
528904,2013B,187.0,10,1.0,168.0,16.272007212919746,0.9582970061986397,0.7421657693137035,0.2786146453445147
528918,2013B,19.0,1,1.0,0.0,13.014016992892225,0.9481319623363588,0.6887815585935024,0.2023315543159954
529065,2013B,187.0,11,1.0,168.0,17.244653822913648,0.96060219705257,0.7547533150848543,0.29943824462005353
529174,2013B,187.0,9,0.8888888888888888,168.0,13.495017230331621,0.9499335982151184,0.6979956878370822,0.21418914410193002
529212,2013B,187.0,9,1.0,168.0,15.354220586642985,0.9558600617834357,0.7290548653243458,0.2581246513464444
529438,2014B,194.0,11,1.0,182.0,16.820166071444753,0.9596282638177619,0.7494129870007343,0.29046306865897914
529446,2013B,159.0,7,1.0,140.0,14.36975861757076,0.9529083764359935,0.7134409151339833,0.23525254883637753
529452,2013B,187.0,11,0.9090909090909091,168.0,15.516431379352976,0.9563112755975214,0.7314673324186043,0.2618052152027917
529502,2013B,187.0,10,1.0,168.0,16.272007212919746,0.9582970061986397,0.7421657693137035,0.2786146453445147
529597,2013J,166.0,6,0.6666666666666666,147.0,9.092033416487913,0.9265967984000415,0.5864561797422749,0.10156027275011525
529795,2013J,54.0,3,1.0,35.0,13.733384253463113,0.9507808401984322,0.7023651422057456,0.21999491462114137
530021,2014J,110.0,6,1.0,91.0,14.79519946053622,0.9542310318658732,0.720401736224861,0.2452483391654032
530065,2013B,187.0,11,0.9090909090909091,168.0,15.516431379352976,0.9563112755975214,0.7314673324186043,0.2618052152027917
530112,2013J,208.0,11,1.0,189.0,16.61185680660673,0.9591324981908782,0.7467070380717318,0.2859948363016298
530153,2013B,54.0,3,1.0,35.0,13.733384253463113,0.9507808401984322,0.7023651422057456,0.21999491462114137
530226,2013B,187.0,8,1.0,168.0,14.488199687873005,0.9532842144150002,0.7154129721973973,0.23805211584605623
530266,2013B,19.0,1,1.0,0.0,13.014016992892225,0.9481319623363588,0.6887815585935024,0.2023315543159954
530487,2013J,208.0,11,1.0,189.0,16.61185680660673,0.9591324981908782,0.7467070380717318,0.2859948363016298
530493,2013B,124.0,6,1.0,105.0,14.431006533497468,0.9531034804844484,0.7144640619516958,0.23670185660004425
530514,2013J,208.0,9,1.0,189.0,14.7907935051416,0.9542177149466892,0.7203313634239693,0.2451456819031239
530669,2013B,187.0,8,0.875,140.0,13.17048298704293,0.9487320829549624,0.6918391120552879,0.20620900020823474
530753,2013J,54.0,3,1.0,35.0,13.733384253463113,0.9507808401984322,0.7023651422057456,0.21999491462114137
530772,2014J,201.0,5,1.0,182.0,11.872718327576681,0.9432900076436247,0.6645331303399441,0.17352298832526095
530841,2013J,208.0,11,1.0,189.0,16.61185680660673,0.9591324981908782,0.7467070380717318,0.2859948363016298
530941,2014J,201.0,5,1.0,182.0,11.872718327576681,0.9432900076436247,0.6645331303399441,0.17352298832526095
530987,2013B,187.0,9,1.0,168.0,15.354220586642985,0.9558600617834357,0.7290548653243458,0.2581246513464444
531027,2013B,54.0,2,1.0,35.0,12.9587830480666,0.9479167459046037,0.6876878781159758,0.2009582626927773
531205,2013B,54.0,2,1.0,7.0,13.621113801309303,0.9503853908816636,0.7003227951695112,0.21726639292771016
531384,2013J,208.0,11,0.9090909090909091,189.0,14.947051931008295,0.9546853162919468,0.7228059186680567,0.2487753157766856
531427,2013B,159.0,8,1.0,140.0,15.228699793230607,0.9555044598975224,0.7271584069289139,0.2552592889043663
531428,2013B,19.0,1,1.0,0.0,13.014016992892225,0.9481319623363588,0.6887815585935024,0.2023315543159954
531450,2014J,201.0,5,1.0,182.0,11.872718327576681,0.9432900076436247,0.6645331303399441,0.17352298832526095
531464,2013B,19.0,1,1.0,0.0,13.014016992892225,0.9481319623363588,0.6887815585935024,0.2023315543159954
531569,2013B,19.0,1,1.0,0.0,13.014016992892225,0.9481319623363588,0.6887815585935024,0.2023315543159954
531573,2013B,187.0,8,1.0,168.0,14.488199687873005,0.9532842144150002,0.7154129721973973,0.23805211584605623
531634,2013B,19.0,1,0.0,0.0,4.073074741435078,0.8435147679614741,0.3038427186416507,0.0060643005081270065
531643,2013J,208.0,10,1.0,189.0,15.674901714636082,0.9567432660170225,0.7337834276067934,0.2653764771134667
531753,2014J,201.0,5,1.0,182.0,11.872718327576681,0.9432900076436247,0.6645331303399441,0.17352298832526095
531755,2014B,194.0,10,1.0,154.0,16.682661169863994,0.9593023691100526,0.7476332694171496,0.287518312210947
531865,2014J,201.0,5,0.8,182.0,9.411359574610687,0.9289967317396159,0.5971718162926833,0.10975532086963978
532034,2013B,54.0,3,1.0,35.0,13.733384253463113,0.9507808401984322,0.7023651422057456,0.21999491462114137
532114,2013J,131.0,4,1.0,84.0,13.338476257180503,0.9493611500265304,0.695056626478003,0.210350555593078
532140,2013B,187.0,11,1.0,168.0,17.244653822913648,0.96060219705257,0.7547533150848543,0.29943824462005353
532274,2014B,152.0,9,1.0,140.0,16.138983511439626,0.9579606022573045,0.7403439614947853,0.2756953560030644
532335,2013J,208.0,11,1.0,189.0,16.61185680660673,0.9591324981908782,0.7467070380717318,0.2859948363016298
532396,2013B,19.0,1,1.0,0.0,13.014016992892225,0.9481319623363588,0.6887815585935024,0.2023315543159954
532477,2013J,208.0,10,1.0,189.0,15.674901714636082,0.9567432660170225,0.7337834276067934,0.2653764771134667
532500,2013B,124.0,7,0.2857142857142857,105.0,6.6705354609747305,0.9013048114482144,0.48317207509491955,0.04427419608715391
532512,2013B,89.0,5,1.0,70.0,14.492515505111,0.953297796167274,0.7154843243067773,0.23815388506135335
532534,2013B,124.0,5,1.0,105.0,13.617057484259055,0.9503709844002922,0.7002484873148381,0.21716761122120323
532584,2013B,54.0,3,1.0,35.0,13.733384253463113,0.9507808401984322,0.7023651422057456,0.21999491462114137
532615,2013J,208.0,11,1.0,189.0,16.61185680660673,0.9591324981908782,0.7467070380717318,0.2859948363016298
532617,2014B,194.0,11,1.0,182.0,16.820166071444753,0.9596282638177619,0.7494129870007343,0.29046306865897914
532665,2013B,187.0,11,1.0,168.0,17.244653822913648,0.96060219705257,0.7547533150848543,0.29943824462005353
532710,2013B,54.0,1,1.0,0.0,13.014016992892225,0.9481319623363588,0.6887815585935024,0.2023315543159954
532739,2013J,166.0,8,0.875,147.0,13.007373204598501,0.9481061692593108,0.688650405519123,0.2021664919983148
532750,2013J,208.0,11,1.0,189.0,16.61185680660673,0.9591324981908782,0.7467070380717318,0.2859948363016298
532779,2014J,201.0,5,0.8,182.0,9.411359574610687,0.9289967317396159,0.5971718162926833,0.10975532086963978
532839,2013J,131.0,12,1.0,112.0,20.191316554091635,0.9662535800622643,0.7863896921766929,0.35705365323198496
532868,2013J,208.0,11,1.0,189.0,16.61185680660673,0.9591324981908782,0.7467070380717318,0.2859948363016298
532869,2013J,208.0,11,1.0,189.0,16.61185680660673,0.9591324981908782,0.7467070380717318,0.2859948363016298
532886,2013B,187.0,10,1.0,168.0,16.272007212919746,0.9582970061986397,0.7421657693137035,0.2786146453445147
532950,2013B,187.0,10,1.0,168.0,16.272007212919746,0.9582970061986397,0.7421657693137035,0.2786146453445147
533077,2014B,152.0,8,1.0,140.0,15.228699793230607,0.9555044598975224,0.7271584069289139,0.2552592889043663
533091,2013J,208.0,10,1.0,189.0,15.674901714636082,0.9567432660170225,0.7337834276067934,0.2653764771134667
533164,2013J,131.0,7,1.0,112.0,15.104205132632336,0.9551460609362947,0.7252513114923546,0.25240250990260077
533209,2014J,201.0,5,1.0,182.0,11.872718327576681,0.9432900076436247,0.6645331303399441,0.17352298832526095
533210,2014B,194.0,11,1.0,182.0,16.820166071444753,0.9596282638177619,0.7494129870007343,0.29046306865897914
533301,2013J,208.0,11,1.0,189.0,16.61185680660673,0.9591324981908782,0.7467070380717318,0.2859948363016298
533324,2013B,187.0,11,1.0,168.0,17.244653822913648,0.96060219705257,0.7547533150848543,0.29943824462005353
533347,2013B,187.0,10,1.0,168.0,16.272007212919746,0.9582970061986397,0.7421657693137035,0.2786146453445147
533365,2013B,89.0,5,1.0,70.0,14.492515505111,0.953297796167274,0.7154843243067773,0.23815388506135335
533527,2014B,194.0,11,1.0,182.0,16.820166071444753,0.9596282638177619,0.7494129870007343,0.29046306865897914
533545,2013B,187.0,9,0.8888888888888888,168.0,13.495017230331621,0.9499335982151184,0.6979956878370822,0.21418914410193002
533697,2013B,89.0,5,1.0,70.0,14.492515505111,0.953297796167274,0.7154843243067773,0.23815388506135335
533722,2013B,187.0,11,1.0,168.0,17.244653822913648,0.96060219705257,0.7547533150848543,0.29943824462005353
533839,2013B,187.0,11,1.0,168.0,17.244653822913648,0.96060219705257,0.7547533150848543,0.29943824462005353
533969,2013B,19.0,1,1.0,0.0,13.014016992892225,0.9481319623363588,0.6887815585935024,0.2023315543159954
533996,2013B,54.0,3,1.0,35.0,13.733384253463113,0.9507808401984322,0.7023651422057456,0.21999491462114137
534051,2013B,187.0,10,1.0,168.0,16.272007212919746,0.9582970061986397,0.7421657693137035,0.2786146453445147
534086,2013B,187.0,11,1.0,168.0,17.244653822913648,0.96060219705257,0.7547533150848543,0.29943824462005353
534133,2013J,208.0,11,1.0,189.0,16.61185680660673,0.9591324981908782,0.7467070380717318,0.2859948363016298
534143,2014B,117.0,7,1.0,105.0,15.293608755825733,0.9556890600243851,0.7281423683403853,0.2567428969729942
534151,2013B,54.0,1,1.0,0.0,13.014016992892225,0.9481319623363588,0.6887815585935024,0.2023315543159954
534163,2014B,194.0,10,1.0,182.0,15.871461755491081,0.9572673649561123,0.7366017948547608,0.2697724508753238
534323,2013J,208.0,10,1.0,189.0,15.674901714636082,0.9567432660170225,0.7337834276067934,0.2653764771134667
534343,2013B,187.0,11,1.0,168.0,17.244653822913648,0.96060219705257,0.7547533150848543,0.29943824462005353
534360,2013B,187.0,10,1.0,168.0,16.272007212919746,0.9582970061986397,0.7421657693137035,0.2786146453445147
534373,2013B,187.0,11,1.0,168.0,17.244653822913648,0.96060219705257,0.7547533150848543,0.29943824462005353
534428,2014J,201.0,5,0.8,182.0,9.411359574610687,0.9289967317396159,0.5971718162926833,0.10975532086963978
534432,2013B,187.0,10,1.0,168.0,16.272007212919746,0.9582970061986397,0.7421657693137035,0.2786146453445147
534588,2014J,19.0,1,0.0,0.0,4.073074741435078,0.8435147679614741,0.3038427186416507,0.0060643005081270065
534652,2013B,187.0,9,1.0,168.0,15.354220586642985,0.9558600617834357,0.7290548653243458,0.2581246513464444
534698,2013B,187.0,10,1.0,168.0,16.272007212919746,0.9582970061986397,0.7421657693137035,0.2786146453445147
534709,2013B,187.0,9,0.8888888888888888,168.0,13.495017230331621,0.9499335982151184,0.6979956878370822,0.21418914410193002
534715,2014J,201.0,5,1.0,182.0,11.872718327576681,0.9432900076436247,0.6645331303399441,0.17352298832526095
534744,2013B,124.0,6,1.0,105.0,14.431006533497468,0.9531034804844484,0.7144640619516958,0.23670185660004425
534765,2013B,187.0,10,1.0,168.0,16.272007212919746,0.9582970061986397,0.7421657693137035,0.2786146453445147
534816,2013J,208.0,11,1.0,189.0,16.61185680660673,0.9591324981908782,0.7467070380717318,0.2859948363016298
534884,2014J,54.0,2,1.0,35.0,12.9587830480666,0.9479167459046037,0.6876878781159758,0.2009582626927773
534908,2013B,19.0,1,1.0,0.0,13.014016992892225,0.9481319623363588,0.6887815585935024,0.2023315543159954
534946,2013J,208.0,11,1.0,189.0,16.61185680660673,0.9591324981908782,0.7467070380717318,0.2859948363016298
534983,2013B,187.0,10,1.0,168.0,16.272007212919746,0.9582970061986397,0.7421657693137035,0.2786146453445147
534991,2013B,187.0,11,1.0,168.0,17.244653822913648,0.96060219705257,0.7547533150848543,0.29943824462005353
534998,2013J,208.0,11,1.0,189.0,16.61185680660673,0.9591324981908782,0.7467070380717318,0.2859948363016298
535012,2013B,187.0,10,1.0,168.0,16.272007212919746,0.9582970061986397,0.7421657693137035,0.2786146453445147
535077,2014B,194.0,9,1.0,182.0,14.97626701104141,0.9547716843809574,0.7232637765324275,0.2494513853872069
535140,2013B,187.0,10,1.0,168.0,16.272007212919746,0.9582970061986397,0.7421657693137035,0.2786146453445147
535145,2013B,187.0,10,1.0,168.0,16.272007212919746,0.9582970061986397,0.7421657693137035,0.2786146453445147
535152,2013B,89.0,4,1.0,70.0,13.675097178185805,0.9505763260111401,0.7013082668595051,0.2185796978319925
535155,2013B,124.0,5,1.0,105.0,13.617057484259055,0.9503709844002922,0.7002484873148381,0.21716761122120323
535269,2013J,54.0,6,1.0,35.0,16.346230889284016,0.9584823812562114,0.7431713158350643,0.2802360634267423
535278,2013B,89.0,5,1.0,70.0,14.492515505111,0.953297796167274,0.7154843243067773,0.23815388506135335
535328,2013B,187.0,11,1.0,168.0,17.244653822913648,0.96060219705257,0.7547533150848543,0.29943824462005353
535379,2013J,208.0,9,1.0,189.0,14.7907935051416,0.9542177149466892,0.7203313634239693,0.2451456819031239
535396,2013B,89.0,5,1.0,70.0,14.492515505111,0.953297796167274,0.7154843243067773,0.23815388506135335
535407,2013B,187.0,11,1.0,168.0,17.244653822913648,0.96060219705257,0.7547533150848543,0.29943824462005353
535462,2014B,47.0,3,1.0,35.0,13.733384253463113,0.9507808401984322,0.7023651422057456,0.21999491462114137
535468,2013B,187.0,11,1.0,168.0,17.244653822913648,0.96060219705257,0.7547533150848543,0.29943824462005353
535506,2014B,194.0,9,1.0,182.0,14.97626701104141,0.9547716843809574,0.7232637765324275,0.2494513853872069
535530,2013B,187.0,11,1.0,168.0,17.244653822913648,0.96060219705257,0.7547533150848543,0.29943824462005353
535548,2014B,194.0,10,1.0,182.0,15.871461755491081,0.9572673649561123,0.7366017948547608,0.2697724508753238
535605,2013B,187.0,11,1.0,168.0,17.244653822913648,0.96060219705257,0.7547533150848543,0.29943824462005353
535755,2013B,187.0,11,1.0,168.0,17.244653822913648,0.96060219705257,0.7547533150848543,0.29943824462005353
535760,2013B,187.0,11,1.0,168.0,17.244653822913648,0.96060219705257,0.7547533150848543,0.29943824462005353
535773,2013B,187.0,10,1.0,168.0,16.272007212919746,0.9582970061986397,0.7421657693137035,0.2786146453445147
535778,2013B,54.0,3,1.0,35.0,13.733384253463113,0.9507808401984322,0.7023651422057456,0.21999491462114137
535800,2013B,187.0,10,1.0,168.0,16.272007212919746,0.9582970061986397,0.7421657693137035,0.2786146453445147
535807,2013B,187.0,11,0.9090909090909091,168.0,15.516431379352976,0.9563112755975214,0.7314673324186043,0.2618052152027917
535820,2013B,187.0,9,1.0,168.0,15.354220586642985,0.9558600617834357,0.7290548653243458,0.2581246513464444
535833,2013J,208.0,11,1.0,189.0,16.61185680660673,0.9591324981908782,0.7467070380717318,0.2859948363016298
535963,2014J,201.0,5,0.8,182.0,9.411359574610687,0.9289967317396159,0.5971718162926833,0.10975532086963978
536112,2013B,187.0,10,1.0,168.0,16.272007212919746,0.9582970061986397,0.7421657693137035,0.2786146453445147
536188,2013B,187.0,10,1.0,168.0,16.272007212919746,0.9582970061986397,0.7421657693137035,0.2786146453445147
536189,2013B,187.0,11,1.0,168.0,17.244653822913648,0.96060219705257,0.7547533150848543,0.29943824462005353
536203,2013B,124.0,7,0.8571428571428571,105.0,12.955080623450646,0.9479022557098441,0.687614295788642,0.20086612551822425
536205,2013B,187.0,9,0.8888888888888888,168.0,13.495017230331621,0.9499335982151184,0.6979956878370822,0.21418914410193002
536270,2013B,89.0,4,1.0,70.0,13.675097178185805,0.9505763260111401,0.7013082668595051,0.2185796978319925
536286,2014B,194.0,11,1.0,182.0,16.820166071444753,0.9596282638177619,0.7494129870007343,0.29046306865897914
536318,2013J,208.0,11,1.0,189.0,16.61185680660673,0.9591324981908782,0.7467070380717318,0.2859948363016298
536442,2013B,187.0,7,0.7142857142857143,168.0,9.809827242757176,0.9317800879556185,0.6098092077764273,0.12006122259151912
536452,2013B,187.0,11,1.0,168.0,17.244653822913648,0.96060219705257,0.7547533150848543,0.29943824462005353
536510,2013B,89.0,3,1.0,70.0,12.903783526529546,0.9477006613251653,0.6865912837805365,0.19958849829243266
536629,2014B,194.0,11,1.0,182.0,16.820166071444753,0.9596282638177619,0.7494129870007343,0.29046306865897914
536632,2013J,208.0,9,1.0,189.0,14.7907935051416,0.9542177149466892,0.7203313634239693,0.2451456819031239
536649,2013J,208.0,11,1.0,189.0,16.61185680660673,0.9591324981908782,0.7467070380717318,0.2859948363016298
536660,2013J,208.0,10,1.0,189.0,15.674901714636082,0.9567432660170225,0.7337834276067934,0.2653764771134667
536663,2013J,19.0,1,1.0,0.0,13.014016992892225,0.9481319623363588,0.6887815585935024,0.2023315543159954
536666,2013J,208.0,10,1.0,189.0,15.674901714636082,0.9567432660170225,0.7337834276067934,0.2653764771134667
536722,2013B,124.0,6,1.0,105.0,14.431006533497468,0.9531034804844484,0.7144640619516958,0.23670185660004425
536726,2013B,187.0,10,1.0,168.0,16.272007212919746,0.9582970061986397,0.7421657693137035,0.2786146453445147
536767,2014J,152.0,4,0.75,133.0,9.14322208225247,0.9269923675910531,0.588210955065259,0.10286905532938674
536805,2014B,194.0,9,1.0,182.0,14.97626701104141,0.9547716843809574,0.7232637765324275,0.2494513853872069
536852,2013J,208.0,10,0.9,189.0,13.955838253564096,0.9515460619600212,0.7063317259452796,0.22536916061903828
536856,2013B,124.0,5,1.0,105.0,13.617057484259055,0.9503709844002922,0.7002484873148381,0.21716761122120323
536900,2013B,187.0,10,1.0,168.0,16.272007212919746,0.9582970061986397,0.7421657693137035,0.2786146453445147
536992,2013J,208.0,10,1.0,189.0,15.674901714636082,0.9567432660170225,0.7337834276067934,0.2653764771134667
537077,2014B,194.0,11,1.0,182.0,16.820166071444753,0.9596282638177619,0.7494129870007343,0.29046306865897914
537162,2013B,187.0,10,1.0,168.0,16.272007212919746,0.9582970061986397,0.7421657693137035,0.2786146453445147
537171,2014B,194.0,11,1.0,182.0,16.820166071444753,0.9596282638177619,0.7494129870007343,0.29046306865897914
537193,2013B,187.0,11,1.0,168.0,17.244653822913648,0.96060219705257,0.7547533150848543,0.29943824462005353
537194,2014J,201.0,5,1.0,182.0,11.872718327576681,0.9432900076436247,0.6645331303399441,0.17352298832526095
537255,2013B,187.0,10,1.0,168.0,16.272007212919746,0.9582970061986397,0.7421657693137035,0.2786146453445147
537259,2013B,187.0,10,1.0,168.0,16.272007212919746,0.9582970061986397,0.7421657693137035,0.2786146453445147
537271,2013J,54.0,3,1.0,35.0,13.733384253463113,0.9507808401984322,0.7023651422057456,0.21999491462114137
537342,2013B,187.0,11,1.0,168.0,17.244653822913648,0.96060219705257,0.7547533150848543,0.29943824462005353
537373,2014B,194.0,11,1.0,182.0,16.820166071444753,0.9596282638177619,0.7494129870007343,0.29046306865897914
537392,2013B,54.0,3,1.0,35.0,13.733384253463113,0.9507808401984322,0.7023651422057456,0.21999491462114137
537414,2013B,187.0,11,1.0,168.0,17.244653822913648,0.96060219705257,0.7547533150848543,0.29943824462005353
537434,2013B,187.0,11,1.0,168.0,17.244653822913648,0.96060219705257,0.7547533150848543,0.29943824462005353
537464,2013B,187.0,11,1.0,168.0,17.244653822913648,0.96060219705257,0.7547533150848543,0.29943824462005353
537473,2013B,187.0,10,1.0,168.0,16.272007212919746,0.9582970061986397,0.7421657693137035,0.2786146453445147
537488,2013B,187.0,10,1.0,168.0,16.272007212919746,0.9582970061986397,0.7421657693137035,0.2786146453445147
537558,2013B,187.0,10,1.0,168.0,16.272007212919746,0.9582970061986397,0.7421657693137035,0.2786146453445147
537572,2013B,187.0,11,1.0,168.0,17.244653822913648,0.96060219705257,0.7547533150848543,0.29943824462005353
537605,2014B,12.0,1,1.0,0.0,13.014016992892225,0.9481319623363588,0.6887815585935024,0.2023315543159954
537640,2014J,201.0,5,0.8,182.0,9.411359574610687,0.9289967317396159,0.5971718162926833,0.10975532086963978
537679,2013B,187.0,11,1.0,168.0,17.244653822913648,0.96060219705257,0.7547533150848543,0.29943824462005353
537688,2013B,187.0,11,1.0,168.0,17.244653822913648,0.96060219705257,0.7547533150848543,0.29943824462005353
537698,2014B,194.0,11,1.0,182.0,16.820166071444753,0.9596282638177619,0.7494129870007343,0.29046306865897914
537704,2013B,187.0,10,1.0,168.0,16.272007212919746,0.9582970061986397,0.7421657693137035,0.2786146453445147
537844,2013B,89.0,4,1.0,70.0,13.675097178185805,0.9505763260111401,0.7013082668595051,0.2185796978319925
537875,2013B,187.0,11,1.0,168.0,17.244653822913648,0.96060219705257,0.7547533150848543,0.29943824462005353
537898,2013B,187.0,10,1.0,168.0,16.272007212919746,0.9582970061986397,0.7421657693137035,0.2786146453445147
537905,2013B,187.0,11,1.0,168.0,17.244653822913648,0.96060219705257,0.7547533150848543,0.29943824462005353
538138,2013B,19.0,1,1.0,0.0,13.014016992892225,0.9481319623363588,0.6887815585935024,0.2023315543159954
538196,2013B,54.0,4,1.0,42.0,14.374039152991557,0.9529220647362682,0.7135126570789928,0.23535395034880946
538210,2013J,208.0,11,1.0,189.0,16.61185680660673,0.9591324981908782,0.7467070380717318,0.2859948363016298
538221,2013B,187.0,11,1.0,168.0,17.244653822913648,0.96060219705257,0.7547533150848543,0.29943824462005353
538232,2013B,54.0,2,1.0,7.0,13.621113801309303,0.9503853908816636,0.7003227951695112,0.21726639292771016
538897,2013B,187.0,11,1.0,168.0,17.244653822913648,0.96060219705257,0.7547533150848543,0.29943824462005353
538942,2013B,187.0,10,0.9,168.0,14.487459306510146,0.9532818836625072,0.7154007281381869,0.23803465554772268
538987,2013B,187.0,11,1.0,168.0,17.244653822913648,0.96060219705257,0.7547533150848543,0.29943824462005353
539056,2013B,187.0,11,1.0,168.0,17.244653822913648,0.96060219705257,0.7547533150848543,0.29943824462005353
539232,2013B,124.0,6,1.0,105.0,14.431006533497468,0.9531034804844484,0.7144640619516958,0.23670185660004425
539253,2013B,159.0,8,1.0,140.0,15.228699793230607,0.9555044598975224,0.7271584069289139,0.2552592889043663
539265,2013B,187.0,10,1.0,168.0,16.272007212919746,0.9582970061986397,0.7421657693137035,0.2786146453445147
539303,2013B,187.0,11,1.0,168.0,17.244653822913648,0.96060219705257,0.7547533150848543,0.29943824462005353
539345,2013B,187.0,10,1.0,168.0,16.272007212919746,0.9582970061986397,0.7421657693137035,0.2786146453445147
539365,2013B,187.0,11,1.0,168.0,17.244653822913648,0.96060219705257,0.7547533150848543,0.29943824462005353
539385,2013B,187.0,11,0.9090909090909091,168.0,15.516431379352976,0.9563112755975214,0.7314673324186043,0.2618052152027917
539418,2013B,187.0,11,1.0,168.0,17.244653822913648,0.96060219705257,0.7547533150848543,0.29943824462005353
539558,2013B,187.0,11,1.0,168.0,17.244653822913648,0.96060219705257,0.7547533150848543,0.29943824462005353
539572,2013B,187.0,11,1.0,168.0,17.244653822913648,0.96060219705257,0.7547533150848543,0.29943824462005353
539635,2014J,201.0,5,1.0,182.0,11.872718327576681,0.9432900076436247,0.6645331303399441,0.17352298832526095
539670,2013J,47.0,1,1.0,0.0,13.014016992892225,0.9481319623363588,0.6887815585935024,0.2023315543159954
539675,2014B,117.0,6,1.0,105.0,14.431006533497468,0.9531034804844484,0.7144640619516958,0.23670185660004425
539737,2013B,187.0,10,1.0,168.0,16.272007212919746,0.9582970061986397,0.7421657693137035,0.2786146453445147
539891,2013B,54.0,2,1.0,35.0,12.9587830480666,0.9479167459046037,0.6876878781159758,0.2009582626927773
539894,2014B,194.0,10,1.0,182.0,15.871461755491081,0.9572673649561123,0.7366017948547608,0.2697724508753238
539962,2013B,159.0,7,1.0,140.0,14.36975861757076,0.9529083764359935,0.7134409151339833,0.23525254883637753
540055,2013B,187.0,10,1.0,168.0,16.272007212919746,0.9582970061986397,0.7421657693137035,0.2786146453445147
540184,2013B,187.0,11,1.0,168.0,17.244653822913648,0.96060219705257,0.7547533150848543,0.29943824462005353
540249,2013J,208.0,9,0.8888888888888888,189.0,12.99981409514213,0.9480767914372378,0.6885010507480218,0.20197864773330285
540293,2013J,208.0,11,1.0,189.0,16.61185680660673,0.9591324981908782,0.7467070380717318,0.2859948363016298
540511,2013B,187.0,11,1.0,168.0,17.244653822913648,0.96060219705257,0.7547533150848543,0.29943824462005353
540513,2013B,187.0,11,1.0,168.0,17.244653822913648,0.96060219705257,0.7547533150848543,0.29943824462005353
540521,2013J,208.0,7,1.0,189.0,13.1693630073149,0.9487278366442666,0.6918174367362007,0.20618131365665326
540530,2013B,187.0,10,1.0,168.0,16.272007212919746,0.9582970061986397,0.7421657693137035,0.2786146453445147
540558,2014B,194.0,11,1.0,182.0,16.820166071444753,0.9596282638177619,0.7494129870007343,0.29046306865897914
540602,2013J,208.0,11,1.0,189.0,16.61185680660673,0.9591324981908782,0.7467070380717318,0.2859948363016298
540607,2013B,187.0,10,1.0,168.0,16.272007212919746,0.9582970061986397,0.7421657693137035,0.2786146453445147
540614,2013B,187.0,10,1.0,168.0,16.272007212919746,0.9582970061986397,0.7421657693137035,0.2786146453445147
540656,2013B,187.0,11,1.0,168.0,17.244653822913648,0.96060219705257,0.7547533150848543,0.29943824462005353
540682,2013J,208.0,10,1.0,189.0,15.674901714636082,0.9567432660170225,0.7337834276067934,0.2653764771134667
540750,2013B,187.0,11,1.0,168.0,17.244653822913648,0.96060219705257,0.7547533150848543,0.29943824462005353
540780,2013B,187.0,11,1.0,168.0,17.244653822913648,0.96060219705257,0.7547533150848543,0.29943824462005353
540787,2013B,19.0,1,1.0,0.0,13.014016992892225,0.9481319623363588,0.6887815585935024,0.2023315543159954
540826,2013B,187.0,9,1.0,168.0,15.354220586642985,0.9558600617834357,0.7290548653243458,0.2581246513464444
540918,2013B,19.0,1,1.0,0.0,13.014016992892225,0.9481319623363588,0.6887815585935024,0.2023315543159954
541013,2013B,187.0,11,1.0,168.0,17.244653822913648,0.96060219705257,0.7547533150848543,0.29943824462005353
541048,2013B,89.0,4,1.0,70.0,13.675097178185805,0.9505763260111401,0.7013082668595051,0.2185796978319925
541073,2013B,187.0,10,1.0,168.0,16.272007212919746,0.9582970061986397,0.7421657693137035,0.2786146453445147
541113,2013B,187.0,10,1.0,168.0,16.272007212919746,0.9582970061986397,0.7421657693137035,0.2786146453445147
541171,2014J,152.0,9,0.8888888888888888,133.0,14.362629127357536,0.952885560070549,0.71332134569936,0.23508362142073405
541196,2013B,54.0,3,1.0,35.0,13.733384253463113,0.9507808401984322,0.7023651422057456,0.21999491462114137
541231,2013B,159.0,8,1.0,140.0,15.228699793230607,0.9555044598975224,0.7271584069289139,0.2552592889043663
541232,2013B,187.0,11,1.0,168.0,17.244653822913648,0.96060219705257,0.7547533150848543,0.29943824462005353
541274,2013J,208.0,11,1.0,189.0,16.61185680660673,0.9591324981908782,0.7467070380717318,0.2859948363016298
541315,2014J,201.0,5,0.8,182.0,9.411359574610687,0.9289967317396159,0.5971718162926833,0.10975532086963978
541363,2013B,187.0,11,0.9090909090909091,168.0,15.516431379352976,0.9563112755975214,0.7314673324186043,0.2618052152027917
541476,2014J,201.0,5,0.8,182.0,9.411359574610687,0.9289967317396159,0.5971718162926833,0.10975532086963978
541523,2013B,187.0,8,1.0,168.0,14.488199687873005,0.9532842144150002,0.7154129721973973,0.23805211584605623
541586,2013J,208.0,11,1.0,189.0,16.61185680660673,0.9591324981908782,0.7467070380717318,0.2859948363016298
541697,2013B,187.0,11,1.0,168.0,17.244653822913648,0.96060219705257,0.7547533150848543,0.29943824462005353
541702,2013J,208.0,11,1.0,189.0,16.61185680660673,0.9591324981908782,0.7467070380717318,0.2859948363016298
541706,2013B,159.0,7,1.0,140.0,14.36975861757076,0.9529083764359935,0.7134409151339833,0.23525254883637753
541763,2013B,124.0,7,1.0,105.0,15.293608755825733,0.9556890600243851,0.7281423683403853,0.2567428969729942
541764,2013B,187.0,11,1.0,168.0,17.244653822913648,0.96060219705257,0.7547533150848543,0.29943824462005353
541769,2014B,194.0,9,1.0,182.0,14.97626701104141,0.9547716843809574,0.7232637765324275,0.2494513853872069
541794,2013B,187.0,11,1.0,168.0,17.244653822913648,0.96060219705257,0.7547533150848543,0.29943824462005353
541803,2013B,187.0,9,1.0,140.0,16.138983511439626,0.9579606022573045,0.7403439614947853,0.2756953560030644
541808,2013B,187.0,11,1.0,168.0,17.244653822913648,0.96060219705257,0.7547533150848543,0.29943824462005353
541822,2013B,187.0,10,1.0,168.0,16.272007212919746,0.9582970061986397,0.7421657693137035,0.2786146453445147
541832,2013B,187.0,11,1.0,168.0,17.244653822913648,0.96060219705257,0.7547533150848543,0.29943824462005353
541838,2013B,19.0,1,0.0,0.0,4.073074741435078,0.8435147679614741,0.3038427186416507,0.0060643005081270065
541973,2013B,124.0,7,1.0,105.0,15.293608755825733,0.9556890600243851,0.7281423683403853,0.2567428969729942
542010,2013B,89.0,4,1.0,70.0,13.675097178185805,0.9505763260111401,0.7013082668595051,0.2185796978319925
542012,2013B,19.0,1,1.0,0.0,13.014016992892225,0.9481319623363588,0.6887815585935024,0.2023315543159954
542084,2013B,187.0,10,1.0,168.0,16.272007212919746,0.9582970061986397,0.7421657693137035,0.2786146453445147
542115,2013B,47.0,1,1.0,0.0,13.014016992892225,0.9481319623363588,0.6887815585935024,0.2023315543159954
542164,2014J,201.0,5,1.0,182.0,11.872718327576681,0.9432900076436247,0.6645331303399441,0.17352298832526095
542172,2013B,47.0,1,0.0,0.0,4.073074741435078,0.8435147679614741,0.3038427186416507,0.0060643005081270065
542259,2013B,187.0,11,0.5454545454545454,168.0,10.170476562140362,0.9341176628470544,0.6205990241814792,0.12943374633616064
542260,2013B,89.0,4,1.0,70.0,13.675097178185805,0.9505763260111401,0.7013082668595051,0.2185796978319925
542291,2013B,187.0,9,1.0,168.0,15.354220586642985,0.9558600617834357,0.7290548653243458,0.2581246513464444
542296,2013J,208.0,11,1.0,189.0,16.61185680660673,0.9591324981908782,0.7467070380717318,0.2859948363016298
542396,2013B,19.0,1,1.0,0.0,13.014016992892225,0.9481319623363588,0.6887815585935024,0.2023315543159954
542466,2014B,194.0,11,1.0,182.0,16.820166071444753,0.9596282638177619,0.7494129870007343,0.29046306865897914
542543,2013B,47.0,2,1.0,28.0,13.121283519950303,0.9485448817778594,0.690884095136094,0.204991828608527
542547,2014B,194.0,9,1.0,182.0,14.97626701104141,0.9547716843809574,0.7232637765324275,0.2494513853872069
542562,2013J,19.0,1,1.0,0.0,13.014016992892225,0.9481319623363588,0.6887815585935024,0.2023315543159954
542574,2013J,208.0,11,1.0,189.0,16.61185680660673,0.9591324981908782,0.7467070380717318,0.2859948363016298
542613,2013B,187.0,10,1.0,168.0,16.272007212919746,0.9582970061986397,0.7421657693137035,0.2786146453445147
542663,2013B,159.0,8,0.75,140.0,11.390442025069904,0.9409611699611056,0.653133431583145,0.16112059662257538
542687,2013B,19.0,1,1.0,0.0,13.014016992892225,0.9481319623363588,0.6887815585935024,0.2023315543159954
542692,2013B,47.0,1,0.0,0.0,4.073074741435078,0.8435147679614741,0.3038427186416507,0.0060643005081270065
542707,2013J,208.0,11,1.0,189.0,16.61185680660673,0.9591324981908782,0.7467070380717318,0.2859948363016298
542745,2013B,187.0,11,0.8181818181818182,168.0,13.961407704819392,0.9515649152370858,0.7064296951543416,0.22550315838274265
542748,2013B,187.0,11,1.0,168.0,17.244653822913648,0.96060219705257,0.7547533150848543,0.29943824462005353
542991,2013B,187.0,9,0.8888888888888888,168.0,13.495017230331621,0.9499335982151184,0.6979956878370822,0.21418914410193002
543021,2013J,54.0,3,1.0,35.0,13.733384253463113,0.9507808401984322,0.7023651422057456,0.21999491462114137
543124,2013B,187.0,11,1.0,168.0,17.244653822913648,0.96060219705257,0.7547533150848543,0.29943824462005353
543140,2013B,89.0,5,1.0,70.0,14.492515505111,0.953297796167274,0.7154843243067773,0.23815388506135335
543165,2013B,187.0,11,1.0,168.0,17.244653822913648,0.96060219705257,0.7547533150848543,0.29943824462005353
543180,2013B,187.0,10,1.0,168.0,16.272007212919746,0.9582970061986397,0.7421657693137035,0.2786146453445147
543279,2013J,208.0,10,0.9,189.0,13.955838253564096,0.9515460619600212,0.7063317259452796,0.22536916061903828
543351,2013B,187.0,11,0.9090909090909091,168.0,15.516431379352976,0.9563112755975214,0.7314673324186043,0.2618052152027917
543356,2013B,187.0,11,1.0,168.0,17.244653822913648,0.96060219705257,0.7547533150848543,0.29943824462005353
543408,2013B,89.0,4,1.0,70.0,13.675097178185805,0.9505763260111401,0.7013082668595051,0.2185796978319925
543418,2013J,131.0,6,0.8333333333333334,112.0,11.74364797403679,0.9426849389536927,0.6615550357654936,0.17021469682936938
543428,2013J,208.0,11,1.0,189.0,16.61185680660673,0.9591324981908782,0.7467070380717318,0.2859948363016298
543439,2014J,201.0,5,0.8,182.0,9.411359574610687,0.9289967317396159,0.5971718162926833,0.10975532086963978
543473,2013B,187.0,11,1.0,168.0,17.244653822913648,0.96060219705257,0.7547533150848543,0.29943824462005353
543533,2013B,187.0,8,0.75,168.0,10.836578357510888,0.9380390901138125,0.639067242927599,0.14676689362987722
543630,2013B,159.0,8,0.875,140.0,13.17048298704293,0.9487320829549624,0.6918391120552879,0.20620900020823474
543719,2013B,187.0,10,0.9,168.0,14.487459306510146,0.9532818836625072,0.7154007281381869,0.23803465554772268
543853,2013B,187.0,11,1.0,168.0,17.244653822913648,0.96060219705257,0.7547533150848543,0.29943824462005353
543926,2013B,89.0,4,1.0,70.0,13.675097178185805,0.9505763260111401,0.7013082668595051,0.2185796978319925
543963,2014B,12.0,1,1.0,0.0,13.014016992892225,0.9481319623363588,0.6887815585935024,0.2023315543159954
543970,2013B,89.0,5,1.0,70.0,14.492515505111,0.953297796167274,0.7154843243067773,0.23815388506135335
544017,2013B,124.0,5,1.0,77.0,14.313033017381674,0.9527262248120363,0.7124868260819801,0.23390720209740792
544122,2013J,208.0,11,1.0,189.0,16.61185680660673,0.9591324981908782,0.7467070380717318,0.2859948363016298
544186,2013B,187.0,11,1.0,168.0,17.244653822913648,0.96060219705257,0.7547533150848543,0.29943824462005353
544351,2013B,187.0,10,0.3,168.0,7.216038391547394,0.9084127158890544,0.5104843515015769,0.05603974420869311
544444,2013B,19.0,1,1.0,0.0,13.014016992892225,0.9481319623363588,0.6887815585935024,0.2023315543159954
544455,2013B,187.0,10,1.0,168.0,16.272007212919746,0.9582970061986397,0.7421657693137035,0.2786146453445147
544500,2013B,159.0,7,1.0,140.0,14.36975861757076,0.9529083764359935,0.7134409151339833,0.23525254883637753
544519,2013B,187.0,11,0.8181818181818182,168.0,13.961407704819392,0.9515649152370858,0.7064296951543416,0.22550315838274265
544532,2013B,187.0,11,1.0,168.0,17.244653822913648,0.96060219705257,0.7547533150848543,0.29943824462005353
544627,2013B,159.0,7,1.0,140.0,14.36975861757076,0.9529083764359935,0.7134409151339833,0.23525254883637753
544632,2013B,187.0,11,1.0,168.0,17.244653822913648,0.96060219705257,0.7547533150848543,0.29943824462005353
544639,2013B,187.0,6,1.0,168.0,12.89994082776828,0.9476854969429034,0.6865143833063156,0.19949271063676272
544642,2013B,187.0,11,1.0,168.0,17.244653822913648,0.96060219705257,0.7547533150848543,0.29943824462005353
544741,2013B,187.0,11,1.0,168.0,17.244653822913648,0.96060219705257,0.7547533150848543,0.29943824462005353
544848,2013B,187.0,10,1.0,168.0,16.272007212919746,0.9582970061986397,0.7421657693137035,0.2786146453445147
544859,2013B,187.0,11,1.0,168.0,17.244653822913648,0.96060219705257,0.7547533150848543,0.29943824462005353
544881,2013B,187.0,10,0.9,168.0,14.487459306510146,0.9532818836625072,0.7154007281381869,0.23803465554772268
544890,2013B,187.0,11,1.0,168.0,17.244653822913648,0.96060219705257,0.7547533150848543,0.29943824462005353
544978,2013B,89.0,5,1.0,70.0,14.492515505111,0.953297796167274,0.7154843243067773,0.23815388506135335
544989,2013B,187.0,9,0.8888888888888888,168.0,13.495017230331621,0.9499335982151184,0.6979956878370822,0.21418914410193002
545041,2013B,124.0,5,1.0,105.0,13.617057484259055,0.9503709844002922,0.7002484873148381,0.21716761122120323
545146,2014B,194.0,11,0.9090909090909091,182.0,15.134484885402992,0.9552337614209082,0.7257175824849951,0.2530986961619158
545191,2013B,187.0,11,1.0,168.0,17.244653822913648,0.96060219705257,0.7547533150848543,0.29943824462005353
545196,2014B,194.0,10,1.0,182.0,15.871461755491081,0.9572673649561123,0.7366017948547608,0.2697724508753238
545200,2013J,208.0,11,1.0,189.0,16.61185680660673,0.9591324981908782,0.7467070380717318,0.2859948363016298
545223,2014B,194.0,20,1.0,182.0,28.36288811017226,0.9758576768790289,0.842762845599657,0.4803905874295276
545254,2014B,194.0,11,1.0,182.0,16.820166071444753,0.9596282638177619,0.7494129870007343,0.29046306865897914
545297,2013J,47.0,2,1.0,28.0,13.121283519950303,0.9485448817778594,0.690884095136094,0.204991828608527
545298,2013J,166.0,9,1.0,147.0,15.939110348700272,0.9574448152526764,0.7375581425470185,0.2712767358407156
545340,2013B,124.0,5,1.0,105.0,13.617057484259055,0.9503709844002922,0.7002484873148381,0.21716761122120323
545376,2013B,19.0,1,1.0,0.0,13.014016992892225,0.9481319623363588,0.6887815585935024,0.2023315543159954
545392,2013B,187.0,11,1.0,168.0,17.244653822913648,0.96060219705257,0.7547533150848543,0.29943824462005353
545443,2013J,208.0,11,1.0,189.0,16.61185680660673,0.9591324981908782,0.7467070380717318,0.2859948363016298
545462,2013J,208.0,11,1.0,189.0,16.61185680660673,0.9591324981908782,0.7467070380717318,0.2859948363016298
545480,2013B,124.0,6,0.8333333333333334,105.0,11.890910902225235,0.9433742671609607,0.6649487583354355,0.1739885900874069
545658,2013B,187.0,11,1.0,168.0,17.244653822913648,0.96060219705257,0.7547533150848543,0.29943824462005353
545697,2013B,187.0,10,0.9,168.0,14.487459306510146,0.9532818836625072,0.7154007281381869,0.23803465554772268
545702,2013B,187.0,11,0.9090909090909091,168.0,15.516431379352976,0.9563112755975214,0.7314673324186043,0.2618052152027917
545725,2013B,159.0,8,1.0,140.0,15.228699793230607,0.9555044598975224,0.7271584069289139,0.2552592889043663
545803,2013B,124.0,4,0.75,105.0,9.61053734992393,0.9304158284101905,0.603586656955411,0.11489806174721019
545964,2014J,201.0,5,1.0,182.0,11.872718327576681,0.9432900076436247,0.6645331303399441,0.17352298832526095
546019,2013B,19.0,1,1.0,0.0,13.014016992892225,0.9481319623363588,0.6887815585935024,0.2023315543159954
546052,2013B,187.0,11,1.0,168.0,17.244653822913648,0.96060219705257,0.7547533150848543,0.29943824462005353
546136,2013B,54.0,3,1.0,35.0,13.733384253463113,0.9507808401984322,0.7023651422057456,0.21999491462114137
546157,2013B,187.0,10,1.0,140.0,17.103678732855553,0.9602840005021556,0.7530049850902727,0.29647685259201884
546196,2013J,208.0,11,1.0,189.0,16.61185680660673,0.9591324981908782,0.7467070380717318,0.2859948363016298
546202,2014B,194.0,15,1.0,182.0,21.216985976237805,0.9678584360618936,0.7955782080481312,0.37527980516367926
546250,2014J,201.0,5,1.0,182.0,11.872718327576681,0.9432900076436247,0.6645331303399441,0.17352298832526095
546322,2013B,187.0,11,0.9090909090909091,168.0,15.516431379352976,0.9563112755975214,0.7314673324186043,0.2618052152027917
546407,2013B,187.0,10,1.0,168.0,16.272007212919746,0.9582970061986397,0.7421657693137035,0.2786146453445147
546428,2013B,187.0,11,1.0,168.0,17.244653822913648,0.96060219705257,0.7547533150848543,0.29943824462005353
546500,2013B,159.0,8,1.0,140.0,15.228699793230607,0.9555044598975224,0.7271584069289139,0.2552592889043663
546533,2013B,187.0,11,1.0,168.0,17.244653822913648,0.96060219705257,0.7547533150848543,0.29943824462005353
546609,2013B,187.0,11,1.0,168.0,17.244653822913648,0.96060219705257,0.7547533150848543,0.29943824462005353
546632,2013B,187.0,11,1.0,168.0,17.244653822913648,0.96060219705257,0.7547533150848543,0.29943824462005353
546685,2013B,187.0,10,1.0,168.0,16.272007212919746,0.9582970061986397,0.7421657693137035,0.2786146453445147
546749,2013B,187.0,10,1.0,168.0,16.272007212919746,0.9582970061986397,0.7421657693137035,0.2786146453445147
546811,2013B,187.0,7,0.8571428571428571,140.0,12.172495347721,0.9446472315475032,0.6712550916088275,0.18117141821106675
546837,2013B,187.0,11,1.0,168.0,17.244653822913648,0.96060219705257,0.7547533150848543,0.29943824462005353
546843,2013B,159.0,9,1.0,140.0,16.138983511439626,0.9579606022573045,0.7403439614947853,0.2756953560030644
546909,2013B,124.0,6,1.0,105.0,14.431006533497468,0.9531034804844484,0.7144640619516958,0.23670185660004425
546921,2013B,187.0,9,1.0,168.0,15.354220586642985,0.9558600617834357,0.7290548653243458,0.2581246513464444
546941,2013J,208.0,11,1.0,189.0,16.61185680660673,0.9591324981908782,0.7467070380717318,0.2859948363016298
546947,2013B,54.0,3,1.0,35.0,13.733384253463113,0.9507808401984322,0.7023651422057456,0.21999491462114137
546958,2013B,124.0,7,1.0,105.0,15.293608755825733,0.9556890600243851,0.7281423683403853,0.2567428969729942
547018,2014B,82.0,5,1.0,70.0,14.492515505111,0.953297796167274,0.7154843243067773,0.23815388506135335
547165,2013B,89.0,4,1.0,70.0,13.675097178185805,0.9505763260111401,0.7013082668595051,0.2185796978319925
547192,2013B,187.0,10,1.0,168.0,16.272007212919746,0.9582970061986397,0.7421657693137035,0.2786146453445147
547259,2013B,187.0,10,1.0,168.0,16.272007212919746,0.9582970061986397,0.7421657693137035,0.2786146453445147
547311,2013J,208.0,11,0.9090909090909091,189.0,14.947051931008295,0.9546853162919468,0.7228059186680567,0.2487753157766856
547372,2013B,54.0,3,1.0,35.0,13.733384253463113,0.9507808401984322,0.7023651422057456,0.21999491462114137
547390,2013B,159.0,9,1.0,140.0,16.138983511439626,0.9579606022573045,0.7403439614947853,0.2756953560030644
547403,2013B,187.0,11,1.0,168.0,17.244653822913648,0.96060219705257,0.7547533150848543,0.29943824462005353
547408,2014J,201.0,5,0.8,182.0,9.411359574610687,0.9289967317396159,0.5971718162926833,0.10975532086963978
547409,2013B,47.0,2,1.0,28.0,13.121283519950303,0.9485448817778594,0.690884095136094,0.204991828608527
547427,2013B,187.0,11,1.0,168.0,17.244653822913648,0.96060219705257,0.7547533150848543,0.29943824462005353
547466,2013B,187.0,11,1.0,168.0,17.244653822913648,0.96060219705257,0.7547533150848543,0.29943824462005353
547487,2014B,194.0,10,1.0,182.0,15.871461755491081,0.9572673649561123,0.7366017948547608,0.2697724508753238
547556,2014B,194.0,8,1.0,182.0,14.131563748903572,0.9521339275272744,0.7093919974991606,0.22958379018060376
547620,2013B,89.0,5,1.0,70.0,14.492515505111,0.953297796167274,0.7154843243067773,0.23815388506135335
547689,2013B,187.0,11,1.0,168.0,17.244653822913648,0.96060219705257,0.7547533150848543,0.29943824462005353
547690,2013B,187.0,11,1.0,168.0,17.244653822913648,0.96060219705257,0.7547533150848543,0.29943824462005353
547697,2013B,187.0,11,1.0,168.0,17.244653822913648,0.96060219705257,0.7547533150848543,0.29943824462005353
547718,2013J,166.0,8,1.0,147.0,15.040100034768518,0.9549592523886019,0.7242589755840351,0.2509257470685547
547755,2013B,19.0,1,1.0,0.0,13.014016992892225,0.9481319623363588,0.6887815585935024,0.2023315543159954
547757,2013B,187.0,11,1.0,168.0,17.244653822913648,0.96060219705257,0.7547533150848543,0.29943824462005353
547788,2014J,201.0,5,1.0,182.0,11.872718327576681,0.9432900076436247,0.6645331303399441,0.17352298832526095
547841,2013B,159.0,9,1.0,140.0,16.138983511439626,0.9579606022573045,0.7403439614947853,0.2756953560030644
547873,2013B,187.0,11,1.0,168.0,17.244653822913648,0.96060219705257,0.7547533150848543,0.29943824462005353
547892,2013B,187.0,10,1.0,168.0,16.272007212919746,0.9582970061986397,0.7421657693137035,0.2786146453445147
547902,2013B,187.0,10,1.0,168.0,16.272007212919746,0.9582970061986397,0.7421657693137035,0.2786146453445147
547903,2013B,187.0,10,1.0,168.0,16.272007212919746,0.9582970061986397,0.7421657693137035,0.2786146453445147
548090,2013B,187.0,10,1.0,168.0,16.272007212919746,0.9582970061986397,0.7421657693137035,0.2786146453445147
548124,2013B,187.0,11,1.0,168.0,17.244653822913648,0.96060219705257,0.7547533150848543,0.29943824462005353
548197,2013J,208.0,11,1.0,189.0,16.61185680660673,0.9591324981908782,0.7467070380717318,0.2859948363016298
548241,2013B,187.0,10,1.0,168.0,16.272007212919746,0.9582970061986397,0.7421657693137035,0.2786146453445147
548255,2013B,187.0,11,1.0,168.0,17.244653822913648,0.96060219705257,0.7547533150848543,0.29943824462005353
548275,2013B,187.0,11,1.0,168.0,17.244653822913648,0.96060219705257,0.7547533150848543,0.29943824462005353
548296,2014B,47.0,3,1.0,35.0,13.733384253463113,0.9507808401984322,0.7023651422057456,0.21999491462114137
548307,2013B,54.0,2,1.0,35.0,12.9587830480666,0.9479167459046037,0.6876878781159758,0.2009582626927773
548334,2013B,187.0,9,0.8888888888888888,168.0,13.495017230331621,0.9499335982151184,0.6979956878370822,0.21418914410193002
548344,2013B,19.0,1,1.0,0.0,13.014016992892225,0.9481319623363588,0.6887815585935024,0.2023315543159954
548403,2013B,19.0,1,1.0,0.0,13.014016992892225,0.9481319623363588,0.6887815585935024,0.2023315543159954
548439,2013B,187.0,11,1.0,168.0,17.244653822913648,0.96060219705257,0.7547533150848543,0.29943824462005353
548445,2014B,194.0,11,1.0,182.0,16.820166071444753,0.9596282638177619,0.7494129870007343,0.29046306865897914
548488,2013B,159.0,8,1.0,140.0,15.228699793230607,0.9555044598975224,0.7271584069289139,0.2552592889043663
548504,2013B,187.0,11,1.0,168.0,17.244653822913648,0.96060219705257,0.7547533150848543,0.29943824462005353
548585,2013B,89.0,5,1.0,70.0,14.492515505111,0.953297796167274,0.7154843243067773,0.23815388506135335
548617,2013B,187.0,10,1.0,168.0,16.272007212919746,0.9582970061986397,0.7421657693137035,0.2786146453445147
548642,2013B,89.0,5,1.0,70.0,14.492515505111,0.953297796167274,0.7154843243067773,0.23815388506135335
548714,2013B,159.0,8,0.875,140.0,13.17048298704293,0.9487320829549624,0.6918391120552879,0.20620900020823474
548744,2013B,187.0,11,1.0,168.0,17.244653822913648,0.96060219705257,0.7547533150848543,0.29943824462005353
548791,2013B,187.0,10,1.0,168.0,16.272007212919746,0.9582970061986397,0.7421657693137035,0.2786146453445147
548834,2013B,187.0,11,1.0,168.0,17.244653822913648,0.96060219705257,0.7547533150848543,0.29943824462005353
548838,2013B,187.0,11,0.9090909090909091,168.0,15.516431379352976,0.9563112755975214,0.7314673324186043,0.2618052152027917
548839,2013B,187.0,11,1.0,168.0,17.244653822913648,0.96060219705257,0.7547533150848543,0.29943824462005353
548843,2013B,187.0,10,1.0,168.0,16.272007212919746,0.9582970061986397,0.7421657693137035,0.2786146453445147
548844,2014B,47.0,3,1.0,35.0,13.733384253463113,0.9507808401984322,0.7023651422057456,0.21999491462114137
548871,2013B,187.0,10,1.0,168.0,16.272007212919746,0.9582970061986397,0.7421657693137035,0.2786146453445147
548884,2013B,187.0,11,1.0,168.0,17.244653822913648,0.96060219705257,0.7547533150848543,0.29943824462005353
548885,2013B,187.0,11,1.0,168.0,17.244653822913648,0.96060219705257,0.7547533150848543,0.29943824462005353
548899,2013J,208.0,11,1.0,189.0,16.61185680660673,0.9591324981908782,0.7467070380717318,0.2859948363016298
548921,2013B,187.0,10,1.0,168.0,16.272007212919746,0.9582970061986397,0.7421657693137035,0.2786146453445147
548924,2013B,89.0,4,1.0,70.0,13.675097178185805,0.9505763260111401,0.7013082668595051,0.2185796978319925
548935,2013B,187.0,10,1.0,168.0,16.272007212919746,0.9582970061986397,0.7421657693137035,0.2786146453445147
548954,2013B,187.0,11,1.0,168.0,17.244653822913648,0.96060219705257,0.7547533150848543,0.29943824462005353
548981,2013B,89.0,5,1.0,70.0,14.492515505111,0.953297796167274,0.7154843243067773,0.23815388506135335
549009,2013B,124.0,4,0.25,105.0,5.376543648486618,0.8790437674375128,0.4055771633736736,0.02090811941080422
549047,2013B,187.0,11,1.0,168.0,17.244653822913648,0.96060219705257,0.7547533150848543,0.29943824462005353
549078,2014B,194.0,18,0.6111111111111112,182.0,16.074356057021436,0.9577951994402711,0.7394496230896695,0.2742708671516663
549129,2013J,208.0,11,1.0,189.0,16.61185680660673,0.9591324981908782,0.7467070380717318,0.2859948363016298
549158,2013B,187.0,11,1.0,168.0,17.244653822913648,0.96060219705257,0.7547533150848543,0.29943824462005353
549190,2014B,194.0,11,1.0,182.0,16.820166071444753,0.9596282638177619,0.7494129870007343,0.29046306865897914
549196,2013B,187.0,10,1.0,168.0,16.272007212919746,0.9582970061986397,0.7421657693137035,0.2786146453445147
549204,2013B,124.0,3,0.3333333333333333,105.0,5.58895448156968,0.8833613759560796,0.41972887172918844,0.024218775869833172
549226,2013J,208.0,11,1.0,189.0,16.61185680660673,0.9591324981908782,0.7467070380717318,0.2859948363016298
549261,2013B,187.0,11,1.0,168.0,17.244653822913648,0.96060219705257,0.7547533150848543,0.29943824462005353
549288,2014J,19.0,1,1.0,0.0,13.014016992892225,0.9481319623363588,0.6887815585935024,0.2023315543159954
549391,2013B,187.0,11,1.0,168.0,17.244653822913648,0.96060219705257,0.7547533150848543,0.29943824462005353
549445,2013J,208.0,11,1.0,189.0,16.61185680660673,0.9591324981908782,0.7467070380717318,0.2859948363016298
549512,2013B,19.0,1,1.0,0.0,13.014016992892225,0.9481319623363588,0.6887815585935024,0.2023315543159954
549568,2013B,187.0,11,1.0,168.0,17.244653822913648,0.96060219705257,0.7547533150848543,0.29943824462005353
549586,2013J,208.0,11,1.0,189.0,16.61185680660673,0.9591324981908782,0.7467070380717318,0.2859948363016298
549590,2013B,19.0,1,1.0,0.0,13.014016992892225,0.9481319623363588,0.6887815585935024,0.2023315543159954
549651,2013B,187.0,11,1.0,168.0,17.244653822913648,0.96060219705257,0.7547533150848543,0.29943824462005353
549732,2013B,187.0,11,1.0,168.0,17.244653822913648,0.96060219705257,0.7547533150848543,0.29943824462005353
549745,2013J,96.0,4,1.0,77.0,13.505738003747421,0.9499723295010419,0.6981949260188494,0.2144512906576205
549754,2013B,187.0,11,1.0,168.0,17.244653822913648,0.96060219705257,0.7547533150848543,0.29943824462005353
549775,2014J,201.0,5,0.8,182.0,9.411359574610687,0.9289967317396159,0.5971718162926833,0.10975532086963978
549862,2013B,187.0,11,1.0,168.0,17.244653822913648,0.96060219705257,0.7547533150848543,0.29943824462005353
549873,2013J,166.0,13,1.0,147.0,20.105620795040867,0.9661122085155186,0.7855846546470696,0.3554897691355472
549892,2014B,82.0,4,1.0,70.0,13.675097178185805,0.9505763260111401,0.7013082668595051,0.2185796978319925
549907,2013B,159.0,6,1.0,140.0,13.559264121749717,0.9501648122077447,0.6991858024266003,0.21575868670453618
549918,2013J,208.0,11,1.0,189.0,16.61185680660673,0.9591324981908782,0.7467070380717318,0.2859948363016298
550051,2013B,19.0,1,1.0,0.0,13.014016992892225,0.9481319623363588,0.6887815585935024,0.2023315543159954
550077,2013B,187.0,11,1.0,168.0,17.244653822913648,0.96060219705257,0.7547533150848543,0.29943824462005353
550081,2014J,201.0,5,0.8,182.0,9.411359574610687,0.9289967317396159,0.5971718162926833,0.10975532086963978
550098,2013B,187.0,10,0.9,168.0,14.487459306510146,0.9532818836625072,0.7154007281381869,0.23803465554772268
550106,2013B,89.0,4,1.0,70.0,13.675097178185805,0.9505763260111401,0.7013082668595051,0.2185796978319925
550163,2013B,89.0,4,1.0,70.0,13.675097178185805,0.9505763260111401,0.7013082668595051,0.2185796978319925
550209,2013B,187.0,11,1.0,168.0,17.244653822913648,0.96060219705257,0.7547533150848543,0.29943824462005353
550245,2014J,201.0,5,1.0,182.0,11.872718327576681,0.9432900076436247,0.6645331303399441,0.17352298832526095
550269,2014B,194.0,10,1.0,154.0,16.682661169863994,0.9593023691100526,0.7476332694171496,0.287518312210947
550278,2013B,19.0,1,1.0,0.0,13.014016992892225,0.9481319623363588,0.6887815585935024,0.2023315543159954
550322,2013B,89.0,4,1.0,70.0,13.675097178185805,0.9505763260111401,0.7013082668595051,0.2185796978319925
550342,2013B,187.0,10,1.0,168.0,16.272007212919746,0.9582970061986397,0.7421657693137035,0.2786146453445147
550354,2013B,187.0,11,1.0,168.0,17.244653822913648,0.96060219705257,0.7547533150848543,0.29943824462005353
550381,2013B,187.0,11,1.0,168.0,17.244653822913648,0.96060219705257,0.7547533150848543,0.29943824462005353
550400,2013B,187.0,11,1.0,168.0,17.244653822913648,0.96060219705257,0.7547533150848543,0.29943824462005353
550403,2013B,187.0,10,1.0,168.0,16.272007212919746,0.9582970061986397,0.7421657693137035,0.2786146453445147
550412,2013J,208.0,11,1.0,189.0,16.61185680660673,0.9591324981908782,0.7467070380717318,0.2859948363016298
550428,2013B,54.0,3,1.0,35.0,13.733384253463113,0.9507808401984322,0.7023651422057456,0.21999491462114137
550429,2013B,159.0,7,1.0,140.0,14.36975861757076,0.9529083764359935,0.7134409151339833,0.23525254883637753
550520,2013B,187.0,10,1.0,168.0,16.272007212919746,0.9582970061986397,0.7421657693137035,0.2786146453445147
550549,2013B,187.0,11,1.0,168.0,17.244653822913648,0.96060219705257,0.7547533150848543,0.29943824462005353
550559,2013J,19.0,1,1.0,0.0,13.014016992892225,0.9481319623363588,0.6887815585935024,0.2023315543159954
550597,2013B,187.0,10,1.0,168.0,16.272007212919746,0.9582970061986397,0.7421657693137035,0.2786146453445147
550613,2013B,187.0,11,1.0,168.0,17.244653822913648,0.96060219705257,0.7547533150848543,0.29943824462005353
550668,2013B,187.0,10,1.0,168.0,16.272007212919746,0.9582970061986397,0.7421657693137035,0.2786146453445147
550707,2013B,187.0,11,1.0,168.0,17.244653822913648,0.96060219705257,0.7547533150848543,0.29943824462005353
550708,2013B,187.0,11,1.0,168.0,17.244653822913648,0.96060219705257,0.7547533150848543,0.29943824462005353
550777,2013B,19.0,1,1.0,0.0,13.014016992892225,0.9481319623363588,0.6887815585935024,0.2023315543159954
550867,2013B,89.0,5,1.0,70.0,14.492515505111,0.953297796167274,0.7154843243067773,0.23815388506135335
550880,2013J,208.0,10,1.0,189.0,15.674901714636082,0.9567432660170225,0.7337834276067934,0.2653764771134667
550898,2013B,187.0,9,0.7777777777777778,168.0,11.860940060049296,0.9432353223882232,0.6642635028571289,0.17322145295882366
550921,2013B,187.0,11,1.0,168.0,17.244653822913648,0.96060219705257,0.7547533150848543,0.29943824462005353
550923,2013B,187.0,9,1.0,168.0,15.354220586642985,0.9558600617834357,0.7290548653243458,0.2581246513464444
550941,2013J,208.0,10,0.9,189.0,13.955838253564096,0.9515460619600212,0.7063317259452796,0.22536916061903828
550960,2013B,89.0,4,0.75,70.0,10.228411073187125,0.9344783234800631,0.6222782509840373,0.13094139188170945
550963,2013B,187.0,10,1.0,168.0,16.272007212919746,0.9582970061986397,0.7421657693137035,0.2786146453445147
551000,2014J,152.0,4,0.75,133.0,9.14322208225247,0.9269923675910531,0.588210955065259,0.10286905532938674
551031,2013J,208.0,11,1.0,189.0,16.61185680660673,0.9591324981908782,0.7467070380717318,0.2859948363016298
551032,2013B,187.0,11,1.0,168.0,17.244653822913648,0.96060219705257,0.7547533150848543,0.29943824462005353
551053,2014B,194.0,16,1.0,182.0,22.485214856304342,0.9696435025456546,0.8059064684571946,0.3966091684253131
551080,2013B,187.0,11,1.0,168.0,17.244653822913648,0.96060219705257,0.7547533150848543,0.29943824462005353
551129,2013B,187.0,10,1.0,168.0,16.272007212919746,0.9582970061986397,0.7421657693137035,0.2786146453445147
551205,2013J,208.0,11,1.0,189.0,16.61185680660673,0.9591324981908782,0.7467070380717318,0.2859948363016298
551219,2013J,208.0,11,1.0,189.0,16.61185680660673,0.9591324981908782,0.7467070380717318,0.2859948363016298
551234,2013J,208.0,11,1.0,189.0,16.61185680660673,0.9591324981908782,0.7467070380717318,0.2859948363016298
551237,2014J,19.0,1,0.0,0.0,4.073074741435078,0.8435147679614741,0.3038427186416507,0.0060643005081270065
551242,2014J,201.0,5,1.0,182.0,11.872718327576681,0.9432900076436247,0.6645331303399441,0.17352298832526095
551252,2014B,194.0,11,1.0,182.0,16.820166071444753,0.9596282638177619,0.7494129870007343,0.29046306865897914
551276,2014J,201.0,5,1.0,182.0,11.872718327576681,0.9432900076436247,0.6645331303399441,0.17352298832526095
551282,2013B,187.0,10,1.0,168.0,16.272007212919746,0.9582970061986397,0.7421657693137035,0.2786146453445147
551347,2013J,208.0,10,1.0,189.0,15.674901714636082,0.9567432660170225,0.7337834276067934,0.2653764771134667
551480,2013B,187.0,11,1.0,168.0,17.244653822913648,0.96060219705257,0.7547533150848543,0.29943824462005353
551487,2013B,159.0,8,1.0,140.0,15.228699793230607,0.9555044598975224,0.7271584069289139,0.2552592889043663
551515,2014B,194.0,11,1.0,182.0,16.820166071444753,0.9596282638177619,0.7494129870007343,0.29046306865897914
551576,2013B,187.0,11,1.0,168.0,17.244653822913648,0.96060219705257,0.7547533150848543,0.29943824462005353
551702,2013B,187.0,10,1.0,168.0,16.272007212919746,0.9582970061986397,0.7421657693137035,0.2786146453445147
551706,2013B,187.0,10,1.0,168.0,16.272007212919746,0.9582970061986397,0.7421657693137035,0.2786146453445147
551714,2013B,187.0,11,1.0,168.0,17.244653822913648,0.96060219705257,0.7547533150848543,0.29943824462005353
551715,2013B,187.0,10,1.0,168.0,16.272007212919746,0.9582970061986397,0.7421657693137035,0.2786146453445147
551716,2013B,187.0,10,1.0,168.0,16.272007212919746,0.9582970061986397,0.7421657693137035,0.2786146453445147
551718,2014B,152.0,8,0.875,140.0,13.17048298704293,0.9487320829549624,0.6918391120552879,0.20620900020823474
551770,2013B,187.0,10,1.0,168.0,16.272007212919746,0.9582970061986397,0.7421657693137035,0.2786146453445147
551802,2013J,208.0,11,1.0,189.0,16.61185680660673,0.9591324981908782,0.7467070380717318,0.2859948363016298
551836,2013J,208.0,11,1.0,189.0,16.61185680660673,0.9591324981908782,0.7467070380717318,0.2859948363016298
551886,2013B,187.0,11,1.0,168.0,17.244653822913648,0.96060219705257,0.7547533150848543,0.29943824462005353
551895,2013B,187.0,9,1.0,168.0,15.354220586642985,0.9558600617834357,0.7290548653243458,0.2581246513464444
551906,2013B,187.0,7,1.0,168.0,13.671024785086619,0.9505619735170273,0.701234148173774,0.21848071123786875
551922,2014J,201.0,5,0.8,182.0,9.411359574610687,0.9289967317396159,0.5971718162926833,0.10975532086963978
551938,2013B,187.0,11,1.0,168.0,17.244653822913648,0.96060219705257,0.7547533150848543,0.29943824462005353
551953,2014B,152.0,6,1.0,140.0,13.559264121749717,0.9501648122077447,0.6991858024266003,0.21575868670453618
551954,2013B,187.0,10,1.0,168.0,16.272007212919746,0.9582970061986397,0.7421657693137035,0.2786146453445147
552007,2013B,187.0,11,1.0,168.0,17.244653822913648,0.96060219705257,0.7547533150848543,0.29943824462005353
552017,2013B,187.0,11,1.0,168.0,17.244653822913648,0.96060219705257,0.7547533150848543,0.29943824462005353
552025,2014B,117.0,6,1.0,98.0,14.611968384834274,0.9536706023296098,0.7174452548378548,0.24096383186200748
552039,2013B,187.0,11,1.0,168.0,17.244653822913648,0.96060219705257,0.7547533150848543,0.29943824462005353
552110,2013B,187.0,9,1.0,168.0,15.354220586642985,0.9558600617834357,0.7290548653243458,0.2581246513464444
552116,2013J,208.0,11,1.0,189.0,16.61185680660673,0.9591324981908782,0.7467070380717318,0.2859948363016298
552135,2013B,89.0,5,0.8,70.0,11.488040968883949,0.9414477653572977,0.6555013681312004,0.16363901916184487
552177,2013J,19.0,1,1.0,0.0,13.014016992892225,0.9481319623363588,0.6887815585935024,0.2023315543159954
552205,2013J,208.0,9,1.0,189.0,14.7907935051416,0.9542177149466892,0.7203313634239693,0.2451456819031239
552222,2013B,187.0,9,1.0,168.0,15.354220586642985,0.9558600617834357,0.7290548653243458,0.2581246513464444
552273,2013B,187.0,11,1.0,168.0,17.244653822913648,0.96060219705257,0.7547533150848543,0.29943824462005353
552339,2013J,208.0,11,1.0,189.0,16.61185680660673,0.9591324981908782,0.7467070380717318,0.2859948363016298
552399,2013J,208.0,11,1.0,189.0,16.61185680660673,0.9591324981908782,0.7467070380717318,0.2859948363016298
552515,2013J,208.0,10,1.0,161.0,16.47605483381028,0.9588026880087812,0.7449115366638879,0.2830592080862646
552535,2013B,187.0,11,1.0,168.0,17.244653822913648,0.96060219705257,0.7547533150848543,0.29943824462005353
552622,2013J,208.0,11,1.0,189.0,16.61185680660673,0.9591324981908782,0.7467070380717318,0.2859948363016298
552656,2014B,12.0,1,1.0,0.0,13.014016992892225,0.9481319623363588,0.6887815585935024,0.2023315543159954
552667,2013B,159.0,8,1.0,140.0,15.228699793230607,0.9555044598975224,0.7271584069289139,0.2552592889043663
552698,2014J,201.0,5,0.6,182.0,7.460270394597564,0.9112738674779399,0.5218460657031242,0.06158394229354896
552701,2013B,187.0,11,1.0,168.0,17.244653822913648,0.96060219705257,0.7547533150848543,0.29943824462005353
552718,2013B,54.0,3,1.0,35.0,13.733384253463113,0.9507808401984322,0.7023651422057456,0.21999491462114137
552749,2013B,19.0,1,1.0,0.0,13.014016992892225,0.9481319623363588,0.6887815585935024,0.2023315543159954
552822,2013B,187.0,10,1.0,168.0,16.272007212919746,0.9582970061986397,0.7421657693137035,0.2786146453445147
552826,2013B,187.0,10,1.0,168.0,16.272007212919746,0.9582970061986397,0.7421657693137035,0.2786146453445147
552859,2013B,187.0,10,1.0,168.0,16.272007212919746,0.9582970061986397,0.7421657693137035,0.2786146453445147
552883,2013J,19.0,1,1.0,0.0,13.014016992892225,0.9481319623363588,0.6887815585935024,0.2023315543159954
552894,2013B,187.0,11,1.0,168.0,17.244653822913648,0.96060219705257,0.7547533150848543,0.29943824462005353
552896,2014B,47.0,3,1.0,35.0,13.733384253463113,0.9507808401984322,0.7023651422057456,0.21999491462114137
552902,2013B,187.0,10,1.0,168.0,16.272007212919746,0.9582970061986397,0.7421657693137035,0.2786146453445147
552914,2013B,187.0,11,0.9090909090909091,168.0,15.516431379352976,0.9563112755975214,0.7314673324186043,0.2618052152027917
552929,2013B,187.0,11,1.0,168.0,17.244653822913648,0.96060219705257,0.7547533150848543,0.29943824462005353
552991,2013B,159.0,9,1.0,140.0,16.138983511439626,0.9579606022573045,0.7403439614947853,0.2756953560030644
553047,2013B,187.0,11,1.0,168.0,17.244653822913648,0.96060219705257,0.7547533150848543,0.29943824462005353
553078,2013J,208.0,10,1.0,189.0,15.674901714636082,0.9567432660170225,0.7337834276067934,0.2653764771134667
553125,2013B,187.0,11,1.0,168.0,17.244653822913648,0.96060219705257,0.7547533150848543,0.29943824462005353
553320,2013B,19.0,1,1.0,0.0,13.014016992892225,0.9481319623363588,0.6887815585935024,0.2023315543159954
553321,2013B,187.0,11,1.0,168.0,17.244653822913648,0.96060219705257,0.7547533150848543,0.29943824462005353
553437,2014B,12.0,1,1.0,0.0,13.014016992892225,0.9481319623363588,0.6887815585935024,0.2023315543159954
553442,2013B,187.0,10,0.9,168.0,14.487459306510146,0.9532818836625072,0.7154007281381869,0.23803465554772268
553443,2013B,19.0,1,1.0,0.0,13.014016992892225,0.9481319623363588,0.6887815585935024,0.2023315543159954
553462,2013B,187.0,11,1.0,168.0,17.244653822913648,0.96060219705257,0.7547533150848543,0.29943824462005353
553487,2013B,187.0,11,1.0,168.0,17.244653822913648,0.96060219705257,0.7547533150848543,0.29943824462005353
553490,2013B,19.0,1,1.0,0.0,13.014016992892225,0.9481319623363588,0.6887815585935024,0.2023315543159954
553502,2013B,187.0,11,1.0,168.0,17.244653822913648,0.96060219705257,0.7547533150848543,0.29943824462005353
553508,2013B,187.0,11,1.0,168.0,17.244653822913648,0.96060219705257,0.7547533150848543,0.29943824462005353
553520,2013B,54.0,3,1.0,35.0,13.733384253463113,0.9507808401984322,0.7023651422057456,0.21999491462114137
553572,2013B,187.0,11,1.0,168.0,17.244653822913648,0.96060219705257,0.7547533150848543,0.29943824462005353
553716,2013B,187.0,11,1.0,168.0,17.244653822913648,0.96060219705257,0.7547533150848543,0.29943824462005353
553729,2013B,187.0,11,1.0,168.0,17.244653822913648,0.96060219705257,0.7547533150848543,0.29943824462005353
553733,2014B,152.0,5,1.0,140.0,12.794483777797096,0.9472658745461974,0.6843893524058832,0.1968596737782666
553755,2013B,124.0,4,1.0,105.0,12.849017433344375,0.9474837053064534,0.6854917752869981,0.19822229179880643
553800,2013B,187.0,10,1.0,168.0,16.272007212919746,0.9582970061986397,0.7421657693137035,0.2786146453445147
553807,2013B,124.0,14,1.0,112.0,22.67729984985868,0.9698967233052292,0.8073808509242266,0.39972817748111955
553808,2014B,152.0,9,1.0,140.0,16.138983511439626,0.9579606022573045,0.7403439614947853,0.2756953560030644
553825,2013J,208.0,10,1.0,189.0,15.674901714636082,0.9567432660170225,0.7337834276067934,0.2653764771134667
553840,2013B,187.0,11,1.0,168.0,17.244653822913648,0.96060219705257,0.7547533150848543,0.29943824462005353
553856,2013J,208.0,11,1.0,189.0,16.61185680660673,0.9591324981908782,0.7467070380717318,0.2859948363016298
554004,2014B,194.0,11,1.0,182.0,16.820166071444753,0.9596282638177619,0.7494129870007343,0.29046306865897914
554048,2014J,201.0,5,0.8,182.0,9.411359574610687,0.9289967317396159,0.5971718162926833,0.10975532086963978
554068,2013B,89.0,4,1.0,70.0,13.675097178185805,0.9505763260111401,0.7013082668595051,0.2185796978319925
554083,2013B,187.0,11,1.0,168.0,17.244653822913648,0.96060219705257,0.7547533150848543,0.29943824462005353
554203,2013B,54.0,2,1.0,35.0,12.9587830480666,0.9479167459046037,0.6876878781159758,0.2009582626927773
554206,2013B,187.0,11,1.0,168.0,17.244653822913648,0.96060219705257,0.7547533150848543,0.29943824462005353
554226,2013B,187.0,11,1.0,168.0,17.244653822913648,0.96060219705257,0.7547533150848543,0.29943824462005353
554243,2013J,166.0,9,1.0,147.0,15.939110348700272,0.9574448152526764,0.7375581425470185,0.2712767358407156
554294,2013B,54.0,3,1.0,35.0,13.733384253463113,0.9507808401984322,0.7023651422057456,0.21999491462114137
554297,2013J,19.0,1,1.0,0.0,13.014016992892225,0.9481319623363588,0.6887815585935024,0.2023315543159954
554314,2013J,166.0,7,1.0,147.0,14.191796411917649,0.9523321592602285,0.7104264980545231,0.23102208943808172
554336,2013B,187.0,11,1.0,168.0,17.244653822913648,0.96060219705257,0.7547533150848543,0.29943824462005353
554344,2013B,187.0,11,1.0,168.0,17.244653822913648,0.96060219705257,0.7547533150848543,0.29943824462005353
554352,2013B,187.0,11,0.9090909090909091,168.0,15.516431379352976,0.9563112755975214,0.7314673324186043,0.2618052152027917
554374,2013B,187.0,11,1.0,168.0,17.244653822913648,0.96060219705257,0.7547533150848543,0.29943824462005353
554512,2013B,89.0,4,1.0,70.0,13.675097178185805,0.9505763260111401,0.7013082668595051,0.2185796978319925
554540,2013J,208.0,11,1.0,189.0,16.61185680660673,0.9591324981908782,0.7467070380717318,0.2859948363016298
554545,2013B,54.0,3,1.0,35.0,13.733384253463113,0.9507808401984322,0.7023651422057456,0.21999491462114137
554551,2013B,159.0,8,1.0,140.0,15.228699793230607,0.9555044598975224,0.7271584069289139,0.2552592889043663
554599,2014J,201.0,5,1.0,182.0,11.872718327576681,0.9432900076436247,0.6645331303399441,0.17352298832526095
554608,2013B,187.0,11,1.0,168.0,17.244653822913648,0.96060219705257,0.7547533150848543,0.29943824462005353
554795,2013B,187.0,11,1.0,168.0,17.244653822913648,0.96060219705257,0.7547533150848543,0.29943824462005353
554818,2013B,47.0,2,1.0,28.0,13.121283519950303,0.9485448817778594,0.690884095136094,0.204991828608527
554830,2013B,187.0,8,1.0,168.0,14.488199687873005,0.9532842144150002,0.7154129721973973,0.23805211584605623
554894,2013B,187.0,8,1.0,168.0,14.488199687873005,0.9532842144150002,0.7154129721973973,0.23805211584605623
554898,2013B,187.0,9,0.6666666666666666,168.0,10.424729120899768,0.9356716495146096,0.6278621387140304,0.13605174665338876
554930,2013B,187.0,7,0.8571428571428571,168.0,11.580604102254393,0.9419019027620257,0.6577179880178669,0.1660237529649187
554969,2014B,194.0,11,1.0,182.0,16.820166071444753,0.9596282638177619,0.7494129870007343,0.29046306865897914
554986,2013B,54.0,2,0.5,35.0,7.249694803979926,0.9088179022009042,0.5120803526981007,0.056794489458313724
554998,2013B,187.0,11,1.0,168.0,17.244653822913648,0.96060219705257,0.7547533150848543,0.29943824462005353
555015,2014B,194.0,11,1.0,182.0,16.820166071444753,0.9596282638177619,0.7494129870007343,0.29046306865897914
555035,2013B,47.0,2,1.0,28.0,13.121283519950303,0.9485448817778594,0.690884095136094,0.204991828608527
555059,2013B,187.0,11,1.0,168.0,17.244653822913648,0.96060219705257,0.7547533150848543,0.29943824462005353
555061,2013J,19.0,1,1.0,0.0,13.014016992892225,0.9481319623363588,0.6887815585935024,0.2023315543159954
555086,2013B,187.0,11,1.0,168.0,17.244653822913648,0.96060219705257,0.7547533150848543,0.29943824462005353
555102,2013B,187.0,11,1.0,168.0,17.244653822913648,0.96060219705257,0.7547533150848543,0.29943824462005353
555157,2013B,89.0,4,1.0,70.0,13.675097178185805,0.9505763260111401,0.7013082668595051,0.2185796978319925
555263,2013B,187.0,11,1.0,168.0,17.244653822913648,0.96060219705257,0.7547533150848543,0.29943824462005353
555309,2013B,187.0,9,1.0,168.0,15.354220586642985,0.9558600617834357,0.7290548653243458,0.2581246513464444
555346,2013J,208.0,11,1.0,189.0,16.61185680660673,0.9591324981908782,0.7467070380717318,0.2859948363016298
555407,2013B,159.0,8,0.75,140.0,11.390442025069904,0.9409611699611056,0.653133431583145,0.16112059662257538
555414,2013B,187.0,11,1.0,168.0,17.244653822913648,0.96060219705257,0.7547533150848543,0.29943824462005353
555614,2013J,208.0,11,1.0,189.0,16.61185680660673,0.9591324981908782,0.7467070380717318,0.2859948363016298
555627,2013B,19.0,1,1.0,0.0,13.014016992892225,0.9481319623363588,0.6887815585935024,0.2023315543159954
555667,2013B,187.0,11,1.0,168.0,17.244653822913648,0.96060219705257,0.7547533150848543,0.29943824462005353
555670,2013B,187.0,10,1.0,168.0,16.272007212919746,0.9582970061986397,0.7421657693137035,0.2786146453445147
555672,2013B,187.0,11,1.0,168.0,17.244653822913648,0.96060219705257,0.7547533150848543,0.29943824462005353
555673,2013B,187.0,10,1.0,168.0,16.272007212919746,0.9582970061986397,0.7421657693137035,0.2786146453445147
555674,2013B,187.0,11,1.0,168.0,17.244653822913648,0.96060219705257,0.7547533150848543,0.29943824462005353
555675,2013B,187.0,11,1.0,168.0,17.244653822913648,0.96060219705257,0.7547533150848543,0.29943824462005353
555695,2013B,187.0,11,1.0,168.0,17.244653822913648,0.96060219705257,0.7547533150848543,0.29943824462005353
555720,2014B,82.0,3,0.6666666666666666,70.0,8.761007902662293,0.9239315525169252,0.5747494845702857,0.09315238080712156
555721,2013J,208.0,11,1.0,189.0,16.61185680660673,0.9591324981908782,0.7467070380717318,0.2859948363016298
555747,2013B,187.0,10,1.0,168.0,16.272007212919746,0.9582970061986397,0.7421657693137035,0.2786146453445147
555749,2014J,201.0,5,1.0,182.0,11.872718327576681,0.9432900076436247,0.6645331303399441,0.17352298832526095
555837,2013B,124.0,7,0.5714285714285714,105.0,9.296091904586259,0.9281487312632615,0.593366505393294,0.10678918214078505
555838,2013B,187.0,11,1.0,168.0,17.244653822913648,0.96060219705257,0.7547533150848543,0.29943824462005353
555860,2014B,194.0,6,1.0,182.0,12.582400856697058,0.9464012680578139,0.6800286256824646,0.19153996582477406
555880,2013B,19.0,1,1.0,0.0,13.014016992892225,0.9481319623363588,0.6887815585935024,0.2023315543159954
555902,2013B,19.0,1,1.0,0.0,13.014016992892225,0.9481319623363588,0.6887815585935024,0.2023315543159954
555909,2013B,54.0,3,1.0,35.0,13.733384253463113,0.9507808401984322,0.7023651422057456,0.21999491462114137
555930,2013B,54.0,3,1.0,35.0,13.733384253463113,0.9507808401984322,0.7023651422057456,0.21999491462114137
555935,2013B,124.0,6,0.8333333333333334,105.0,11.890910902225235,0.9433742671609607,0.6649487583354355,0.1739885900874069
555946,2013B,159.0,8,1.0,140.0,15.228699793230607,0.9555044598975224,0.7271584069289139,0.2552592889043663
555994,2014B,194.0,10,0.9,154.0,14.853076922852111,0.9544052490000132,0.7213229236467263,0.24659517545604492
556012,2014B,194.0,7,0.8571428571428571,154.0,11.872861894189214,0.943290673558507,0.6645364142335973,0.17352666331563193
556062,2013J,47.0,2,1.0,28.0,13.121283519950303,0.9485448817778594,0.690884095136094,0.204991828608527
556089,2013J,208.0,10,1.0,189.0,15.674901714636082,0.9567432660170225,0.7337834276067934,0.2653764771134667
556138,2013B,89.0,5,1.0,70.0,14.492515505111,0.953297796167274,0.7154843243067773,0.23815388506135335
556175,2013J,208.0,11,0.9090909090909091,189.0,14.947051931008295,0.9546853162919468,0.7228059186680567,0.2487753157766856
556228,2013J,208.0,11,1.0,189.0,16.61185680660673,0.9591324981908782,0.7467070380717318,0.2859948363016298
556284,2013B,187.0,6,1.0,168.0,12.89994082776828,0.9476854969429034,0.6865143833063156,0.19949271063676272
556290,2014J,19.0,1,0.0,0.0,4.073074741435078,0.8435147679614741,0.3038427186416507,0.0060643005081270065
556292,2013B,187.0,11,1.0,168.0,17.244653822913648,0.96060219705257,0.7547533150848543,0.29943824462005353
556301,2013B,187.0,11,1.0,168.0,17.244653822913648,0.96060219705257,0.7547533150848543,0.29943824462005353
556318,2013B,19.0,1,1.0,0.0,13.014016992892225,0.9481319623363588,0.6887815585935024,0.2023315543159954
556349,2013B,187.0,11,0.9090909090909091,168.0,15.516431379352976,0.9563112755975214,0.7314673324186043,0.2618052152027917
556427,2013J,131.0,6,1.0,112.0,14.252285803327695,0.9525295906692174,0.7114581070042489,0.2324632375937027
556502,2013B,187.0,11,1.0,168.0,17.244653822913648,0.96060219705257,0.7547533150848543,0.29943824462005353
556553,2013B,187.0,11,1.0,168.0,17.244653822913648,0.96060219705257,0.7547533150848543,0.29943824462005353
556568,2013B,54.0,3,1.0,35.0,13.733384253463113,0.9507808401984322,0.7023651422057456,0.21999491462114137
556592,2013J,208.0,11,1.0,189.0,16.61185680660673,0.9591324981908782,0.7467070380717318,0.2859948363016298
556605,2013B,187.0,8,1.0,140.0,15.228699793230607,0.9555044598975224,0.7271584069289139,0.2552592889043663
556637,2013J,19.0,1,1.0,0.0,13.014016992892225,0.9481319623363588,0.6887815585935024,0.2023315543159954
556644,2014J,201.0,5,0.8,182.0,9.411359574610687,0.9289967317396159,0.5971718162926833,0.10975532086963978
556648,2013B,159.0,3,1.0,140.0,11.391897351716732,0.9409684851019359,0.6531689751553027,0.16115817796264922
556692,2013B,159.0,8,1.0,140.0,15.228699793230607,0.9555044598975224,0.7271584069289139,0.2552592889043663
556840,2013B,19.0,1,1.0,0.0,13.014016992892225,0.9481319623363588,0.6887815585935024,0.2023315543159954
556853,2014B,194.0,10,1.0,182.0,15.871461755491081,0.9572673649561123,0.7366017948547608,0.2697724508753238
556860,2013B,187.0,11,1.0,168.0,17.244653822913648,0.96060219705257,0.7547533150848543,0.29943824462005353
556863,2014J,201.0,10,1.0,182.0,15.871461755491081,0.9572673649561123,0.7366017948547608,0.2697724508753238
556865,2013B,187.0,10,1.0,168.0,16.272007212919746,0.9582970061986397,0.7421657693137035,0.2786146453445147
556871,2013B,187.0,11,1.0,168.0,17.244653822913648,0.96060219705257,0.7547533150848543,0.29943824462005353
556876,2013B,187.0,11,1.0,168.0,17.244653822913648,0.96060219705257,0.7547533150848543,0.29943824462005353
556877,2014B,194.0,12,1.0,182.0,17.82557845203511,0.9618613404476298,0.7617058448707849,0.3114397857484351
556878,2013B,187.0,11,1.0,168.0,17.244653822913648,0.96060219705257,0.7547533150848543,0.29943824462005353
556882,2013B,19.0,1,1.0,0.0,13.014016992892225,0.9481319623363588,0.6887815585935024,0.2023315543159954
556883,2013B,187.0,11,1.0,168.0,17.244653822913648,0.96060219705257,0.7547533150848543,0.29943824462005353
556887,2013B,187.0,11,1.0,168.0,17.244653822913648,0.96060219705257,0.7547533150848543,0.29943824462005353
556892,2013B,187.0,11,1.0,168.0,17.244653822913648,0.96060219705257,0.7547533150848543,0.29943824462005353
556898,2013B,187.0,10,1.0,168.0,16.272007212919746,0.9582970061986397,0.7421657693137035,0.2786146453445147
556959,2013B,187.0,10,0.9,168.0,14.487459306510146,0.9532818836625072,0.7154007281381869,0.23803465554772268
556972,2013J,208.0,11,1.0,189.0,16.61185680660673,0.9591324981908782,0.7467070380717318,0.2859948363016298
556986,2013B,19.0,1,1.0,0.0,13.014016992892225,0.9481319623363588,0.6887815585935024,0.2023315543159954
556987,2013B,187.0,9,1.0,168.0,15.354220586642985,0.9558600617834357,0.7290548653243458,0.2581246513464444
556990,2013B,187.0,11,1.0,168.0,17.244653822913648,0.96060219705257,0.7547533150848543,0.29943824462005353
556992,2013B,187.0,11,1.0,168.0,17.244653822913648,0.96060219705257,0.7547533150848543,0.29943824462005353
556997,2013B,187.0,10,1.0,168.0,16.272007212919746,0.9582970061986397,0.7421657693137035,0.2786146453445147
556999,2013B,187.0,11,1.0,168.0,17.244653822913648,0.96060219705257,0.7547533150848543,0.29943824462005353
557006,2013B,187.0,11,1.0,168.0,17.244653822913648,0.96060219705257,0.7547533150848543,0.29943824462005353
557024,2013B,187.0,11,1.0,168.0,17.244653822913648,0.96060219705257,0.7547533150848543,0.29943824462005353
557029,2014B,152.0,9,1.0,140.0,16.138983511439626,0.9579606022573045,0.7403439614947853,0.2756953560030644
557032,2013B,187.0,11,1.0,168.0,17.244653822913648,0.96060219705257,0.7547533150848543,0.29943824462005353
557057,2013B,187.0,11,1.0,168.0,17.244653822913648,0.96060219705257,0.7547533150848543,0.29943824462005353
557060,2013B,187.0,9,1.0,168.0,15.354220586642985,0.9558600617834357,0.7290548653243458,0.2581246513464444
557145,2013B,187.0,11,0.9090909090909091,168.0,15.516431379352976,0.9563112755975214,0.7314673324186043,0.2618052152027917
557220,2013B,187.0,10,1.0,168.0,16.272007212919746,0.9582970061986397,0.7421657693137035,0.2786146453445147
557285,2013B,187.0,11,1.0,168.0,17.244653822913648,0.96060219705257,0.7547533150848543,0.29943824462005353
557308,2013B,187.0,11,0.9090909090909091,168.0,15.516431379352976,0.9563112755975214,0.7314673324186043,0.2618052152027917
557325,2013B,187.0,9,1.0,168.0,15.354220586642985,0.9558600617834357,0.7290548653243458,0.2581246513464444
557351,2014B,117.0,10,1.0,105.0,18.203296087784263,0.9626377426307023,0.7660201555735646,0.31907043060243423
557451,2013B,187.0,10,1.0,168.0,16.272007212919746,0.9582970061986397,0.7421657693137035,0.2786146453445147
557528,2013B,187.0,11,1.0,168.0,17.244653822913648,0.96060219705257,0.7547533150848543,0.29943824462005353
557594,2013B,187.0,11,1.0,168.0,17.244653822913648,0.96060219705257,0.7547533150848543,0.29943824462005353
557622,2013B,187.0,11,1.0,168.0,17.244653822913648,0.96060219705257,0.7547533150848543,0.29943824462005353
557652,2013J,208.0,10,1.0,161.0,16.47605483381028,0.9588026880087812,0.7449115366638879,0.2830592080862646
557709,2013B,89.0,5,1.0,70.0,14.492515505111,0.953297796167274,0.7154843243067773,0.23815388506135335
557758,2013B,187.0,11,1.0,168.0,17.244653822913648,0.96060219705257,0.7547533150848543,0.29943824462005353
557775,2013B,187.0,10,1.0,168.0,16.272007212919746,0.9582970061986397,0.7421657693137035,0.2786146453445147
557827,2013B,159.0,8,0.875,140.0,13.17048298704293,0.9487320829549624,0.6918391120552879,0.20620900020823474
557935,2013B,54.0,3,1.0,35.0,13.733384253463113,0.9507808401984322,0.7023651422057456,0.21999491462114137
557968,2013B,187.0,11,1.0,168.0,17.244653822913648,0.96060219705257,0.7547533150848543,0.29943824462005353
557979,2013B,187.0,9,1.0,168.0,15.354220586642985,0.9558600617834357,0.7290548653243458,0.2581246513464444
558024,2013B,187.0,11,1.0,168.0,17.244653822913648,0.96060219705257,0.7547533150848543,0.29943824462005353
558035,2013J,131.0,5,1.0,112.0,13.448417102127598,0.9497645453403545,0.6971266308941054,0.21304855883469448
558040,2013B,187.0,11,1.0,168.0,17.244653822913648,0.96060219705257,0.7547533150848543,0.29943824462005353
558042,2013B,187.0,11,1.0,168.0,17.244653822913648,0.96060219705257,0.7547533150848543,0.29943824462005353
558066,2013B,187.0,11,1.0,168.0,17.244653822913648,0.96060219705257,0.7547533150848543,0.29943824462005353
558068,2013B,187.0,11,1.0,168.0,17.244653822913648,0.96060219705257,0.7547533150848543,0.29943824462005353
558075,2013B,187.0,11,1.0,168.0,17.244653822913648,0.96060219705257,0.7547533150848543,0.29943824462005353
558084,2014B,194.0,11,1.0,182.0,16.820166071444753,0.9596282638177619,0.7494129870007343,0.29046306865897914
558092,2013B,159.0,9,0.7777777777777778,140.0,12.467159435356384,0.9459194669661347,0.677608964956335,0.18863613930762008
558099,2013B,187.0,11,1.0,168.0,17.244653822913648,0.96060219705257,0.7547533150848543,0.29943824462005353
558113,2013B,187.0,9,1.0,168.0,15.354220586642985,0.9558600617834357,0.7290548653243458,0.2581246513464444
558114,2013B,89.0,4,1.0,70.0,13.675097178185805,0.9505763260111401,0.7013082668595051,0.2185796978319925
558163,2013B,19.0,1,1.0,0.0,13.014016992892225,0.9481319623363588,0.6887815585935024,0.2023315543159954
558168,2013B,187.0,11,1.0,168.0,17.244653822913648,0.96060219705257,0.7547533150848543,0.29943824462005353
558247,2013B,159.0,8,1.0,140.0,15.228699793230607,0.9555044598975224,0.7271584069289139,0.2552592889043663
558250,2013B,187.0,11,1.0,168.0,17.244653822913648,0.96060219705257,0.7547533150848543,0.29943824462005353
558324,2013B,54.0,3,1.0,35.0,13.733384253463113,0.9507808401984322,0.7023651422057456,0.21999491462114137
558333,2013J,208.0,9,1.0,189.0,14.7907935051416,0.9542177149466892,0.7203313634239693,0.2451456819031239
558373,2013B,187.0,11,1.0,168.0,17.244653822913648,0.96060219705257,0.7547533150848543,0.29943824462005353
558435,2013B,187.0,11,1.0,168.0,17.244653822913648,0.96060219705257,0.7547533150848543,0.29943824462005353
558533,2013J,208.0,11,1.0,189.0,16.61185680660673,0.9591324981908782,0.7467070380717318,0.2859948363016298
558595,2014B,194.0,11,0.9090909090909091,182.0,15.134484885402992,0.9552337614209082,0.7257175824849951,0.2530986961619158
558602,2013B,19.0,1,1.0,0.0,13.014016992892225,0.9481319623363588,0.6887815585935024,0.2023315543159954
558622,2013B,187.0,10,1.0,168.0,16.272007212919746,0.9582970061986397,0.7421657693137035,0.2786146453445147
558654,2013B,19.0,1,1.0,0.0,13.014016992892225,0.9481319623363588,0.6887815585935024,0.2023315543159954
558661,2013J,208.0,10,0.9,189.0,13.955838253564096,0.9515460619600212,0.7063317259452796,0.22536916061903828
558662,2013B,124.0,5,1.0,105.0,13.617057484259055,0.9503709844002922,0.7002484873148381,0.21716761122120323
558689,2013B,187.0,10,0.9,168.0,14.487459306510146,0.9532818836625072,0.7154007281381869,0.23803465554772268
558701,2013B,54.0,3,1.0,35.0,13.733384253463113,0.9507808401984322,0.7023651422057456,0.21999491462114137
558703,2013B,187.0,6,0.8333333333333334,140.0,11.172609561031729,0.9398454198051877,0.6477314809255997,0.1554865684373584
558747,2013B,187.0,11,1.0,168.0,17.244653822913648,0.96060219705257,0.7547533150848543,0.29943824462005353
558755,2013J,19.0,1,1.0,0.0,13.014016992892225,0.9481319623363588,0.6887815585935024,0.2023315543159954
558769,2013B,187.0,11,1.0,168.0,17.244653822913648,0.96060219705257,0.7547533150848543,0.29943824462005353
558809,2013B,54.0,3,1.0,35.0,13.733384253463113,0.9507808401984322,0.7023651422057456,0.21999491462114137
558820,2013B,187.0,10,1.0,168.0,16.272007212919746,0.9582970061986397,0.7421657693137035,0.2786146453445147
558903,2013B,187.0,7,1.0,140.0,14.36975861757076,0.9529083764359935,0.7134409151339833,0.23525254883637753
558921,2014B,194.0,11,1.0,182.0,16.820166071444753,0.9596282638177619,0.7494129870007343,0.29046306865897914
558955,2013B,187.0,10,1.0,140.0,17.103678732855553,0.9602840005021556,0.7530049850902727,0.29647685259201884
558962,2013J,208.0,11,1.0,189.0,16.61185680660673,0.9591324981908782,0.7467070380717318,0.2859948363016298
558965,2013B,187.0,11,1.0,168.0,17.244653822913648,0.96060219705257,0.7547533150848543,0.29943824462005353
558983,2013J,208.0,10,1.0,189.0,15.674901714636082,0.9567432660170225,0.7337834276067934,0.2653764771134667
559011,2013B,54.0,3,1.0,35.0,13.733384253463113,0.9507808401984322,0.7023651422057456,0.21999491462114137
559031,2013B,187.0,10,1.0,168.0,16.272007212919746,0.9582970061986397,0.7421657693137035,0.2786146453445147
559090,2014B,12.0,1,1.0,0.0,13.014016992892225,0.9481319623363588,0.6887815585935024,0.2023315543159954
559139,2013J,19.0,1,1.0,0.0,13.014016992892225,0.9481319623363588,0.6887815585935024,0.2023315543159954
559168,2013J,208.0,10,1.0,189.0,15.674901714636082,0.9567432660170225,0.7337834276067934,0.2653764771134667
559173,2013B,19.0,1,1.0,0.0,13.014016992892225,0.9481319623363588,0.6887815585935024,0.2023315543159954
559180,2013B,187.0,11,1.0,168.0,17.244653822913648,0.96060219705257,0.7547533150848543,0.29943824462005353
559253,2013B,187.0,10,1.0,168.0,16.272007212919746,0.9582970061986397,0.7421657693137035,0.2786146453445147
559336,2014B,194.0,11,1.0,182.0,16.820166071444753,0.9596282638177619,0.7494129870007343,0.29046306865897914
559344,2014J,201.0,5,0.8,182.0,9.411359574610687,0.9289967317396159,0.5971718162926833,0.10975532086963978
559350,2013B,187.0,11,0.9090909090909091,168.0,15.516431379352976,0.9563112755975214,0.7314673324186043,0.2618052152027917
559381,2014B,194.0,11,1.0,182.0,16.820166071444753,0.9596282638177619,0.7494129870007343,0.29046306865897914
559382,2013J,208.0,11,1.0,189.0,16.61185680660673,0.9591324981908782,0.7467070380717318,0.2859948363016298
559389,2013B,187.0,11,1.0,168.0,17.244653822913648,0.96060219705257,0.7547533150848543,0.29943824462005353
559414,2013J,208.0,10,1.0,161.0,16.47605483381028,0.9588026880087812,0.7449115366638879,0.2830592080862646
559425,2013B,54.0,3,1.0,35.0,13.733384253463113,0.9507808401984322,0.7023651422057456,0.21999491462114137
559452,2013B,187.0,10,1.0,168.0,16.272007212919746,0.9582970061986397,0.7421657693137035,0.2786146453445147
559458,2013B,187.0,11,1.0,168.0,17.244653822913648,0.96060219705257,0.7547533150848543,0.29943824462005353
559467,2014B,194.0,10,1.0,182.0,15.871461755491081,0.9572673649561123,0.7366017948547608,0.2697724508753238
559475,2013B,187.0,11,1.0,168.0,17.244653822913648,0.96060219705257,0.7547533150848543,0.29943824462005353
559495,2013B,187.0,11,1.0,168.0,17.244653822913648,0.96060219705257,0.7547533150848543,0.29943824462005353
559573,2014B,152.0,8,1.0,140.0,15.228699793230607,0.9555044598975224,0.7271584069289139,0.2552592889043663
559584,2013J,208.0,10,1.0,189.0,15.674901714636082,0.9567432660170225,0.7337834276067934,0.2653764771134667
559595,2013B,187.0,11,1.0,168.0,17.244653822913648,0.96060219705257,0.7547533150848543,0.29943824462005353
559603,2013B,187.0,10,1.0,168.0,16.272007212919746,0.9582970061986397,0.7421657693137035,0.2786146453445147
559606,2013B,159.0,9,1.0,140.0,16.138983511439626,0.9579606022573045,0.7403439614947853,0.2756953560030644
559608,2013B,187.0,11,1.0,168.0,17.244653822913648,0.96060219705257,0.7547533150848543,0.29943824462005353
559610,2013B,19.0,1,1.0,0.0,13.014016992892225,0.9481319623363588,0.6887815585935024,0.2023315543159954
559611,2013B,187.0,11,1.0,168.0,17.244653822913648,0.96060219705257,0.7547533150848543,0.29943824462005353
559651,2013B,187.0,11,1.0,168.0,17.244653822913648,0.96060219705257,0.7547533150848543,0.29943824462005353
559685,2013J,208.0,7,1.0,189.0,13.1693630073149,0.9487278366442666,0.6918174367362007,0.20618131365665326
559697,2013B,89.0,3,1.0,70.0,12.903783526529546,0.9477006613251653,0.6865912837805365,0.19958849829243266
559744,2013B,187.0,11,0.9090909090909091,168.0,15.516431379352976,0.9563112755975214,0.7314673324186043,0.2618052152027917
559808,2013B,19.0,1,1.0,0.0,13.014016992892225,0.9481319623363588,0.6887815585935024,0.2023315543159954
559831,2014B,194.0,11,0.9090909090909091,182.0,15.134484885402992,0.9552337614209082,0.7257175824849951,0.2530986961619158
559851,2013J,208.0,11,1.0,189.0,16.61185680660673,0.9591324981908782,0.7467070380717318,0.2859948363016298
559861,2014B,194.0,11,0.9090909090909091,182.0,15.134484885402992,0.9552337614209082,0.7257175824849951,0.2530986961619158
559973,2014J,110.0,3,0.6666666666666666,91.0,8.439520459795823,0.9211511789392633,0.5627511431774405,0.08509957049259294
559989,2013B,19.0,1,1.0,0.0,13.014016992892225,0.9481319623363588,0.6887815585935024,0.2023315543159954
560005,2013B,47.0,2,1.0,28.0,13.121283519950303,0.9485448817778594,0.690884095136094,0.204991828608527
560012,2013B,124.0,6,1.0,105.0,14.431006533497468,0.9531034804844484,0.7144640619516958,0.23670185660004425
560030,2013J,54.0,3,1.0,35.0,13.733384253463113,0.9507808401984322,0.7023651422057456,0.21999491462114137
560074,2013J,208.0,11,1.0,189.0,16.61185680660673,0.9591324981908782,0.7467070380717318,0.2859948363016298
560075,2013B,159.0,6,1.0,140.0,13.559264121749717,0.9501648122077447,0.6991858024266003,0.21575868670453618
560089,2014J,201.0,5,0.8,182.0,9.411359574610687,0.9289967317396159,0.5971718162926833,0.10975532086963978
560117,2013B,124.0,6,0.6666666666666666,105.0,9.797914078720266,0.9317000396088816,0.609442585346817,0.11975217734936665
560170,2013B,187.0,9,1.0,168.0,15.354220586642985,0.9558600617834357,0.7290548653243458,0.2581246513464444
560208,2014J,201.0,8,1.0,182.0,14.131563748903572,0.9521339275272744,0.7093919974991606,0.22958379018060376
560238,2014B,194.0,11,1.0,182.0,16.820166071444753,0.9596282638177619,0.7494129870007343,0.29046306865897914
560319,2013B,187.0,11,1.0,168.0,17.244653822913648,0.96060219705257,0.7547533150848543,0.29943824462005353
560335,2013B,54.0,3,1.0,35.0,13.733384253463113,0.9507808401984322,0.7023651422057456,0.21999491462114137
560430,2013J,54.0,3,1.0,35.0,13.733384253463113,0.9507808401984322,0.7023651422057456,0.21999491462114137
560455,2013B,187.0,11,0.9090909090909091,168.0,15.516431379352976,0.9563112755975214,0.7314673324186043,0.2618052152027917
560468,2013B,187.0,10,1.0,168.0,16.272007212919746,0.9582970061986397,0.7421657693137035,0.2786146453445147
560536,2014B,194.0,10,1.0,182.0,15.871461755491081,0.9572673649561123,0.7366017948547608,0.2697724508753238
560567,2013J,208.0,11,1.0,189.0,16.61185680660673,0.9591324981908782,0.7467070380717318,0.2859948363016298
560597,2014J,201.0,5,1.0,182.0,11.872718327576681,0.9432900076436247,0.6645331303399441,0.17352298832526095
560652,2014J,201.0,5,1.0,182.0,11.872718327576681,0.9432900076436247,0.6645331303399441,0.17352298832526095
560676,2013J,208.0,9,0.8888888888888888,161.0,13.664241968478215,0.9505380500624306,0.7011106183668466,0.21831581174031595
560773,2013J,208.0,10,1.0,189.0,15.674901714636082,0.9567432660170225,0.7337834276067934,0.2653764771134667
560891,2013B,19.0,1,1.0,0.0,13.014016992892225,0.9481319623363588,0.6887815585935024,0.2023315543159954
560920,2013J,19.0,2,1.0,7.0,13.621113801309303,0.9503853908816636,0.7003227951695112,0.21726639292771016
560968,2013B,187.0,11,1.0,168.0,17.244653822913648,0.96060219705257,0.7547533150848543,0.29943824462005353
560970,2013B,187.0,10,1.0,168.0,16.272007212919746,0.9582970061986397,0.7421657693137035,0.2786146453445147
561060,2014B,194.0,11,1.0,182.0,16.820166071444753,0.9596282638177619,0.7494129870007343,0.29046306865897914
561061,2014B,194.0,11,1.0,182.0,16.820166071444753,0.9596282638177619,0.7494129870007343,0.29046306865897914
561138,2013B,187.0,11,1.0,168.0,17.244653822913648,0.96060219705257,0.7547533150848543,0.29943824462005353
561161,2013B,187.0,11,1.0,168.0,17.244653822913648,0.96060219705257,0.7547533150848543,0.29943824462005353
561164,2013B,187.0,11,1.0,168.0,17.244653822913648,0.96060219705257,0.7547533150848543,0.29943824462005353
561166,2013B,187.0,11,1.0,168.0,17.244653822913648,0.96060219705257,0.7547533150848543,0.29943824462005353
561167,2013B,187.0,11,1.0,168.0,17.244653822913648,0.96060219705257,0.7547533150848543,0.29943824462005353
561206,2014J,201.0,5,0.8,182.0,9.411359574610687,0.9289967317396159,0.5971718162926833,0.10975532086963978
561312,2013J,208.0,11,1.0,189.0,16.61185680660673,0.9591324981908782,0.7467070380717318,0.2859948363016298
561343,2013B,187.0,11,1.0,168.0,17.244653822913648,0.96060219705257,0.7547533150848543,0.29943824462005353
561366,2013B,54.0,3,1.0,35.0,13.733384253463113,0.9507808401984322,0.7023651422057456,0.21999491462114137
561437,2013B,187.0,11,1.0,168.0,17.244653822913648,0.96060219705257,0.7547533150848543,0.29943824462005353
561444,2013B,187.0,11,1.0,168.0,17.244653822913648,0.96060219705257,0.7547533150848543,0.29943824462005353
561445,2013B,187.0,11,1.0,168.0,17.244653822913648,0.96060219705257,0.7547533150848543,0.29943824462005353
561448,2013B,187.0,11,1.0,168.0,17.244653822913648,0.96060219705257,0.7547533150848543,0.29943824462005353
561452,2013B,187.0,11,1.0,168.0,17.244653822913648,0.96060219705257,0.7547533150848543,0.29943824462005353
561455,2013B,159.0,9,1.0,140.0,16.138983511439626,0.9579606022573045,0.7403439614947853,0.2756953560030644
561457,2013J,208.0,11,1.0,189.0,16.61185680660673,0.9591324981908782,0.7467070380717318,0.2859948363016298
561458,2013B,187.0,11,1.0,168.0,17.244653822913648,0.96060219705257,0.7547533150848543,0.29943824462005353
561459,2013B,187.0,10,1.0,168.0,16.272007212919746,0.9582970061986397,0.7421657693137035,0.2786146453445147
561461,2013B,187.0,11,1.0,168.0,17.244653822913648,0.96060219705257,0.7547533150848543,0.29943824462005353
561534,2013J,208.0,10,1.0,189.0,15.674901714636082,0.9567432660170225,0.7337834276067934,0.2653764771134667
561549,2013J,54.0,3,1.0,35.0,13.733384253463113,0.9507808401984322,0.7023651422057456,0.21999491462114137
561591,2013J,208.0,11,1.0,189.0,16.61185680660673,0.9591324981908782,0.7467070380717318,0.2859948363016298
561608,2014J,201.0,5,0.8,182.0,9.411359574610687,0.9289967317396159,0.5971718162926833,0.10975532086963978
561618,2014J,201.0,5,1.0,182.0,11.872718327576681,0.9432900076436247,0.6645331303399441,0.17352298832526095
561640,2013J,208.0,11,1.0,189.0,16.61185680660673,0.9591324981908782,0.7467070380717318,0.2859948363016298
561711,2013B,124.0,7,0.8571428571428571,105.0,12.955080623450646,0.9479022557098441,0.687614295788642,0.20086612551822425
561713,2013B,187.0,11,1.0,168.0,17.244653822913648,0.96060219705257,0.7547533150848543,0.29943824462005353
561715,2013B,187.0,10,0.8,168.0,12.89862242631877,0.947680292129955,0.6864879907524214,0.19945984405085504
561716,2013B,187.0,10,0.9,168.0,14.487459306510146,0.9532818836625072,0.7154007281381869,0.23803465554772268
561718,2013B,19.0,1,1.0,0.0,13.014016992892225,0.9481319623363588,0.6887815585935024,0.2023315543159954
561752,2014J,201.0,5,1.0,182.0,11.872718327576681,0.9432900076436247,0.6645331303399441,0.17352298832526095
561841,2013J,208.0,11,1.0,189.0,16.61185680660673,0.9591324981908782,0.7467070380717318,0.2859948363016298
561953,2014B,194.0,11,1.0,182.0,16.820166071444753,0.9596282638177619,0.7494129870007343,0.29046306865897914
561978,2014B,194.0,11,1.0,182.0,16.820166071444753,0.9596282638177619,0.7494129870007343,0.29046306865897914
561979,2014J,201.0,5,1.0,182.0,11.872718327576681,0.9432900076436247,0.6645331303399441,0.17352298832526095
562090,2013J,208.0,11,1.0,189.0,16.61185680660673,0.9591324981908782,0.7467070380717318,0.2859948363016298
562239,2014J,152.0,4,0.75,133.0,9.14322208225247,0.9269923675910531,0.588210955065259,0.10286905532938674
562270,2013J,208.0,11,1.0,189.0,16.61185680660673,0.9591324981908782,0.7467070380717318,0.2859948363016298
562456,2013J,131.0,5,1.0,112.0,13.448417102127598,0.9497645453403545,0.6971266308941054,0.21304855883469448
562465,2013B,187.0,10,1.0,168.0,16.272007212919746,0.9582970061986397,0.7421657693137035,0.2786146453445147
562489,2013B,187.0,11,1.0,168.0,17.244653822913648,0.96060219705257,0.7547533150848543,0.29943824462005353
562495,2013B,187.0,11,1.0,168.0,17.244653822913648,0.96060219705257,0.7547533150848543,0.29943824462005353
562643,2014B,40.0,2,1.0,28.0,13.121283519950303,0.9485448817778594,0.690884095136094,0.204991828608527
562783,2014B,82.0,4,1.0,70.0,13.675097178185805,0.9505763260111401,0.7013082668595051,0.2185796978319925
562857,2014B,194.0,11,1.0,182.0,16.820166071444753,0.9596282638177619,0.7494129870007343,0.29046306865897914
563027,2014J,201.0,5,0.8,182.0,9.411359574610687,0.9289967317396159,0.5971718162926833,0.10975532086963978
563157,2013B,89.0,4,0.5,70.0,7.650431416969012,0.9133808307776495,0.530350825859523,0.06600195253185918
563174,2013J,54.0,2,1.0,35.0,12.9587830480666,0.9479167459046037,0.6876878781159758,0.2009582626927773
563302,2014J,201.0,5,0.8,182.0,9.411359574610687,0.9289967317396159,0.5971718162926833,0.10975532086963978
563330,2013B,187.0,10,1.0,168.0,16.272007212919746,0.9582970061986397,0.7421657693137035,0.2786146453445147
563363,2013B,187.0,10,0.9,168.0,14.487459306510146,0.9532818836625072,0.7154007281381869,0.23803465554772268
563374,2013J,131.0,7,0.8571428571428571,112.0,12.794638490529636,0.9472664950904599,0.6843924907676928,0.19686354263825895
563413,2014B,194.0,11,1.0,182.0,16.820166071444753,0.9596282638177619,0.7494129870007343,0.29046306865897914
563487,2014B,194.0,11,1.0,182.0,16.820166071444753,0.9596282638177619,0.7494129870007343,0.29046306865897914
563706,2013J,208.0,11,1.0,189.0,16.61185680660673,0.9591324981908782,0.7467070380717318,0.2859948363016298
563733,2013J,208.0,11,1.0,189.0,16.61185680660673,0.9591324981908782,0.7467070380717318,0.2859948363016298
563735,2013J,208.0,11,1.0,189.0,16.61185680660673,0.9591324981908782,0.7467070380717318,0.2859948363016298
563754,2014B,194.0,11,1.0,182.0,16.820166071444753,0.9596282638177619,0.7494129870007343,0.29046306865897914
563769,2013J,208.0,11,0.9090909090909091,189.0,14.947051931008295,0.9546853162919468,0.7228059186680567,0.2487753157766856
563794,2013J,208.0,11,1.0,189.0,16.61185680660673,0.9591324981908782,0.7467070380717318,0.2859948363016298
563820,2014J,201.0,5,1.0,182.0,11.872718327576681,0.9432900076436247,0.6645331303399441,0.17352298832526095
563874,2013B,187.0,11,1.0,168.0,17.244653822913648,0.96060219705257,0.7547533150848543,0.29943824462005353
563877,2013B,187.0,10,1.0,168.0,16.272007212919746,0.9582970061986397,0.7421657693137035,0.2786146453445147
563878,2013B,187.0,11,1.0,168.0,17.244653822913648,0.96060219705257,0.7547533150848543,0.29943824462005353
563879,2013B,187.0,10,0.9,168.0,14.487459306510146,0.9532818836625072,0.7154007281381869,0.23803465554772268
563986,2014B,152.0,8,1.0,140.0,15.228699793230607,0.9555044598975224,0.7271584069289139,0.2552592889043663
563987,2014B,194.0,11,1.0,182.0,16.820166071444753,0.9596282638177619,0.7494129870007343,0.29046306865897914
564105,2013J,208.0,11,1.0,189.0,16.61185680660673,0.9591324981908782,0.7467070380717318,0.2859948363016298
564115,2014J,201.0,5,0.8,182.0,9.411359574610687,0.9289967317396159,0.5971718162926833,0.10975532086963978
564129,2013J,208.0,10,1.0,189.0,15.674901714636082,0.9567432660170225,0.7337834276067934,0.2653764771134667
564144,2013J,208.0,10,1.0,189.0,15.674901714636082,0.9567432660170225,0.7337834276067934,0.2653764771134667
564245,2013J,208.0,9,1.0,189.0,14.7907935051416,0.9542177149466892,0.7203313634239693,0.2451456819031239
564268,2013J,208.0,11,1.0,189.0,16.61185680660673,0.9591324981908782,0.7467070380717318,0.2859948363016298
564278,2014J,201.0,5,1.0,182.0,11.872718327576681,0.9432900076436247,0.6645331303399441,0.17352298832526095
564409,2014B,194.0,11,1.0,182.0,16.820166071444753,0.9596282638177619,0.7494129870007343,0.29046306865897914
564596,2013J,166.0,8,1.0,119.0,15.808808079954911,0.957101691996814,0.7357098793624318,0.2683752856688868
564626,2013J,208.0,9,1.0,189.0,14.7907935051416,0.9542177149466892,0.7203313634239693,0.2451456819031239
564792,2013J,166.0,9,1.0,147.0,15.939110348700272,0.9574448152526764,0.7375581425470185,0.2712767358407156
564898,2013J,208.0,10,1.0,189.0,15.674901714636082,0.9567432660170225,0.7337834276067934,0.2653764771134667
564906,2014B,194.0,10,1.0,182.0,15.871461755491081,0.9572673649561123,0.7366017948547608,0.2697724508753238
564958,2013J,208.0,9,1.0,189.0,14.7907935051416,0.9542177149466892,0.7203313634239693,0.2451456819031239
565009,2014B,82.0,5,1.0,70.0,14.492515505111,0.953297796167274,0.7154843243067773,0.23815388506135335
565182,2014J,201.0,5,1.0,182.0,11.872718327576681,0.9432900076436247,0.6645331303399441,0.17352298832526095
565273,2014J,201.0,5,1.0,182.0,11.872718327576681,0.9432900076436247,0.6645331303399441,0.17352298832526095
565344,2014B,82.0,4,1.0,70.0,13.675097178185805,0.9505763260111401,0.7013082668595051,0.2185796978319925
565393,2013J,131.0,5,1.0,112.0,13.448417102127598,0.9497645453403545,0.6971266308941054,0.21304855883469448
565513,2013J,208.0,11,1.0,189.0,16.61185680660673,0.9591324981908782,0.7467070380717318,0.2859948363016298
565575,2014J,201.0,5,1.0,182.0,11.872718327576681,0.9432900076436247,0.6645331303399441,0.17352298832526095
565576,2014J,201.0,5,1.0,182.0,11.872718327576681,0.9432900076436247,0.6645331303399441,0.17352298832526095
565582,2013J,208.0,11,1.0,189.0,16.61185680660673,0.9591324981908782,0.7467070380717318,0.2859948363016298
565599,2014J,201.0,5,0.8,182.0,9.411359574610687,0.9289967317396159,0.5971718162926833,0.10975532086963978
565607,2013J,208.0,11,1.0,189.0,16.61185680660673,0.9591324981908782,0.7467070380717318,0.2859948363016298
565715,2013J,208.0,11,1.0,189.0,16.61185680660673,0.9591324981908782,0.7467070380717318,0.2859948363016298
565869,2014B,194.0,10,1.0,182.0,15.871461755491081,0.9572673649561123,0.7366017948547608,0.2697724508753238
565870,2013B,187.0,10,1.0,140.0,17.103678732855553,0.9602840005021556,0.7530049850902727,0.29647685259201884
565888,2013J,208.0,11,1.0,189.0,16.61185680660673,0.9591324981908782,0.7467070380717318,0.2859948363016298
565919,2013J,208.0,10,1.0,189.0,15.674901714636082,0.9567432660170225,0.7337834276067934,0.2653764771134667
565988,2014B,12.0,1,1.0,0.0,13.014016992892225,0.9481319623363588,0.6887815585935024,0.2023315543159954
566133,2013J,208.0,11,1.0,189.0,16.61185680660673,0.9591324981908782,0.7467070380717318,0.2859948363016298
566181,2014B,194.0,10,0.7,182.0,11.201346452381124,0.9399950197338158,0.6484535444289066,0.15623077207950545
566339,2013J,208.0,9,1.0,189.0,14.7907935051416,0.9542177149466892,0.7203313634239693,0.2451456819031239
566346,2013J,208.0,11,1.0,189.0,16.61185680660673,0.9591324981908782,0.7467070380717318,0.2859948363016298
566358,2013J,208.0,9,1.0,189.0,14.7907935051416,0.9542177149466892,0.7203313634239693,0.2451456819031239
566369,2013J,208.0,11,1.0,189.0,16.61185680660673,0.9591324981908782,0.7467070380717318,0.2859948363016298
566392,2013J,208.0,11,1.0,189.0,16.61185680660673,0.9591324981908782,0.7467070380717318,0.2859948363016298
566407,2013J,208.0,9,1.0,189.0,14.7907935051416,0.9542177149466892,0.7203313634239693,0.2451456819031239
566415,2013J,166.0,7,1.0,147.0,14.191796411917649,0.9523321592602285,0.7104264980545231,0.23102208943808172
566669,2014B,194.0,9,1.0,182.0,14.97626701104141,0.9547716843809574,0.7232637765324275,0.2494513853872069
566720,2013J,208.0,10,1.0,189.0,15.674901714636082,0.9567432660170225,0.7337834276067934,0.2653764771134667
566813,2013J,208.0,10,1.0,189.0,15.674901714636082,0.9567432660170225,0.7337834276067934,0.2653764771134667
566814,2013J,208.0,11,1.0,189.0,16.61185680660673,0.9591324981908782,0.7467070380717318,0.2859948363016298
567013,2013J,96.0,4,0.75,49.0,10.61804289364077,0.9368050029513557,0.6332051082147185,0.14108344046079863
567033,2013J,208.0,11,1.0,189.0,16.61185680660673,0.9591324981908782,0.7467070380717318,0.2859948363016298
567048,2014B,194.0,11,1.0,182.0,16.820166071444753,0.9596282638177619,0.7494129870007343,0.29046306865897914
567059,2014B,152.0,9,1.0,140.0,16.138983511439626,0.9579606022573045,0.7403439614947853,0.2756953560030644
567160,2013J,166.0,8,1.0,147.0,15.040100034768518,0.9549592523886019,0.7242589755840351,0.2509257470685547
567262,2013J,208.0,8,1.0,189.0,13.956551466442034,0.9515484770924864,0.7063442752943645,0.22538632162984673
567363,2013J,208.0,11,1.0,189.0,16.61185680660673,0.9591324981908782,0.7467070380717318,0.2859948363016298
567402,2013J,208.0,11,1.0,189.0,16.61185680660673,0.9591324981908782,0.7467070380717318,0.2859948363016298
567429,2013J,166.0,9,1.0,147.0,15.939110348700272,0.9574448152526764,0.7375581425470185,0.2712767358407156
567500,2013J,208.0,11,1.0,189.0,16.61185680660673,0.9591324981908782,0.7467070380717318,0.2859948363016298
567627,2013J,208.0,10,1.0,189.0,15.674901714636082,0.9567432660170225,0.7337834276067934,0.2653764771134667
567754,2013J,208.0,11,1.0,189.0,16.61185680660673,0.9591324981908782,0.7467070380717318,0.2859948363016298
567757,2014B,194.0,10,1.0,182.0,15.871461755491081,0.9572673649561123,0.7366017948547608,0.2697724508753238
567889,2014B,194.0,11,1.0,182.0,16.820166071444753,0.9596282638177619,0.7494129870007343,0.29046306865897914
567915,2013J,166.0,9,1.0,147.0,15.939110348700272,0.9574448152526764,0.7375581425470185,0.2712767358407156
567929,2013J,208.0,9,1.0,189.0,14.7907935051416,0.9542177149466892,0.7203313634239693,0.2451456819031239
567958,2013J,208.0,10,1.0,189.0,15.674901714636082,0.9567432660170225,0.7337834276067934,0.2653764771134667
567963,2014B,194.0,11,1.0,182.0,16.820166071444753,0.9596282638177619,0.7494129870007343,0.29046306865897914
567979,2013J,208.0,10,1.0,189.0,15.674901714636082,0.9567432660170225,0.7337834276067934,0.2653764771134667
568019,2014J,201.0,5,0.8,182.0,9.411359574610687,0.9289967317396159,0.5971718162926833,0.10975532086963978
568042,2014B,12.0,1,1.0,0.0,13.014016992892225,0.9481319623363588,0.6887815585935024,0.2023315543159954
568074,2013J,166.0,9,1.0,147.0,15.939110348700272,0.9574448152526764,0.7375581425470185,0.2712767358407156
568232,2014J,201.0,5,1.0,182.0,11.872718327576681,0.9432900076436247,0.6645331303399441,0.17352298832526095
568370,2013J,131.0,12,1.0,112.0,20.191316554091635,0.9662535800622643,0.7863896921766929,0.35705365323198496
568474,2013J,208.0,10,1.0,189.0,15.674901714636082,0.9567432660170225,0.7337834276067934,0.2653764771134667
568502,2013J,208.0,11,1.0,189.0,16.61185680660673,0.9591324981908782,0.7467070380717318,0.2859948363016298
568533,2013J,208.0,11,1.0,189.0,16.61185680660673,0.9591324981908782,0.7467070380717318,0.2859948363016298
568559,2014B,194.0,11,1.0,182.0,16.820166071444753,0.9596282638177619,0.7494129870007343,0.29046306865897914
568609,2013J,96.0,5,1.0,77.0,14.313033017381674,0.9527262248120363,0.7124868260819801,0.23390720209740792
568749,2014J,201.0,5,1.0,182.0,11.872718327576681,0.9432900076436247,0.6645331303399441,0.17352298832526095
568775,2014J,54.0,5,1.0,35.0,15.424257840482431,0.9560560190382613,0.7301017344496361,0.25971689416417404
568968,2014B,194.0,9,1.0,154.0,15.741712514171954,0.9569228433410795,0.7347480705128686,0.2668748579091087
569035,2013J,208.0,11,1.0,189.0,16.61185680660673,0.9591324981908782,0.7467070380717318,0.2859948363016298
569074,2014B,82.0,5,1.0,70.0,14.492515505111,0.953297796167274,0.7154843243067773,0.23815388506135335
569141,2013J,208.0,10,1.0,189.0,15.674901714636082,0.9567432660170225,0.7337834276067934,0.2653764771134667
569225,2014B,194.0,11,1.0,182.0,16.820166071444753,0.9596282638177619,0.7494129870007343,0.29046306865897914
569334,2013J,166.0,6,0.8333333333333334,147.0,11.034242432306893,0.9391145353030388,0.6442136716144239,0.15189968524351474
569589,2014J,201.0,5,1.0,182.0,11.872718327576681,0.9432900076436247,0.6645331303399441,0.17352298832526095
569663,2014B,194.0,11,1.0,182.0,16.820166071444753,0.9596282638177619,0.7494129870007343,0.29046306865897914
569664,2014B,194.0,11,1.0,182.0,16.820166071444753,0.9596282638177619,0.7494129870007343,0.29046306865897914
569761,2014B,194.0,11,1.0,182.0,16.820166071444753,0.9596282638177619,0.7494129870007343,0.29046306865897914
569854,2013J,208.0,11,1.0,189.0,16.61185680660673,0.9591324981908782,0.7467070380717318,0.2859948363016298
569862,2013J,208.0,11,1.0,189.0,16.61185680660673,0.9591324981908782,0.7467070380717318,0.2859948363016298
569864,2014B,194.0,11,0.9090909090909091,182.0,15.134484885402992,0.9552337614209082,0.7257175824849951,0.2530986961619158
569930,2013J,208.0,11,1.0,189.0,16.61185680660673,0.9591324981908782,0.7467070380717318,0.2859948363016298
569970,2014B,194.0,11,1.0,182.0,16.820166071444753,0.9596282638177619,0.7494129870007343,0.29046306865897914
569981,2014J,201.0,5,1.0,182.0,11.872718327576681,0.9432900076436247,0.6645331303399441,0.17352298832526095
570031,2014B,194.0,10,1.0,182.0,15.871461755491081,0.9572673649561123,0.7366017948547608,0.2697724508753238
570137,2013J,208.0,11,1.0,189.0,16.61185680660673,0.9591324981908782,0.7467070380717318,0.2859948363016298
570157,2013J,208.0,11,1.0,189.0,16.61185680660673,0.9591324981908782,0.7467070380717318,0.2859948363016298
570168,2013J,208.0,11,0.9090909090909091,189.0,14.947051931008295,0.9546853162919468,0.7228059186680567,0.2487753157766856
570186,2014B,82.0,4,1.0,70.0,13.675097178185805,0.9505763260111401,0.7013082668595051,0.2185796978319925
570239,2014B,194.0,9,1.0,182.0,14.97626701104141,0.9547716843809574,0.7232637765324275,0.2494513853872069
570271,2013J,208.0,11,1.0,189.0,16.61185680660673,0.9591324981908782,0.7467070380717318,0.2859948363016298
570275,2014J,201.0,5,1.0,182.0,11.872718327576681,0.9432900076436247,0.6645331303399441,0.17352298832526095
570287,2013J,208.0,10,1.0,189.0,15.674901714636082,0.9567432660170225,0.7337834276067934,0.2653764771134667
570351,2013J,208.0,8,1.0,189.0,13.956551466442034,0.9515484770924864,0.7063442752943645,0.22538632162984673
570437,2014B,194.0,11,1.0,182.0,16.820166071444753,0.9596282638177619,0.7494129870007343,0.29046306865897914
570484,2014J,201.0,5,1.0,182.0,11.872718327576681,0.9432900076436247,0.6645331303399441,0.17352298832526095
570519,2013J,19.0,1,0.0,0.0,4.073074741435078,0.8435147679614741,0.3038427186416507,0.0060643005081270065
570623,2013J,208.0,11,1.0,189.0,16.61185680660673,0.9591324981908782,0.7467070380717318,0.2859948363016298
570627,2014B,194.0,11,1.0,182.0,16.820166071444753,0.9596282638177619,0.7494129870007343,0.29046306865897914
570692,2014J,19.0,1,1.0,0.0,13.014016992892225,0.9481319623363588,0.6887815585935024,0.2023315543159954
570759,2013J,208.0,11,1.0,189.0,16.61185680660673,0.9591324981908782,0.7467070380717318,0.2859948363016298
570783,2013J,208.0,11,1.0,189.0,16.61185680660673,0.9591324981908782,0.7467070380717318,0.2859948363016298
570864,2013J,208.0,8,1.0,189.0,13.956551466442034,0.9515484770924864,0.7063442752943645,0.22538632162984673
571083,2013J,208.0,11,1.0,189.0,16.61185680660673,0.9591324981908782,0.7467070380717318,0.2859948363016298
571223,2014B,194.0,10,1.0,182.0,15.871461755491081,0.9572673649561123,0.7366017948547608,0.2697724508753238
571334,2014J,201.0,5,1.0,182.0,11.872718327576681,0.9432900076436247,0.6645331303399441,0.17352298832526095
571395,2014J,201.0,5,0.8,182.0,9.411359574610687,0.9289967317396159,0.5971718162926833,0.10975532086963978
571441,2013J,208.0,10,1.0,189.0,15.674901714636082,0.9567432660170225,0.7337834276067934,0.2653764771134667
571503,2013J,208.0,11,1.0,189.0,16.61185680660673,0.9591324981908782,0.7467070380717318,0.2859948363016298
571516,2013J,208.0,11,1.0,189.0,16.61185680660673,0.9591324981908782,0.7467070380717318,0.2859948363016298
571540,2014B,194.0,10,1.0,182.0,15.871461755491081,0.9572673649561123,0.7366017948547608,0.2697724508753238
571554,2013J,208.0,11,1.0,189.0,16.61185680660673,0.9591324981908782,0.7467070380717318,0.2859948363016298
571614,2014B,194.0,11,0.9090909090909091,182.0,15.134484885402992,0.9552337614209082,0.7257175824849951,0.2530986961619158
571641,2014J,201.0,5,1.0,182.0,11.872718327576681,0.9432900076436247,0.6645331303399441,0.17352298832526095
571681,2013J,208.0,10,1.0,189.0,15.674901714636082,0.9567432660170225,0.7337834276067934,0.2653764771134667
571693,2013J,208.0,11,1.0,189.0,16.61185680660673,0.9591324981908782,0.7467070380717318,0.2859948363016298
571779,2013J,208.0,11,1.0,189.0,16.61185680660673,0.9591324981908782,0.7467070380717318,0.2859948363016298
571871,2013J,208.0,11,0.9090909090909091,189.0,14.947051931008295,0.9546853162919468,0.7228059186680567,0.2487753157766856
571880,2014B,194.0,11,1.0,182.0,16.820166071444753,0.9596282638177619,0.7494129870007343,0.29046306865897914
571885,2013J,166.0,8,1.0,147.0,15.040100034768518,0.9549592523886019,0.7242589755840351,0.2509257470685547
571897,2014B,194.0,10,0.9,182.0,14.130841592482957,0.9521315408374345,0.7093795500889342,0.22956652605310982
571907,2013J,208.0,11,1.0,189.0,16.61185680660673,0.9591324981908782,0.7467070380717318,0.2859948363016298
571954,2014B,194.0,11,1.0,182.0,16.820166071444753,0.9596282638177619,0.7494129870007343,0.29046306865897914
572032,2014J,201.0,5,0.8,182.0,9.411359574610687,0.9289967317396159,0.5971718162926833,0.10975532086963978
572051,2013J,208.0,11,1.0,189.0,16.61185680660673,0.9591324981908782,0.7467070380717318,0.2859948363016298
572067,2013J,208.0,11,1.0,189.0,16.61185680660673,0.9591324981908782,0.7467070380717318,0.2859948363016298
572101,2014J,201.0,5,1.0,182.0,11.872718327576681,0.9432900076436247,0.6645331303399441,0.17352298832526095
572103,2013J,208.0,11,1.0,189.0,16.61185680660673,0.9591324981908782,0.7467070380717318,0.2859948363016298
572106,2014J,110.0,3,1.0,91.0,12.430275864473238,0.9457634296463958,0.6768269112364681,0.18770485552034183
572119,2014J,201.0,5,1.0,182.0,11.872718327576681,0.9432900076436247,0.6645331303399441,0.17352298832526095
572131,2013J,19.0,1,1.0,0.0,13.014016992892225,0.9481319623363588,0.6887815585935024,0.2023315543159954
572163,2013J,131.0,5,1.0,112.0,13.448417102127598,0.9497645453403545,0.6971266308941054,0.21304855883469448
572187,2014B,194.0,9,0.8888888888888888,182.0,13.162829087910003,0.9487030498025707,0.6916909237653851,0.2060197716063296
572277,2013J,96.0,3,1.0,77.0,12.743976682255656,0.9470625099311235,0.6833615134338469,0.19559572293900107
572290,2014B,194.0,11,1.0,182.0,16.820166071444753,0.9596282638177619,0.7494129870007343,0.29046306865897914
572302,2013J,131.0,6,1.0,112.0,14.252285803327695,0.9525295906692174,0.7114581070042489,0.2324632375937027
572306,2014J,201.0,5,0.8,182.0,9.411359574610687,0.9289967317396159,0.5971718162926833,0.10975532086963978
572371,2014J,152.0,4,0.75,133.0,9.14322208225247,0.9269923675910531,0.588210955065259,0.10286905532938674
572395,2014J,201.0,5,1.0,182.0,11.872718327576681,0.9432900076436247,0.6645331303399441,0.17352298832526095
572416,2013J,208.0,11,0.9090909090909091,189.0,14.947051931008295,0.9546853162919468,0.7228059186680567,0.2487753157766856
572436,2013J,208.0,11,1.0,189.0,16.61185680660673,0.9591324981908782,0.7467070380717318,0.2859948363016298
572447,2013J,166.0,7,1.0,147.0,14.191796411917649,0.9523321592602285,0.7104264980545231,0.23102208943808172
572495,2013J,96.0,4,1.0,77.0,13.505738003747421,0.9499723295010419,0.6981949260188494,0.2144512906576205
572496,2014J,201.0,5,0.8,182.0,9.411359574610687,0.9289967317396159,0.5971718162926833,0.10975532086963978
572504,2013J,208.0,11,1.0,189.0,16.61185680660673,0.9591324981908782,0.7467070380717318,0.2859948363016298
572508,2013J,208.0,11,1.0,189.0,16.61185680660673,0.9591324981908782,0.7467070380717318,0.2859948363016298
572514,2013J,208.0,11,0.8181818181818182,189.0,13.449090250970881,0.9497669954696338,0.697139219745921,0.21306504763839054
572538,2014J,201.0,5,0.8,182.0,9.411359574610687,0.9289967317396159,0.5971718162926833,0.10975532086963978
572733,2013J,208.0,11,1.0,189.0,16.61185680660673,0.9591324981908782,0.7467070380717318,0.2859948363016298
572739,2013J,131.0,4,1.0,112.0,12.689888839484961,0.94684298156694,0.6822534654793591,0.19424011654849965
572752,2013J,208.0,11,1.0,189.0,16.61185680660673,0.9591324981908782,0.7467070380717318,0.2859948363016298
572765,2013J,208.0,11,0.8181818181818182,189.0,13.449090250970881,0.9497669954696338,0.697139219745921,0.21306504763839054
572898,2013J,208.0,10,1.0,189.0,15.674901714636082,0.9567432660170225,0.7337834276067934,0.2653764771134667
572918,2013J,131.0,6,0.8333333333333334,112.0,11.74364797403679,0.9426849389536927,0.6615550357654936,0.17021469682936938
572937,2013J,96.0,3,0.6666666666666666,77.0,8.652507242936826,0.9230153611865962,0.5707717916249753,0.09042069974080436
573043,2013J,208.0,11,1.0,189.0,16.61185680660673,0.9591324981908782,0.7467070380717318,0.2859948363016298
573063,2013J,208.0,11,1.0,189.0,16.61185680660673,0.9591324981908782,0.7467070380717318,0.2859948363016298
573108,2014B,82.0,4,1.0,70.0,13.675097178185805,0.9505763260111401,0.7013082668595051,0.2185796978319925
573130,2014J,201.0,5,0.8,182.0,9.411359574610687,0.9289967317396159,0.5971718162926833,0.10975532086963978
573131,2014J,201.0,5,1.0,182.0,11.872718327576681,0.9432900076436247,0.6645331303399441,0.17352298832526095
573159,2013J,96.0,5,1.0,77.0,14.313033017381674,0.9527262248120363,0.7124868260819801,0.23390720209740792
573208,2013J,208.0,5,1.0,189.0,11.725680705240418,0.9425996852280017,0.6611363453771454,0.16975349002145
573217,2013J,54.0,3,1.0,35.0,13.733384253463113,0.9507808401984322,0.7023651422057456,0.21999491462114137
573225,2013J,208.0,11,1.0,189.0,16.61185680660673,0.9591324981908782,0.7467070380717318,0.2859948363016298
573252,2014J,19.0,1,0.0,0.0,4.073074741435078,0.8435147679614741,0.3038427186416507,0.0060643005081270065
573297,2014J,201.0,5,0.8,182.0,9.411359574610687,0.9289967317396159,0.5971718162926833,0.10975532086963978
573323,2014B,194.0,10,1.0,182.0,15.871461755491081,0.9572673649561123,0.7366017948547608,0.2697724508753238
573411,2013J,208.0,11,1.0,189.0,16.61185680660673,0.9591324981908782,0.7467070380717318,0.2859948363016298
573433,2013J,208.0,10,1.0,189.0,15.674901714636082,0.9567432660170225,0.7337834276067934,0.2653764771134667
573441,2013J,54.0,3,1.0,35.0,13.733384253463113,0.9507808401984322,0.7023651422057456,0.21999491462114137
573453,2013J,208.0,10,1.0,189.0,15.674901714636082,0.9567432660170225,0.7337834276067934,0.2653764771134667
573487,2013J,19.0,1,1.0,0.0,13.014016992892225,0.9481319623363588,0.6887815585935024,0.2023315543159954
573488,2014B,194.0,11,1.0,182.0,16.820166071444753,0.9596282638177619,0.7494129870007343,0.29046306865897914
573496,2014B,194.0,10,0.9,182.0,14.130841592482957,0.9521315408374345,0.7093795500889342,0.22956652605310982
573519,2013J,208.0,11,1.0,189.0,16.61185680660673,0.9591324981908782,0.7467070380717318,0.2859948363016298
573534,2014J,152.0,4,0.75,133.0,9.14322208225247,0.9269923675910531,0.588210955065259,0.10286905532938674
573578,2013J,208.0,11,1.0,189.0,16.61185680660673,0.9591324981908782,0.7467070380717318,0.2859948363016298
573654,2013J,208.0,11,1.0,189.0,16.61185680660673,0.9591324981908782,0.7467070380717318,0.2859948363016298
573694,2013J,54.0,2,1.0,35.0,12.9587830480666,0.9479167459046037,0.6876878781159758,0.2009582626927773
573713,2014J,201.0,5,0.8,182.0,9.411359574610687,0.9289967317396159,0.5971718162926833,0.10975532086963978
573777,2013J,208.0,11,1.0,189.0,16.61185680660673,0.9591324981908782,0.7467070380717318,0.2859948363016298
573790,2013J,208.0,11,1.0,189.0,16.61185680660673,0.9591324981908782,0.7467070380717318,0.2859948363016298
573806,2014B,194.0,11,1.0,182.0,16.820166071444753,0.9596282638177619,0.7494129870007343,0.29046306865897914
573821,2013J,208.0,11,1.0,189.0,16.61185680660673,0.9591324981908782,0.7467070380717318,0.2859948363016298
573824,2014B,82.0,4,1.0,70.0,13.675097178185805,0.9505763260111401,0.7013082668595051,0.2185796978319925
573831,2013J,208.0,9,0.8888888888888888,189.0,12.99981409514213,0.9480767914372378,0.6885010507480218,0.20197864773330285
573851,2014B,194.0,10,1.0,182.0,15.871461755491081,0.9572673649561123,0.7366017948547608,0.2697724508753238
573853,2014B,194.0,11,0.9090909090909091,182.0,15.134484885402992,0.9552337614209082,0.7257175824849951,0.2530986961619158
573893,2013J,208.0,11,1.0,189.0,16.61185680660673,0.9591324981908782,0.7467070380717318,0.2859948363016298
573934,2014J,201.0,5,1.0,182.0,11.872718327576681,0.9432900076436247,0.6645331303399441,0.17352298832526095
573986,2013J,208.0,11,1.0,189.0,16.61185680660673,0.9591324981908782,0.7467070380717318,0.2859948363016298
574002,2013J,166.0,8,0.875,147.0,13.007373204598501,0.9481061692593108,0.688650405519123,0.2021664919983148
574031,2014J,201.0,5,1.0,182.0,11.872718327576681,0.9432900076436247,0.6645331303399441,0.17352298832526095
574051,2013J,54.0,3,0.6666666666666666,35.0,9.324264292524726,0.9283578537015702,0.5943029836354272,0.10751336974368794
574063,2014J,201.0,5,1.0,182.0,11.872718327576681,0.9432900076436247,0.6645331303399441,0.17352298832526095
574065,2013J,208.0,11,1.0,189.0,16.61185680660673,0.9591324981908782,0.7467070380717318,0.2859948363016298
574125,2013J,208.0,11,1.0,189.0,16.61185680660673,0.9591324981908782,0.7467070380717318,0.2859948363016298
574194,2013J,208.0,10,1.0,189.0,15.674901714636082,0.9567432660170225,0.7337834276067934,0.2653764771134667
574212,2013J,208.0,11,1.0,189.0,16.61185680660673,0.9591324981908782,0.7467070380717318,0.2859948363016298
574244,2014J,152.0,4,0.75,133.0,9.14322208225247,0.9269923675910531,0.588210955065259,0.10286905532938674
574250,2013J,208.0,11,0.9090909090909091,189.0,14.947051931008295,0.9546853162919468,0.7228059186680567,0.2487753157766856
574253,2014J,201.0,5,0.8,182.0,9.411359574610687,0.9289967317396159,0.5971718162926833,0.10975532086963978
574320,2013J,208.0,11,1.0,189.0,16.61185680660673,0.9591324981908782,0.7467070380717318,0.2859948363016298
574348,2013J,208.0,10,1.0,189.0,15.674901714636082,0.9567432660170225,0.7337834276067934,0.2653764771134667
574512,2014J,201.0,5,0.8,182.0,9.411359574610687,0.9289967317396159,0.5971718162926833,0.10975532086963978
574549,2013J,208.0,11,1.0,189.0,16.61185680660673,0.9591324981908782,0.7467070380717318,0.2859948363016298
574569,2014B,194.0,11,1.0,182.0,16.820166071444753,0.9596282638177619,0.7494129870007343,0.29046306865897914
574648,2013J,208.0,11,1.0,189.0,16.61185680660673,0.9591324981908782,0.7467070380717318,0.2859948363016298
574708,2013J,208.0,9,1.0,189.0,14.7907935051416,0.9542177149466892,0.7203313634239693,0.2451456819031239
574766,2013J,131.0,7,1.0,112.0,15.104205132632336,0.9551460609362947,0.7252513114923546,0.25240250990260077
574841,2014J,201.0,5,0.8,182.0,9.411359574610687,0.9289967317396159,0.5971718162926833,0.10975532086963978
574849,2014J,201.0,5,0.8,182.0,9.411359574610687,0.9289967317396159,0.5971718162926833,0.10975532086963978
574865,2014J,201.0,5,0.8,182.0,9.411359574610687,0.9289967317396159,0.5971718162926833,0.10975532086963978
574935,2014B,12.0,1,1.0,0.0,13.014016992892225,0.9481319623363588,0.6887815585935024,0.2023315543159954
574944,2014B,47.0,3,1.0,35.0,13.733384253463113,0.9507808401984322,0.7023651422057456,0.21999491462114137
574973,2013J,208.0,11,1.0,189.0,16.61185680660673,0.9591324981908782,0.7467070380717318,0.2859948363016298
575018,2013J,208.0,11,1.0,189.0,16.61185680660673,0.9591324981908782,0.7467070380717318,0.2859948363016298
575089,2013J,131.0,5,0.8,112.0,10.660396849766773,0.9370480034235323,0.6343557452250972,0.14218546067707005
575100,2013J,208.0,9,0.7777777777777778,189.0,11.425699807756065,0.9411378833882579,0.6539925291565444,0.16203083105441715
575124,2013J,208.0,11,1.0,189.0,16.61185680660673,0.9591324981908782,0.7467070380717318,0.2859948363016298
575251,2014B,82.0,3,1.0,70.0,12.903783526529546,0.9477006613251653,0.6865912837805365,0.19958849829243266
575281,2013J,166.0,9,1.0,147.0,15.939110348700272,0.9574448152526764,0.7375581425470185,0.2712767358407156
575290,2013J,208.0,10,1.0,189.0,15.674901714636082,0.9567432660170225,0.7337834276067934,0.2653764771134667
575387,2013J,208.0,11,1.0,189.0,16.61185680660673,0.9591324981908782,0.7467070380717318,0.2859948363016298
575404,2014J,201.0,4,0.75,182.0,8.379431684429786,0.9206088166235349,0.5604358500967154,0.08360916647024216
575520,2013J,208.0,5,1.0,154.0,12.47953969681903,0.9459716411107669,0.677870632719288,0.18894852757003097
575560,2013J,208.0,11,1.0,189.0,16.61185680660673,0.9591324981908782,0.7467070380717318,0.2859948363016298
575602,2014B,194.0,11,1.0,182.0,16.820166071444753,0.9596282638177619,0.7494129870007343,0.29046306865897914
575630,2014J,201.0,5,1.0,182.0,11.872718327576681,0.9432900076436247,0.6645331303399441,0.17352298832526095
575680,2014B,194.0,11,1.0,182.0,16.820166071444753,0.9596282638177619,0.7494129870007343,0.29046306865897914
575681,2013J,208.0,11,1.0,189.0,16.61185680660673,0.9591324981908782,0.7467070380717318,0.2859948363016298
575927,2013J,19.0,1,1.0,0.0,13.014016992892225,0.9481319623363588,0.6887815585935024,0.2023315543159954
575929,2013J,208.0,9,1.0,189.0,14.7907935051416,0.9542177149466892,0.7203313634239693,0.2451456819031239
575930,2013J,208.0,10,1.0,189.0,15.674901714636082,0.9567432660170225,0.7337834276067934,0.2653764771134667
575980,2014B,12.0,1,1.0,0.0,13.014016992892225,0.9481319623363588,0.6887815585935024,0.2023315543159954
575982,2013J,131.0,6,1.0,112.0,14.252285803327695,0.9525295906692174,0.7114581070042489,0.2324632375937027
575990,2014B,12.0,1,1.0,0.0,13.014016992892225,0.9481319623363588,0.6887815585935024,0.2023315543159954
576158,2013J,208.0,10,1.0,189.0,15.674901714636082,0.9567432660170225,0.7337834276067934,0.2653764771134667
576203,2014J,19.0,1,1.0,0.0,13.014016992892225,0.9481319623363588,0.6887815585935024,0.2023315543159954
576226,2013J,96.0,4,1.0,77.0,13.505738003747421,0.9499723295010419,0.6981949260188494,0.2144512906576205
576262,2014J,152.0,3,1.0,133.0,11.534749399508433,0.9416778119904795,0.656623411576468,0.16484285514949046
576268,2014J,201.0,5,1.0,182.0,11.872718327576681,0.9432900076436247,0.6645331303399441,0.17352298832526095
576375,2014B,194.0,11,1.0,182.0,16.820166071444753,0.9596282638177619,0.7494129870007343,0.29046306865897914
576483,2013J,208.0,11,1.0,189.0,16.61185680660673,0.9591324981908782,0.7467070380717318,0.2859948363016298
576524,2013J,166.0,8,1.0,147.0,15.040100034768518,0.9549592523886019,0.7242589755840351,0.2509257470685547
576600,2013J,208.0,11,1.0,189.0,16.61185680660673,0.9591324981908782,0.7467070380717318,0.2859948363016298
576689,2014J,201.0,5,0.8,182.0,9.411359574610687,0.9289967317396159,0.5971718162926833,0.10975532086963978
576714,2013J,54.0,3,1.0,35.0,13.733384253463113,0.9507808401984322,0.7023651422057456,0.21999491462114137
576738,2014B,194.0,11,1.0,182.0,16.820166071444753,0.9596282638177619,0.7494129870007343,0.29046306865897914
576815,2013J,19.0,1,1.0,0.0,13.014016992892225,0.9481319623363588,0.6887815585935024,0.2023315543159954
576841,2013J,208.0,11,1.0,189.0,16.61185680660673,0.9591324981908782,0.7467070380717318,0.2859948363016298
576882,2013J,208.0,11,1.0,189.0,16.61185680660673,0.9591324981908782,0.7467070380717318,0.2859948363016298
576913,2014J,152.0,4,1.0,133.0,12.224230098094477,0.9448749135351181,0.6723884276206926,0.18248600271117035
576923,2014J,201.0,5,0.8,182.0,9.411359574610687,0.9289967317396159,0.5971718162926833,0.10975532086963978
576935,2013J,208.0,10,1.0,189.0,15.674901714636082,0.9567432660170225,0.7337834276067934,0.2653764771134667
576940,2013J,208.0,10,1.0,189.0,15.674901714636082,0.9567432660170225,0.7337834276067934,0.2653764771134667
576946,2013J,166.0,9,1.0,147.0,15.939110348700272,0.9574448152526764,0.7375581425470185,0.2712767358407156
576947,2013J,19.0,1,1.0,0.0,13.014016992892225,0.9481319623363588,0.6887815585935024,0.2023315543159954
576981,2013J,208.0,7,1.0,189.0,13.1693630073149,0.9487278366442666,0.6918174367362007,0.20618131365665326
576983,2013J,54.0,3,1.0,35.0,13.733384253463113,0.9507808401984322,0.7023651422057456,0.21999491462114137
577069,2013J,208.0,11,1.0,189.0,16.61185680660673,0.9591324981908782,0.7467070380717318,0.2859948363016298
577096,2013J,208.0,11,1.0,189.0,16.61185680660673,0.9591324981908782,0.7467070380717318,0.2859948363016298
577099,2013J,208.0,10,1.0,189.0,15.674901714636082,0.9567432660170225,0.7337834276067934,0.2653764771134667
577256,2013J,208.0,10,1.0,189.0,15.674901714636082,0.9567432660170225,0.7337834276067934,0.2653764771134667
577280,2013J,208.0,9,1.0,189.0,14.7907935051416,0.9542177149466892,0.7203313634239693,0.2451456819031239
577286,2013J,208.0,11,1.0,189.0,16.61185680660673,0.9591324981908782,0.7467070380717318,0.2859948363016298
577304,2014B,82.0,2,1.0,35.0,12.9587830480666,0.9479167459046037,0.6876878781159758,0.2009582626927773
577347,2013J,208.0,9,1.0,189.0,14.7907935051416,0.9542177149466892,0.7203313634239693,0.2451456819031239
577354,2014J,19.0,1,1.0,0.0,13.014016992892225,0.9481319623363588,0.6887815585935024,0.2023315543159954
577376,2013J,208.0,10,1.0,189.0,15.674901714636082,0.9567432660170225,0.7337834276067934,0.2653764771134667
577467,2014J,201.0,5,1.0,182.0,11.872718327576681,0.9432900076436247,0.6645331303399441,0.17352298832526095
577498,2013J,208.0,11,0.9090909090909091,189.0,14.947051931008295,0.9546853162919468,0.7228059186680567,0.2487753157766856
577527,2014B,194.0,11,1.0,182.0,16.820166071444753,0.9596282638177619,0.7494129870007343,0.29046306865897914
577618,2014J,201.0,5,0.8,182.0,9.411359574610687,0.9289967317396159,0.5971718162926833,0.10975532086963978
577645,2014J,201.0,5,1.0,182.0,11.872718327576681,0.9432900076436247,0.6645331303399441,0.17352298832526095
577648,2013J,208.0,11,1.0,189.0,16.61185680660673,0.9591324981908782,0.7467070380717318,0.2859948363016298
577659,2013J,47.0,2,1.0,28.0,13.121283519950303,0.9485448817778594,0.690884095136094,0.204991828608527
577676,2014B,194.0,11,1.0,182.0,16.820166071444753,0.9596282638177619,0.7494129870007343,0.29046306865897914
577680,2013J,208.0,9,1.0,189.0,14.7907935051416,0.9542177149466892,0.7203313634239693,0.2451456819031239
577692,2013J,54.0,3,0.6666666666666666,35.0,9.324264292524726,0.9283578537015702,0.5943029836354272,0.10751336974368794
577728,2014J,201.0,5,0.6,182.0,7.460270394597564,0.9112738674779399,0.5218460657031242,0.06158394229354896
577743,2014J,201.0,5,0.8,182.0,9.411359574610687,0.9289967317396159,0.5971718162926833,0.10975532086963978
577824,2013J,208.0,10,1.0,161.0,16.47605483381028,0.9588026880087812,0.7449115366638879,0.2830592080862646
577905,2013J,19.0,1,1.0,0.0,13.014016992892225,0.9481319623363588,0.6887815585935024,0.2023315543159954
577914,2013J,208.0,11,1.0,189.0,16.61185680660673,0.9591324981908782,0.7467070380717318,0.2859948363016298
577915,2013J,208.0,11,1.0,189.0,16.61185680660673,0.9591324981908782,0.7467070380717318,0.2859948363016298
577965,2014J,201.0,5,1.0,182.0,11.872718327576681,0.9432900076436247,0.6645331303399441,0.17352298832526095
577980,2013J,166.0,9,0.8888888888888888,147.0,14.009084184903971,0.9517257077423333,0.7072657110424155,0.22664910855004708
578003,2014B,82.0,4,1.0,70.0,13.675097178185805,0.9505763260111401,0.7013082668595051,0.2185796978319925
578030,2013J,208.0,11,1.0,189.0,16.61185680660673,0.9591324981908782,0.7467070380717318,0.2859948363016298
578057,2013J,96.0,4,1.0,77.0,13.505738003747421,0.9499723295010419,0.6981949260188494,0.2144512906576205
578062,2013J,47.0,2,1.0,28.0,13.121283519950303,0.9485448817778594,0.690884095136094,0.204991828608527
578109,2013J,208.0,11,1.0,189.0,16.61185680660673,0.9591324981908782,0.7467070380717318,0.2859948363016298
578132,2014J,201.0,5,0.8,182.0,9.411359574610687,0.9289967317396159,0.5971718162926833,0.10975532086963978
578197,2013J,208.0,11,1.0,189.0,16.61185680660673,0.9591324981908782,0.7467070380717318,0.2859948363016298
578282,2014B,82.0,5,1.0,70.0,14.492515505111,0.953297796167274,0.7154843243067773,0.23815388506135335
578362,2013J,131.0,6,1.0,112.0,14.252285803327695,0.9525295906692174,0.7114581070042489,0.2324632375937027
578418,2014J,152.0,4,0.75,133.0,9.14322208225247,0.9269923675910531,0.588210955065259,0.10286905532938674
578439,2014J,201.0,5,0.6,182.0,7.460270394597564,0.9112738674779399,0.5218460657031242,0.06158394229354896
578447,2013J,208.0,9,1.0,189.0,14.7907935051416,0.9542177149466892,0.7203313634239693,0.2451456819031239
578546,2013J,208.0,11,1.0,189.0,16.61185680660673,0.9591324981908782,0.7467070380717318,0.2859948363016298
578551,2014J,201.0,5,0.8,182.0,9.411359574610687,0.9289967317396159,0.5971718162926833,0.10975532086963978
578574,2014B,194.0,10,1.0,182.0,15.871461755491081,0.9572673649561123,0.7366017948547608,0.2697724508753238
578578,2013J,208.0,11,1.0,189.0,16.61185680660673,0.9591324981908782,0.7467070380717318,0.2859948363016298
578600,2013J,208.0,11,1.0,189.0,16.61185680660673,0.9591324981908782,0.7467070380717318,0.2859948363016298
578676,2013J,208.0,11,1.0,189.0,16.61185680660673,0.9591324981908782,0.7467070380717318,0.2859948363016298
578710,2014J,201.0,5,1.0,182.0,11.872718327576681,0.9432900076436247,0.6645331303399441,0.17352298832526095
578717,2013J,208.0,11,1.0,189.0,16.61185680660673,0.9591324981908782,0.7467070380717318,0.2859948363016298
578854,2013J,54.0,3,1.0,35.0,13.733384253463113,0.9507808401984322,0.7023651422057456,0.21999491462114137
578861,2014J,201.0,5,0.8,182.0,9.411359574610687,0.9289967317396159,0.5971718162926833,0.10975532086963978
579161,2014J,201.0,5,1.0,182.0,11.872718327576681,0.9432900076436247,0.6645331303399441,0.17352298832526095
579251,2014J,110.0,3,0.6666666666666666,91.0,8.439520459795823,0.9211511789392633,0.5627511431774405,0.08509957049259294
579255,2014B,117.0,7,0.8571428571428571,105.0,12.955080623450646,0.9479022557098441,0.687614295788642,0.20086612551822425
579279,2013J,208.0,11,1.0,189.0,16.61185680660673,0.9591324981908782,0.7467070380717318,0.2859948363016298
579316,2013J,208.0,9,1.0,154.0,15.741712514171954,0.9569228433410795,0.7347480705128686,0.2668748579091087
579409,2014J,201.0,5,0.8,182.0,9.411359574610687,0.9289967317396159,0.5971718162926833,0.10975532086963978
579537,2014B,194.0,11,1.0,182.0,16.820166071444753,0.9596282638177619,0.7494129870007343,0.29046306865897914
579549,2013J,208.0,10,0.9,189.0,13.955838253564096,0.9515460619600212,0.7063317259452796,0.22536916061903828
579571,2013J,208.0,11,1.0,189.0,16.61185680660673,0.9591324981908782,0.7467070380717318,0.2859948363016298
579575,2013J,208.0,10,1.0,189.0,15.674901714636082,0.9567432660170225,0.7337834276067934,0.2653764771134667
579619,2013J,208.0,11,1.0,189.0,16.61185680660673,0.9591324981908782,0.7467070380717318,0.2859948363016298
579720,2014B,194.0,9,1.0,182.0,14.97626701104141,0.9547716843809574,0.7232637765324275,0.2494513853872069
579762,2013J,208.0,11,1.0,189.0,16.61185680660673,0.9591324981908782,0.7467070380717318,0.2859948363016298
580094,2013J,208.0,11,1.0,189.0,16.61185680660673,0.9591324981908782,0.7467070380717318,0.2859948363016298
580346,2013J,208.0,11,1.0,189.0,16.61185680660673,0.9591324981908782,0.7467070380717318,0.2859948363016298
580360,2013J,208.0,10,1.0,189.0,15.674901714636082,0.9567432660170225,0.7337834276067934,0.2653764771134667
580412,2013J,131.0,5,1.0,112.0,13.448417102127598,0.9497645453403545,0.6971266308941054,0.21304855883469448
580497,2013J,19.0,1,1.0,0.0,13.014016992892225,0.9481319623363588,0.6887815585935024,0.2023315543159954
580540,2013J,208.0,11,1.0,189.0,16.61185680660673,0.9591324981908782,0.7467070380717318,0.2859948363016298
580592,2013J,166.0,7,1.0,147.0,14.191796411917649,0.9523321592602285,0.7104264980545231,0.23102208943808172
580612,2013J,208.0,10,0.9,189.0,13.955838253564096,0.9515460619600212,0.7063317259452796,0.22536916061903828
580646,2013J,208.0,10,1.0,189.0,15.674901714636082,0.9567432660170225,0.7337834276067934,0.2653764771134667
580684,2013J,208.0,10,1.0,189.0,15.674901714636082,0.9567432660170225,0.7337834276067934,0.2653764771134667
580688,2014B,194.0,9,1.0,154.0,15.741712514171954,0.9569228433410795,0.7347480705128686,0.2668748579091087
580880,2013J,208.0,11,1.0,189.0,16.61185680660673,0.9591324981908782,0.7467070380717318,0.2859948363016298
580883,2013J,208.0,11,1.0,189.0,16.61185680660673,0.9591324981908782,0.7467070380717318,0.2859948363016298
580960,2013J,208.0,11,1.0,189.0,16.61185680660673,0.9591324981908782,0.7467070380717318,0.2859948363016298
580975,2013J,131.0,4,1.0,112.0,12.689888839484961,0.94684298156694,0.6822534654793591,0.19424011654849965
581016,2014J,201.0,5,0.8,182.0,9.411359574610687,0.9289967317396159,0.5971718162926833,0.10975532086963978
581038,2013J,96.0,4,1.0,77.0,13.505738003747421,0.9499723295010419,0.6981949260188494,0.2144512906576205
581118,2014J,201.0,5,1.0,182.0,11.872718327576681,0.9432900076436247,0.6645331303399441,0.17352298832526095
581139,2013J,208.0,11,1.0,189.0,16.61185680660673,0.9591324981908782,0.7467070380717318,0.2859948363016298
581178,2014J,201.0,5,1.0,182.0,11.872718327576681,0.9432900076436247,0.6645331303399441,0.17352298832526095
581222,2014B,194.0,11,1.0,182.0,16.820166071444753,0.9596282638177619,0.7494129870007343,0.29046306865897914
581235,2014J,201.0,10,1.0,182.0,15.871461755491081,0.9572673649561123,0.7366017948547608,0.2697724508753238
581305,2013J,208.0,10,1.0,161.0,16.47605483381028,0.9588026880087812,0.7449115366638879,0.2830592080862646
581353,2014B,194.0,11,1.0,182.0,16.820166071444753,0.9596282638177619,0.7494129870007343,0.29046306865897914
581431,2013J,208.0,10,1.0,189.0,15.674901714636082,0.9567432660170225,0.7337834276067934,0.2653764771134667
581459,2014B,47.0,3,1.0,35.0,13.733384253463113,0.9507808401984322,0.7023651422057456,0.21999491462114137
581530,2013J,208.0,8,1.0,189.0,13.956551466442034,0.9515484770924864,0.7063442752943645,0.22538632162984673
581586,2013J,208.0,11,1.0,189.0,16.61185680660673,0.9591324981908782,0.7467070380717318,0.2859948363016298
581625,2013J,19.0,1,1.0,0.0,13.014016992892225,0.9481319623363588,0.6887815585935024,0.2023315543159954
581657,2013J,166.0,8,1.0,147.0,15.040100034768518,0.9549592523886019,0.7242589755840351,0.2509257470685547
581826,2013J,96.0,3,1.0,42.0,13.563303223024676,0.9501792769553784,0.699260313769955,0.2158572459412706
581866,2014J,201.0,5,1.0,182.0,11.872718327576681,0.9432900076436247,0.6645331303399441,0.17352298832526095
581877,2014J,201.0,5,1.0,182.0,11.872718327576681,0.9432900076436247,0.6645331303399441,0.17352298832526095
582040,2014J,201.0,5,1.0,182.0,11.872718327576681,0.9432900076436247,0.6645331303399441,0.17352298832526095
582093,2013J,19.0,1,1.0,0.0,13.014016992892225,0.9481319623363588,0.6887815585935024,0.2023315543159954
582123,2013J,208.0,11,1.0,189.0,16.61185680660673,0.9591324981908782,0.7467070380717318,0.2859948363016298
582184,2013J,131.0,6,1.0,112.0,14.252285803327695,0.9525295906692174,0.7114581070042489,0.2324632375937027
582190,2013J,208.0,11,1.0,189.0,16.61185680660673,0.9591324981908782,0.7467070380717318,0.2859948363016298
582218,2013J,166.0,5,1.0,147.0,12.63603055572936,0.9466225687239788,0.6811425028775445,0.19288818748516023
582243,2013J,96.0,4,1.0,77.0,13.505738003747421,0.9499723295010419,0.6981949260188494,0.2144512906576205
582253,2014J,201.0,5,1.0,182.0,11.872718327576681,0.9432900076436247,0.6645331303399441,0.17352298832526095
582301,2013J,166.0,8,1.0,147.0,15.040100034768518,0.9549592523886019,0.7242589755840351,0.2509257470685547
582305,2013J,208.0,11,1.0,189.0,16.61185680660673,0.9591324981908782,0.7467070380717318,0.2859948363016298
582333,2013J,208.0,11,1.0,189.0,16.61185680660673,0.9591324981908782,0.7467070380717318,0.2859948363016298
582348,2014J,110.0,3,1.0,91.0,12.430275864473238,0.9457634296463958,0.6768269112364681,0.18770485552034183
582390,2013J,166.0,8,1.0,147.0,15.040100034768518,0.9549592523886019,0.7242589755840351,0.2509257470685547
582394,2013J,208.0,11,1.0,189.0,16.61185680660673,0.9591324981908782,0.7467070380717318,0.2859948363016298
582406,2013J,208.0,7,1.0,189.0,13.1693630073149,0.9487278366442666,0.6918174367362007,0.20618131365665326
582446,2013J,208.0,10,1.0,189.0,15.674901714636082,0.9567432660170225,0.7337834276067934,0.2653764771134667
582460,2014J,201.0,5,1.0,182.0,11.872718327576681,0.9432900076436247,0.6645331303399441,0.17352298832526095
582474,2013J,208.0,11,1.0,189.0,16.61185680660673,0.9591324981908782,0.7467070380717318,0.2859948363016298
582574,2013J,208.0,11,1.0,189.0,16.61185680660673,0.9591324981908782,0.7467070380717318,0.2859948363016298
582578,2013J,208.0,11,1.0,189.0,16.61185680660673,0.9591324981908782,0.7467070380717318,0.2859948363016298
582591,2013J,54.0,3,1.0,35.0,13.733384253463113,0.9507808401984322,0.7023651422057456,0.21999491462114137
582636,2013J,208.0,10,0.9,189.0,13.955838253564096,0.9515460619600212,0.7063317259452796,0.22536916061903828
582650,2013J,208.0,10,1.0,189.0,15.674901714636082,0.9567432660170225,0.7337834276067934,0.2653764771134667
582694,2014J,110.0,3,1.0,91.0,12.430275864473238,0.9457634296463958,0.6768269112364681,0.18770485552034183
582709,2014J,201.0,5,1.0,182.0,11.872718327576681,0.9432900076436247,0.6645331303399441,0.17352298832526095
582742,2014B,152.0,7,1.0,140.0,14.36975861757076,0.9529083764359935,0.7134409151339833,0.23525254883637753
582816,2014J,19.0,1,1.0,0.0,13.014016992892225,0.9481319623363588,0.6887815585935024,0.2023315543159954
582833,2013J,208.0,10,1.0,161.0,16.47605483381028,0.9588026880087812,0.7449115366638879,0.2830592080862646
582878,2013J,208.0,11,1.0,189.0,16.61185680660673,0.9591324981908782,0.7467070380717318,0.2859948363016298
582898,2014J,201.0,5,0.8,182.0,9.411359574610687,0.9289967317396159,0.5971718162926833,0.10975532086963978
582933,2014J,54.0,2,0.5,35.0,7.249694803979926,0.9088179022009042,0.5120803526981007,0.056794489458313724
582940,2013J,208.0,11,1.0,189.0,16.61185680660673,0.9591324981908782,0.7467070380717318,0.2859948363016298
582958,2013J,208.0,11,1.0,189.0,16.61185680660673,0.9591324981908782,0.7467070380717318,0.2859948363016298
582964,2014J,201.0,5,0.8,182.0,9.411359574610687,0.9289967317396159,0.5971718162926833,0.10975532086963978
582975,2013J,208.0,10,1.0,189.0,15.674901714636082,0.9567432660170225,0.7337834276067934,0.2653764771134667
583012,2013J,208.0,10,1.0,189.0,15.674901714636082,0.9567432660170225,0.7337834276067934,0.2653764771134667
583039,2013J,208.0,10,1.0,189.0,15.674901714636082,0.9567432660170225,0.7337834276067934,0.2653764771134667
583098,2013J,208.0,11,0.45454545454545453,189.0,8.815406960238398,0.9243827495326428,0.5767170960975806,0.09452680249258492
583102,2014B,194.0,9,1.0,182.0,14.97626701104141,0.9547716843809574,0.7232637765324275,0.2494513853872069
583113,2013J,208.0,11,1.0,189.0,16.61185680660673,0.9591324981908782,0.7467070380717318,0.2859948363016298
583142,2013J,208.0,10,1.0,189.0,15.674901714636082,0.9567432660170225,0.7337834276067934,0.2653764771134667
583170,2013J,208.0,11,1.0,189.0,16.61185680660673,0.9591324981908782,0.7467070380717318,0.2859948363016298
583191,2013J,208.0,10,1.0,189.0,15.674901714636082,0.9567432660170225,0.7337834276067934,0.2653764771134667
583240,2013J,208.0,8,1.0,189.0,13.956551466442034,0.9515484770924864,0.7063442752943645,0.22538632162984673
583255,2013J,54.0,3,1.0,35.0,13.733384253463113,0.9507808401984322,0.7023651422057456,0.21999491462114137
583433,2013J,208.0,11,1.0,189.0,16.61185680660673,0.9591324981908782,0.7467070380717318,0.2859948363016298
583459,2013J,208.0,10,1.0,189.0,15.674901714636082,0.9567432660170225,0.7337834276067934,0.2653764771134667
583473,2013J,208.0,8,1.0,189.0,13.956551466442034,0.9515484770924864,0.7063442752943645,0.22538632162984673
583598,2013J,19.0,1,1.0,0.0,13.014016992892225,0.9481319623363588,0.6887815585935024,0.2023315543159954
583609,2013J,208.0,11,1.0,189.0,16.61185680660673,0.9591324981908782,0.7467070380717318,0.2859948363016298
583645,2013J,208.0,10,1.0,189.0,15.674901714636082,0.9567432660170225,0.7337834276067934,0.2653764771134667
583708,2013J,208.0,11,1.0,189.0,16.61185680660673,0.9591324981908782,0.7467070380717318,0.2859948363016298
583775,2014J,201.0,5,0.6,182.0,7.460270394597564,0.9112738674779399,0.5218460657031242,0.06158394229354896
583843,2014J,201.0,5,0.8,182.0,9.411359574610687,0.9289967317396159,0.5971718162926833,0.10975532086963978
583873,2013J,208.0,10,1.0,189.0,15.674901714636082,0.9567432660170225,0.7337834276067934,0.2653764771134667
583950,2014B,194.0,11,1.0,182.0,16.820166071444753,0.9596282638177619,0.7494129870007343,0.29046306865897914
583954,2014J,201.0,5,0.8,182.0,9.411359574610687,0.9289967317396159,0.5971718162926833,0.10975532086963978
583964,2013J,208.0,11,0.9090909090909091,189.0,14.947051931008295,0.9546853162919468,0.7228059186680567,0.2487753157766856
583970,2013J,208.0,11,1.0,189.0,16.61185680660673,0.9591324981908782,0.7467070380717318,0.2859948363016298
583977,2013J,208.0,10,1.0,161.0,16.47605483381028,0.9588026880087812,0.7449115366638879,0.2830592080862646
584042,2013J,208.0,10,1.0,189.0,15.674901714636082,0.9567432660170225,0.7337834276067934,0.2653764771134667
584178,2013J,208.0,11,1.0,189.0,16.61185680660673,0.9591324981908782,0.7467070380717318,0.2859948363016298
584325,2013J,208.0,8,1.0,189.0,13.956551466442034,0.9515484770924864,0.7063442752943645,0.22538632162984673
584408,2013J,208.0,10,1.0,189.0,15.674901714636082,0.9567432660170225,0.7337834276067934,0.2653764771134667
584509,2014J,201.0,5,1.0,182.0,11.872718327576681,0.9432900076436247,0.6645331303399441,0.17352298832526095
584539,2014J,201.0,5,1.0,182.0,11.872718327576681,0.9432900076436247,0.6645331303399441,0.17352298832526095
584580,2013J,208.0,8,1.0,189.0,13.956551466442034,0.9515484770924864,0.7063442752943645,0.22538632162984673
584611,2013J,166.0,8,1.0,147.0,15.040100034768518,0.9549592523886019,0.7242589755840351,0.2509257470685547
584733,2014J,201.0,5,0.8,182.0,9.411359574610687,0.9289967317396159,0.5971718162926833,0.10975532086963978
584735,2013J,96.0,4,1.0,77.0,13.505738003747421,0.9499723295010419,0.6981949260188494,0.2144512906576205
584762,2013J,19.0,2,1.0,7.0,13.621113801309303,0.9503853908816636,0.7003227951695112,0.21726639292771016
584766,2013J,208.0,10,1.0,189.0,15.674901714636082,0.9567432660170225,0.7337834276067934,0.2653764771134667
584813,2013J,208.0,11,1.0,189.0,16.61185680660673,0.9591324981908782,0.7467070380717318,0.2859948363016298
584864,2014J,201.0,5,1.0,182.0,11.872718327576681,0.9432900076436247,0.6645331303399441,0.17352298832526095
585048,2014B,194.0,11,1.0,182.0,16.820166071444753,0.9596282638177619,0.7494129870007343,0.29046306865897914
585074,2013J,166.0,4,0.25,147.0,4.989196080359077,0.8702892659221807,0.3781337041541502,0.015484914440211647
585150,2014B,194.0,11,1.0,182.0,16.820166071444753,0.9596282638177619,0.7494129870007343,0.29046306865897914
585170,2013J,208.0,11,1.0,189.0,16.61185680660673,0.9591324981908782,0.7467070380717318,0.2859948363016298
585200,2013J,208.0,11,1.0,189.0,16.61185680660673,0.9591324981908782,0.7467070380717318,0.2859948363016298
585212,2013J,208.0,11,1.0,189.0,16.61185680660673,0.9591324981908782,0.7467070380717318,0.2859948363016298
585406,2013J,208.0,9,1.0,189.0,14.7907935051416,0.9542177149466892,0.7203313634239693,0.2451456819031239
585547,2014B,194.0,11,1.0,182.0,16.820166071444753,0.9596282638177619,0.7494129870007343,0.29046306865897914
585603,2013J,208.0,10,1.0,189.0,15.674901714636082,0.9567432660170225,0.7337834276067934,0.2653764771134667
585611,2013J,208.0,11,1.0,189.0,16.61185680660673,0.9591324981908782,0.7467070380717318,0.2859948363016298
585644,2013J,208.0,8,1.0,161.0,14.669878729592586,0.9538492039616092,0.7183863159870328,0.24232133219276114
585652,2013J,208.0,9,1.0,189.0,14.7907935051416,0.9542177149466892,0.7203313634239693,0.2451456819031239
585693,2013J,208.0,11,1.0,189.0,16.61185680660673,0.9591324981908782,0.7467070380717318,0.2859948363016298
585727,2014B,117.0,4,1.0,105.0,12.849017433344375,0.9474837053064534,0.6854917752869981,0.19822229179880643
585762,2014J,201.0,5,1.0,182.0,11.872718327576681,0.9432900076436247,0.6645331303399441,0.17352298832526095
585779,2013J,208.0,11,1.0,189.0,16.61185680660673,0.9591324981908782,0.7467070380717318,0.2859948363016298
585816,2013J,166.0,7,0.8571428571428571,147.0,12.021745138337952,0.9439729351183263,0.6679082362853788,0.17733166075349382
585963,2014J,110.0,8,1.0,91.0,16.61680522942707,0.9591444163137481,0.7467719902509105,0.28610146815315474
586036,2014J,201.0,5,0.8,182.0,9.411359574610687,0.9289967317396159,0.5971718162926833,0.10975532086963978
586072,2013J,54.0,3,1.0,35.0,13.733384253463113,0.9507808401984322,0.7023651422057456,0.21999491462114137
586078,2013J,208.0,10,1.0,189.0,15.674901714636082,0.9567432660170225,0.7337834276067934,0.2653764771134667
586086,2014B,194.0,10,1.0,182.0,15.871461755491081,0.9572673649561123,0.7366017948547608,0.2697724508753238
586134,2014J,201.0,5,0.8,182.0,9.411359574610687,0.9289967317396159,0.5971718162926833,0.10975532086963978
586142,2014J,201.0,5,1.0,182.0,11.872718327576681,0.9432900076436247,0.6645331303399441,0.17352298832526095
586145,2013J,131.0,7,0.8571428571428571,112.0,12.794638490529636,0.9472664950904599,0.6843924907676928,0.19686354263825895
586165,2013J,208.0,10,1.0,189.0,15.674901714636082,0.9567432660170225,0.7337834276067934,0.2653764771134667
586180,2014J,201.0,5,0.8,182.0,9.411359574610687,0.9289967317396159,0.5971718162926833,0.10975532086963978
586346,2013J,208.0,11,1.0,189.0,16.61185680660673,0.9591324981908782,0.7467070380717318,0.2859948363016298
586376,2014J,201.0,5,1.0,182.0,11.872718327576681,0.9432900076436247,0.6645331303399441,0.17352298832526095
586407,2013J,19.0,1,1.0,0.0,13.014016992892225,0.9481319623363588,0.6887815585935024,0.2023315543159954
586416,2013J,208.0,11,1.0,189.0,16.61185680660673,0.9591324981908782,0.7467070380717318,0.2859948363016298
586440,2013J,208.0,11,0.9090909090909091,189.0,14.947051931008295,0.9546853162919468,0.7228059186680567,0.2487753157766856
586490,2013J,47.0,2,0.5,28.0,7.34060448448695,0.9098946600937046,0.5163424296886442,0.05884824135054231
586502,2014J,201.0,5,0.8,182.0,9.411359574610687,0.9289967317396159,0.5971718162926833,0.10975532086963978
586516,2014J,201.0,7,1.0,182.0,13.334504108540122,0.9493464541343438,0.6949813147588169,0.2102528921698557
586535,2013J,208.0,11,1.0,189.0,16.61185680660673,0.9591324981908782,0.7467070380717318,0.2859948363016298
586561,2014J,54.0,1,1.0,0.0,13.014016992892225,0.9481319623363588,0.6887815585935024,0.2023315543159954
586581,2013J,208.0,9,1.0,189.0,14.7907935051416,0.9542177149466892,0.7203313634239693,0.2451456819031239
586652,2014J,201.0,5,0.8,182.0,9.411359574610687,0.9289967317396159,0.5971718162926833,0.10975532086963978
586712,2014B,194.0,11,1.0,182.0,16.820166071444753,0.9596282638177619,0.7494129870007343,0.29046306865897914
586720,2013J,131.0,5,0.8,84.0,11.205255780515335,0.940015313648123,0.6485515487685131,0.15633199155058863
586742,2013J,208.0,11,1.0,189.0,16.61185680660673,0.9591324981908782,0.7467070380717318,0.2859948363016298
586818,2014J,54.0,2,1.0,35.0,12.9587830480666,0.9479167459046037,0.6876878781159758,0.2009582626927773
586836,2013J,47.0,2,1.0,28.0,13.121283519950303,0.9485448817778594,0.690884095136094,0.204991828608527
586843,2013J,208.0,9,1.0,189.0,14.7907935051416,0.9542177149466892,0.7203313634239693,0.2451456819031239
586928,2013J,131.0,7,1.0,112.0,15.104205132632336,0.9551460609362947,0.7252513114923546,0.25240250990260077
586995,2014B,194.0,11,1.0,182.0,16.820166071444753,0.9596282638177619,0.7494129870007343,0.29046306865897914
586996,2013J,208.0,11,1.0,189.0,16.61185680660673,0.9591324981908782,0.7467070380717318,0.2859948363016298
587037,2014J,54.0,2,0.5,35.0,7.249694803979926,0.9088179022009042,0.5120803526981007,0.056794489458313724
587051,2013J,54.0,3,1.0,35.0,13.733384253463113,0.9507808401984322,0.7023651422057456,0.21999491462114137
587054,2014J,201.0,5,1.0,182.0,11.872718327576681,0.9432900076436247,0.6645331303399441,0.17352298832526095
587181,2014B,152.0,8,1.0,140.0,15.228699793230607,0.9555044598975224,0.7271584069289139,0.2552592889043663
587192,2013J,208.0,11,1.0,189.0,16.61185680660673,0.9591324981908782,0.7467070380717318,0.2859948363016298
587194,2013J,208.0,9,1.0,161.0,15.546759352164505,0.956394615947804,0.7319136690847253,0.26249055268643207
587219,2013J,54.0,3,1.0,35.0,13.733384253463113,0.9507808401984322,0.7023651422057456,0.21999491462114137
587223,2013J,208.0,11,1.0,189.0,16.61185680660673,0.9591324981908782,0.7467070380717318,0.2859948363016298
587297,2013J,208.0,10,1.0,189.0,15.674901714636082,0.9567432660170225,0.7337834276067934,0.2653764771134667
587409,2013J,208.0,4,1.0,112.0,12.689888839484961,0.94684298156694,0.6822534654793591,0.19424011654849965
587418,2013J,208.0,11,1.0,189.0,16.61185680660673,0.9591324981908782,0.7467070380717318,0.2859948363016298
587423,2013J,208.0,11,1.0,189.0,16.61185680660673,0.9591324981908782,0.7467070380717318,0.2859948363016298
587434,2014J,19.0,1,0.0,0.0,4.073074741435078,0.8435147679614741,0.3038427186416507,0.0060643005081270065
587459,2014J,201.0,5,1.0,182.0,11.872718327576681,0.9432900076436247,0.6645331303399441,0.17352298832526095
587524,2014B,194.0,11,1.0,182.0,16.820166071444753,0.9596282638177619,0.7494129870007343,0.29046306865897914
587538,2014B,152.0,9,1.0,140.0,16.138983511439626,0.9579606022573045,0.7403439614947853,0.2756953560030644
587564,2013J,208.0,10,1.0,189.0,15.674901714636082,0.9567432660170225,0.7337834276067934,0.2653764771134667
587702,2013J,208.0,10,1.0,189.0,15.674901714636082,0.9567432660170225,0.7337834276067934,0.2653764771134667
587722,2013J,208.0,11,1.0,189.0,16.61185680660673,0.9591324981908782,0.7467070380717318,0.2859948363016298
587732,2013J,208.0,11,1.0,189.0,16.61185680660673,0.9591324981908782,0.7467070380717318,0.2859948363016298
587754,2013J,208.0,11,1.0,189.0,16.61185680660673,0.9591324981908782,0.7467070380717318,0.2859948363016298
587755,2013J,208.0,11,1.0,189.0,16.61185680660673,0.9591324981908782,0.7467070380717318,0.2859948363016298
587780,2014B,194.0,11,1.0,182.0,16.820166071444753,0.9596282638177619,0.7494129870007343,0.29046306865897914
587810,2013J,208.0,11,1.0,189.0,16.61185680660673,0.9591324981908782,0.7467070380717318,0.2859948363016298
587824,2013J,96.0,4,1.0,77.0,13.505738003747421,0.9499723295010419,0.6981949260188494,0.2144512906576205
587838,2013J,96.0,4,1.0,77.0,13.505738003747421,0.9499723295010419,0.6981949260188494,0.2144512906576205
587860,2014J,201.0,5,0.8,182.0,9.411359574610687,0.9289967317396159,0.5971718162926833,0.10975532086963978
587923,2013J,208.0,10,1.0,189.0,15.674901714636082,0.9567432660170225,0.7337834276067934,0.2653764771134667
587961,2013J,131.0,6,0.6666666666666666,112.0,9.676571859504653,0.9308738766216486,0.6056697719286609,0.11660717724886902
587985,2013J,208.0,11,1.0,189.0,16.61185680660673,0.9591324981908782,0.7467070380717318,0.2859948363016298
588039,2014B,194.0,8,1.0,182.0,14.131563748903572,0.9521339275272744,0.7093919974991606,0.22958379018060376
588062,2014J,19.0,1,1.0,0.0,13.014016992892225,0.9481319623363588,0.6887815585935024,0.2023315543159954
588117,2013J,208.0,11,1.0,189.0,16.61185680660673,0.9591324981908782,0.7467070380717318,0.2859948363016298
588166,2014J,110.0,3,0.6666666666666666,91.0,8.439520459795823,0.9211511789392633,0.5627511431774405,0.08509957049259294
588207,2014J,19.0,1,1.0,0.0,13.014016992892225,0.9481319623363588,0.6887815585935024,0.2023315543159954
588251,2014J,201.0,5,0.8,182.0,9.411359574610687,0.9289967317396159,0.5971718162926833,0.10975532086963978
588265,2013J,208.0,9,1.0,189.0,14.7907935051416,0.9542177149466892,0.7203313634239693,0.2451456819031239
588302,2014B,194.0,11,1.0,182.0,16.820166071444753,0.9596282638177619,0.7494129870007343,0.29046306865897914
588321,2013J,131.0,7,1.0,112.0,15.104205132632336,0.9551460609362947,0.7252513114923546,0.25240250990260077
588355,2013J,208.0,11,1.0,189.0,16.61185680660673,0.9591324981908782,0.7467070380717318,0.2859948363016298
588432,2013J,19.0,1,1.0,0.0,13.014016992892225,0.9481319623363588,0.6887815585935024,0.2023315543159954
588459,2014B,82.0,5,1.0,70.0,14.492515505111,0.953297796167274,0.7154843243067773,0.23815388506135335
588484,2014B,194.0,10,1.0,182.0,15.871461755491081,0.9572673649561123,0.7366017948547608,0.2697724508753238
588592,2014B,47.0,3,0.6666666666666666,35.0,9.324264292524726,0.9283578537015702,0.5943029836354272,0.10751336974368794
588642,2013J,208.0,11,1.0,189.0,16.61185680660673,0.9591324981908782,0.7467070380717318,0.2859948363016298
588685,2014B,82.0,4,1.0,42.0,14.374039152991557,0.9529220647362682,0.7135126570789928,0.23535395034880946
588883,2013J,208.0,11,1.0,189.0,16.61185680660673,0.9591324981908782,0.7467070380717318,0.2859948363016298
588910,2013J,208.0,11,1.0,189.0,16.61185680660673,0.9591324981908782,0.7467070380717318,0.2859948363016298
588944,2014J,201.0,5,1.0,182.0,11.872718327576681,0.9432900076436247,0.6645331303399441,0.17352298832526095
588991,2014J,19.0,1,1.0,0.0,13.014016992892225,0.9481319623363588,0.6887815585935024,0.2023315543159954
589067,2013J,208.0,11,1.0,189.0,16.61185680660673,0.9591324981908782,0.7467070380717318,0.2859948363016298
589123,2013J,208.0,11,1.0,189.0,16.61185680660673,0.9591324981908782,0.7467070380717318,0.2859948363016298
589133,2014J,201.0,5,0.8,182.0,9.411359574610687,0.9289967317396159,0.5971718162926833,0.10975532086963978
589296,2013J,208.0,11,1.0,189.0,16.61185680660673,0.9591324981908782,0.7467070380717318,0.2859948363016298
589302,2013J,208.0,11,1.0,189.0,16.61185680660673,0.9591324981908782,0.7467070380717318,0.2859948363016298
589333,2014B,194.0,10,1.0,182.0,15.871461755491081,0.9572673649561123,0.7366017948547608,0.2697724508753238
589411,2013J,208.0,11,1.0,189.0,16.61185680660673,0.9591324981908782,0.7467070380717318,0.2859948363016298
589444,2014B,194.0,10,1.0,182.0,15.871461755491081,0.9572673649561123,0.7366017948547608,0.2697724508753238
589471,2013J,54.0,3,1.0,35.0,13.733384253463113,0.9507808401984322,0.7023651422057456,0.21999491462114137
589508,2013J,208.0,11,1.0,189.0,16.61185680660673,0.9591324981908782,0.7467070380717318,0.2859948363016298
589509,2013J,166.0,9,1.0,147.0,15.939110348700272,0.9574448152526764,0.7375581425470185,0.2712767358407156
589554,2014J,201.0,5,1.0,182.0,11.872718327576681,0.9432900076436247,0.6645331303399441,0.17352298832526095
589621,2014J,201.0,5,1.0,182.0,11.872718327576681,0.9432900076436247,0.6645331303399441,0.17352298832526095
589862,2014B,194.0,10,1.0,182.0,15.871461755491081,0.9572673649561123,0.7366017948547608,0.2697724508753238
589903,2013J,208.0,11,1.0,189.0,16.61185680660673,0.9591324981908782,0.7467070380717318,0.2859948363016298
589935,2014J,110.0,3,1.0,91.0,12.430275864473238,0.9457634296463958,0.6768269112364681,0.18770485552034183
589950,2013J,208.0,11,1.0,189.0,16.61185680660673,0.9591324981908782,0.7467070380717318,0.2859948363016298
589968,2014J,19.0,1,0.0,0.0,4.073074741435078,0.8435147679614741,0.3038427186416507,0.0060643005081270065
589997,2014B,194.0,11,1.0,182.0,16.820166071444753,0.9596282638177619,0.7494129870007343,0.29046306865897914
590086,2014J,201.0,5,1.0,182.0,11.872718327576681,0.9432900076436247,0.6645331303399441,0.17352298832526095
590107,2013J,19.0,1,1.0,0.0,13.014016992892225,0.9481319623363588,0.6887815585935024,0.2023315543159954
590122,2014J,201.0,5,1.0,182.0,11.872718327576681,0.9432900076436247,0.6645331303399441,0.17352298832526095
590202,2013J,208.0,10,1.0,189.0,15.674901714636082,0.9567432660170225,0.7337834276067934,0.2653764771134667
590231,2013J,208.0,11,1.0,189.0,16.61185680660673,0.9591324981908782,0.7467070380717318,0.2859948363016298
590308,2013J,166.0,8,1.0,147.0,15.040100034768518,0.9549592523886019,0.7242589755840351,0.2509257470685547
590325,2013J,208.0,11,1.0,189.0,16.61185680660673,0.9591324981908782,0.7467070380717318,0.2859948363016298
590360,2013J,208.0,6,1.0,189.0,12.426574174533352,0.9457477197896044,0.676748216855094,0.18761134039246355
590362,2013J,208.0,11,1.0,189.0,16.61185680660673,0.9591324981908782,0.7467070380717318,0.2859948363016298
590365,2013J,54.0,3,1.0,35.0,13.733384253463113,0.9507808401984322,0.7023651422057456,0.21999491462114137
590372,2013J,208.0,11,1.0,189.0,16.61185680660673,0.9591324981908782,0.7467070380717318,0.2859948363016298
590408,2014B,194.0,11,0.8181818181818182,182.0,13.617739074250267,0.9503734057309885,0.7002609759356122,0.21718421065568186
590416,2014J,152.0,4,0.75,133.0,9.14322208225247,0.9269923675910531,0.588210955065259,0.10286905532938674
590444,2014J,152.0,4,0.75,133.0,9.14322208225247,0.9269923675910531,0.588210955065259,0.10286905532938674
590502,2013J,96.0,4,1.0,77.0,13.505738003747421,0.9499723295010419,0.6981949260188494,0.2144512906576205
590593,2014J,54.0,2,1.0,35.0,12.9587830480666,0.9479167459046037,0.6876878781159758,0.2009582626927773
590625,2013J,208.0,10,1.0,189.0,15.674901714636082,0.9567432660170225,0.7337834276067934,0.2653764771134667
590667,2013J,208.0,10,1.0,189.0,15.674901714636082,0.9567432660170225,0.7337834276067934,0.2653764771134667
590668,2014J,201.0,6,1.0,182.0,12.582400856697058,0.9464012680578139,0.6800286256824646,0.19153996582477406
590764,2014J,19.0,1,0.0,0.0,4.073074741435078,0.8435147679614741,0.3038427186416507,0.0060643005081270065
590812,2013J,54.0,4,1.0,42.0,14.374039152991557,0.9529220647362682,0.7135126570789928,0.23535395034880946
590854,2014J,201.0,5,0.8,182.0,9.411359574610687,0.9289967317396159,0.5971718162926833,0.10975532086963978
590867,2014J,19.0,1,0.0,0.0,4.073074741435078,0.8435147679614741,0.3038427186416507,0.0060643005081270065
590870,2014B,117.0,4,0.75,105.0,9.61053734992393,0.9304158284101905,0.603586656955411,0.11489806174721019
590923,2013J,54.0,3,1.0,35.0,13.733384253463113,0.9507808401984322,0.7023651422057456,0.21999491462114137
590931,2013J,166.0,9,1.0,147.0,15.939110348700272,0.9574448152526764,0.7375581425470185,0.2712767358407156
590994,2013J,208.0,11,1.0,189.0,16.61185680660673,0.9591324981908782,0.7467070380717318,0.2859948363016298
591030,2013J,208.0,11,1.0,189.0,16.61185680660673,0.9591324981908782,0.7467070380717318,0.2859948363016298
591034,2013J,96.0,5,1.0,77.0,14.313033017381674,0.9527262248120363,0.7124868260819801,0.23390720209740792
591094,2014B,117.0,6,1.0,105.0,14.431006533497468,0.9531034804844484,0.7144640619516958,0.23670185660004425
591159,2014J,54.0,2,1.0,35.0,12.9587830480666,0.9479167459046037,0.6876878781159758,0.2009582626927773
591223,2013J,208.0,11,1.0,189.0,16.61185680660673,0.9591324981908782,0.7467070380717318,0.2859948363016298
591257,2013J,166.0,7,1.0,147.0,14.191796411917649,0.9523321592602285,0.7104264980545231,0.23102208943808172
591273,2013J,208.0,10,1.0,189.0,15.674901714636082,0.9567432660170225,0.7337834276067934,0.2653764771134667
591299,2013J,208.0,11,1.0,189.0,16.61185680660673,0.9591324981908782,0.7467070380717318,0.2859948363016298
591410,2013J,166.0,8,0.75,147.0,11.249377151254508,0.940243406575618,0.6496539395841802,0.15747401441401795
591414,2013J,208.0,10,1.0,189.0,15.674901714636082,0.9567432660170225,0.7337834276067934,0.2653764771134667
591420,2013J,208.0,10,1.0,189.0,15.674901714636082,0.9567432660170225,0.7337834276067934,0.2653764771134667
591501,2013J,208.0,11,1.0,189.0,16.61185680660673,0.9591324981908782,0.7467070380717318,0.2859948363016298
591518,2013J,208.0,11,1.0,189.0,16.61185680660673,0.9591324981908782,0.7467070380717318,0.2859948363016298
591547,2014B,152.0,7,1.0,140.0,14.36975861757076,0.9529083764359935,0.7134409151339833,0.23525254883637753
591558,2013J,208.0,10,1.0,189.0,15.674901714636082,0.9567432660170225,0.7337834276067934,0.2653764771134667
591574,2013J,208.0,10,1.0,189.0,15.674901714636082,0.9567432660170225,0.7337834276067934,0.2653764771134667
591589,2013J,208.0,11,1.0,189.0,16.61185680660673,0.9591324981908782,0.7467070380717318,0.2859948363016298
591591,2013J,208.0,10,0.9,189.0,13.955838253564096,0.9515460619600212,0.7063317259452796,0.22536916061903828
591725,2014B,82.0,2,1.0,42.0,12.79829506248595,0.9472811571502019,0.6844666467599526,0.19695497645166463
591743,2014B,82.0,4,1.0,70.0,13.675097178185805,0.9505763260111401,0.7013082668595051,0.2185796978319925
591785,2013J,96.0,3,0.6666666666666666,77.0,8.652507242936826,0.9230153611865962,0.5707717916249753,0.09042069974080436
591787,2013J,208.0,10,1.0,161.0,16.47605483381028,0.9588026880087812,0.7449115366638879,0.2830592080862646
591820,2013J,208.0,11,1.0,189.0,16.61185680660673,0.9591324981908782,0.7467070380717318,0.2859948363016298
591895,2013J,19.0,1,1.0,0.0,13.014016992892225,0.9481319623363588,0.6887815585935024,0.2023315543159954
591978,2013J,166.0,7,1.0,147.0,14.191796411917649,0.9523321592602285,0.7104264980545231,0.23102208943808172
591986,2014J,110.0,3,1.0,91.0,12.430275864473238,0.9457634296463958,0.6768269112364681,0.18770485552034183
591999,2014J,110.0,3,1.0,91.0,12.430275864473238,0.9457634296463958,0.6768269112364681,0.18770485552034183
592081,2013J,96.0,4,1.0,77.0,13.505738003747421,0.9499723295010419,0.6981949260188494,0.2144512906576205
592135,2014J,201.0,5,0.8,182.0,9.411359574610687,0.9289967317396159,0.5971718162926833,0.10975532086963978
592139,2014J,201.0,5,1.0,182.0,11.872718327576681,0.9432900076436247,0.6645331303399441,0.17352298832526095
592147,2013J,208.0,11,1.0,189.0,16.61185680660673,0.9591324981908782,0.7467070380717318,0.2859948363016298
592193,2014B,194.0,11,1.0,182.0,16.820166071444753,0.9596282638177619,0.7494129870007343,0.29046306865897914
592205,2013J,208.0,11,0.8181818181818182,189.0,13.449090250970881,0.9497669954696338,0.697139219745921,0.21306504763839054
592258,2014J,201.0,5,1.0,182.0,11.872718327576681,0.9432900076436247,0.6645331303399441,0.17352298832526095
592262,2014J,19.0,1,1.0,0.0,13.014016992892225,0.9481319623363588,0.6887815585935024,0.2023315543159954
592290,2013J,208.0,11,1.0,189.0,16.61185680660673,0.9591324981908782,0.7467070380717318,0.2859948363016298
592317,2013J,208.0,11,1.0,189.0,16.61185680660673,0.9591324981908782,0.7467070380717318,0.2859948363016298
592322,2013J,208.0,11,1.0,189.0,16.61185680660673,0.9591324981908782,0.7467070380717318,0.2859948363016298
592441,2013J,208.0,9,1.0,189.0,14.7907935051416,0.9542177149466892,0.7203313634239693,0.2451456819031239
592471,2013J,208.0,11,1.0,189.0,16.61185680660673,0.9591324981908782,0.7467070380717318,0.2859948363016298
592480,2013J,208.0,11,1.0,189.0,16.61185680660673,0.9591324981908782,0.7467070380717318,0.2859948363016298
592496,2013J,208.0,11,1.0,189.0,16.61185680660673,0.9591324981908782,0.7467070380717318,0.2859948363016298
592602,2014B,47.0,3,1.0,35.0,13.733384253463113,0.9507808401984322,0.7023651422057456,0.21999491462114137
592618,2013J,208.0,11,1.0,189.0,16.61185680660673,0.9591324981908782,0.7467070380717318,0.2859948363016298
592624,2013J,208.0,6,1.0,189.0,12.426574174533352,0.9457477197896044,0.676748216855094,0.18761134039246355
592725,2014B,194.0,10,0.9,182.0,14.130841592482957,0.9521315408374345,0.7093795500889342,0.22956652605310982
592733,2014J,201.0,5,1.0,182.0,11.872718327576681,0.9432900076436247,0.6645331303399441,0.17352298832526095
592772,2013J,208.0,11,1.0,189.0,16.61185680660673,0.9591324981908782,0.7467070380717318,0.2859948363016298
592815,2013J,208.0,9,1.0,189.0,14.7907935051416,0.9542177149466892,0.7203313634239693,0.2451456819031239
592854,2013J,208.0,11,1.0,189.0,16.61185680660673,0.9591324981908782,0.7467070380717318,0.2859948363016298
592900,2013J,208.0,11,1.0,189.0,16.61185680660673,0.9591324981908782,0.7467070380717318,0.2859948363016298
592949,2013J,208.0,8,0.875,189.0,12.070270354155399,0.9441917708826167,0.6689928513893814,0.17856910846811194
593000,2014J,201.0,3,1.0,91.0,12.430275864473238,0.9457634296463958,0.6768269112364681,0.18770485552034183
593023,2013J,208.0,11,1.0,189.0,16.61185680660673,0.9591324981908782,0.7467070380717318,0.2859948363016298
593081,2013J,208.0,9,1.0,189.0,14.7907935051416,0.9542177149466892,0.7203313634239693,0.2451456819031239
593189,2013J,19.0,1,1.0,0.0,13.014016992892225,0.9481319623363588,0.6887815585935024,0.2023315543159954
593281,2013J,54.0,2,1.0,7.0,13.621113801309303,0.9503853908816636,0.7003227951695112,0.21726639292771016
593299,2013J,19.0,1,1.0,0.0,13.014016992892225,0.9481319623363588,0.6887815585935024,0.2023315543159954
593345,2014B,194.0,9,0.8888888888888888,182.0,13.162829087910003,0.9487030498025707,0.6916909237653851,0.2060197716063296
593346,2014J,201.0,5,0.8,182.0,9.411359574610687,0.9289967317396159,0.5971718162926833,0.10975532086963978
593385,2013J,208.0,11,1.0,189.0,16.61185680660673,0.9591324981908782,0.7467070380717318,0.2859948363016298
593421,2013J,208.0,9,1.0,189.0,14.7907935051416,0.9542177149466892,0.7203313634239693,0.2451456819031239
593427,2013J,208.0,11,1.0,189.0,16.61185680660673,0.9591324981908782,0.7467070380717318,0.2859948363016298
593440,2013J,19.0,1,1.0,0.0,13.014016992892225,0.9481319623363588,0.6887815585935024,0.2023315543159954
593441,2013J,54.0,3,1.0,35.0,13.733384253463113,0.9507808401984322,0.7023651422057456,0.21999491462114137
593444,2013J,208.0,10,1.0,189.0,15.674901714636082,0.9567432660170225,0.7337834276067934,0.2653764771134667
593476,2014J,201.0,5,1.0,182.0,11.872718327576681,0.9432900076436247,0.6645331303399441,0.17352298832526095
593510,2013J,208.0,11,1.0,189.0,16.61185680660673,0.9591324981908782,0.7467070380717318,0.2859948363016298
593513,2013J,208.0,11,1.0,189.0,16.61185680660673,0.9591324981908782,0.7467070380717318,0.2859948363016298
593514,2013J,208.0,11,1.0,189.0,16.61185680660673,0.9591324981908782,0.7467070380717318,0.2859948363016298
593583,2014J,110.0,3,1.0,91.0,12.430275864473238,0.9457634296463958,0.6768269112364681,0.18770485552034183
593593,2013J,208.0,11,1.0,189.0,16.61185680660673,0.9591324981908782,0.7467070380717318,0.2859948363016298
593613,2013J,54.0,2,1.0,35.0,12.9587830480666,0.9479167459046037,0.6876878781159758,0.2009582626927773
593631,2013J,208.0,11,1.0,189.0,16.61185680660673,0.9591324981908782,0.7467070380717318,0.2859948363016298
593685,2013J,208.0,11,1.0,189.0,16.61185680660673,0.9591324981908782,0.7467070380717318,0.2859948363016298
593692,2013J,208.0,10,1.0,189.0,15.674901714636082,0.9567432660170225,0.7337834276067934,0.2653764771134667
593694,2013J,208.0,11,1.0,189.0,16.61185680660673,0.9591324981908782,0.7467070380717318,0.2859948363016298
593695,2013J,208.0,10,1.0,189.0,15.674901714636082,0.9567432660170225,0.7337834276067934,0.2653764771134667
593707,2013J,54.0,3,0.3333333333333333,35.0,6.330697735696697,0.8962912567052197,0.46466944888408496,0.0374519812610033
593709,2013J,96.0,5,1.0,77.0,14.313033017381674,0.9527262248120363,0.7124868260819801,0.23390720209740792
593711,2013J,208.0,11,1.0,189.0,16.61185680660673,0.9591324981908782,0.7467070380717318,0.2859948363016298
593712,2013J,208.0,11,1.0,189.0,16.61185680660673,0.9591324981908782,0.7467070380717318,0.2859948363016298
593715,2013J,208.0,8,1.0,189.0,13.956551466442034,0.9515484770924864,0.7063442752943645,0.22538632162984673
593727,2013J,208.0,11,1.0,189.0,16.61185680660673,0.9591324981908782,0.7467070380717318,0.2859948363016298
593743,2013J,208.0,11,1.0,189.0,16.61185680660673,0.9591324981908782,0.7467070380717318,0.2859948363016298
593798,2013J,208.0,11,1.0,189.0,16.61185680660673,0.9591324981908782,0.7467070380717318,0.2859948363016298
593819,2014J,19.0,1,1.0,0.0,13.014016992892225,0.9481319623363588,0.6887815585935024,0.2023315543159954
593871,2013J,208.0,9,1.0,189.0,14.7907935051416,0.9542177149466892,0.7203313634239693,0.2451456819031239
593875,2013J,208.0,10,1.0,189.0,15.674901714636082,0.9567432660170225,0.7337834276067934,0.2653764771134667
593898,2013J,208.0,11,1.0,189.0,16.61185680660673,0.9591324981908782,0.7467070380717318,0.2859948363016298
593900,2013J,208.0,9,1.0,189.0,14.7907935051416,0.9542177149466892,0.7203313634239693,0.2451456819031239
594015,2013J,208.0,10,1.0,189.0,15.674901714636082,0.9567432660170225,0.7337834276067934,0.2653764771134667
594038,2013J,131.0,4,0.75,112.0,9.491515696894021,0.9295747259350402,0.5997774738149969,0.11182250507879438
594043,2013J,96.0,5,1.0,77.0,14.313033017381674,0.9527262248120363,0.7124868260819801,0.23390720209740792
594056,2013J,208.0,11,1.0,189.0,16.61185680660673,0.9591324981908782,0.7467070380717318,0.2859948363016298
594061,2014B,194.0,11,1.0,182.0,16.820166071444753,0.9596282638177619,0.7494129870007343,0.29046306865897914
594083,2014J,201.0,5,1.0,182.0,11.872718327576681,0.9432900076436247,0.6645331303399441,0.17352298832526095
594282,2014J,201.0,5,1.0,182.0,11.872718327576681,0.9432900076436247,0.6645331303399441,0.17352298832526095
594417,2014B,194.0,10,1.0,154.0,16.682661169863994,0.9593023691100526,0.7476332694171496,0.287518312210947
594456,2013J,208.0,11,1.0,189.0,16.61185680660673,0.9591324981908782,0.7467070380717318,0.2859948363016298
594468,2013J,208.0,11,1.0,189.0,16.61185680660673,0.9591324981908782,0.7467070380717318,0.2859948363016298
594497,2013J,131.0,5,1.0,112.0,13.448417102127598,0.9497645453403545,0.6971266308941054,0.21304855883469448
594529,2013J,208.0,11,1.0,189.0,16.61185680660673,0.9591324981908782,0.7467070380717318,0.2859948363016298
594677,2013J,208.0,11,1.0,189.0,16.61185680660673,0.9591324981908782,0.7467070380717318,0.2859948363016298
594693,2013J,208.0,11,1.0,189.0,16.61185680660673,0.9591324981908782,0.7467070380717318,0.2859948363016298
594697,2013J,47.0,2,1.0,28.0,13.121283519950303,0.9485448817778594,0.690884095136094,0.204991828608527
594762,2013J,208.0,11,1.0,189.0,16.61185680660673,0.9591324981908782,0.7467070380717318,0.2859948363016298
594776,2013J,208.0,10,1.0,189.0,15.674901714636082,0.9567432660170225,0.7337834276067934,0.2653764771134667
594845,2013J,131.0,6,0.6666666666666666,112.0,9.676571859504653,0.9308738766216486,0.6056697719286609,0.11660717724886902
594872,2014J,201.0,5,0.8,182.0,9.411359574610687,0.9289967317396159,0.5971718162926833,0.10975532086963978
594928,2013J,208.0,10,1.0,189.0,15.674901714636082,0.9567432660170225,0.7337834276067934,0.2653764771134667
595010,2013J,96.0,5,1.0,77.0,14.313033017381674,0.9527262248120363,0.7124868260819801,0.23390720209740792
595047,2014B,194.0,11,1.0,182.0,16.820166071444753,0.9596282638177619,0.7494129870007343,0.29046306865897914
595094,2013J,208.0,6,0.8333333333333334,189.0,10.239291762932739,0.9345456193892762,0.6225920097897658,0.13122457750628969
595103,2013J,208.0,11,1.0,189.0,16.61185680660673,0.9591324981908782,0.7467070380717318,0.2859948363016298
595130,2014J,201.0,5,0.8,182.0,9.411359574610687,0.9289967317396159,0.5971718162926833,0.10975532086963978
595137,2014J,110.0,3,0.6666666666666666,91.0,8.439520459795823,0.9211511789392633,0.5627511431774405,0.08509957049259294
595138,2013J,208.0,11,1.0,189.0,16.61185680660673,0.9591324981908782,0.7467070380717318,0.2859948363016298
595232,2013J,19.0,1,1.0,0.0,13.014016992892225,0.9481319623363588,0.6887815585935024,0.2023315543159954
595241,2013J,166.0,8,0.75,147.0,11.249377151254508,0.940243406575618,0.6496539395841802,0.15747401441401795
595295,2013J,208.0,11,1.0,189.0,16.61185680660673,0.9591324981908782,0.7467070380717318,0.2859948363016298
595298,2013J,131.0,6,1.0,84.0,14.98072821620972,0.9547848440110517,0.7233335606937709,0.24955455175106936
595345,2013J,208.0,11,1.0,189.0,16.61185680660673,0.9591324981908782,0.7467070380717318,0.2859948363016298
595365,2014J,201.0,5,0.8,182.0,9.411359574610687,0.9289967317396159,0.5971718162926833,0.10975532086963978
595421,2014J,201.0,5,0.8,182.0,9.411359574610687,0.9289967317396159,0.5971718162926833,0.10975532086963978
595436,2013J,208.0,9,1.0,189.0,14.7907935051416,0.9542177149466892,0.7203313634239693,0.2451456819031239
595499,2013J,208.0,9,0.8888888888888888,189.0,12.99981409514213,0.9480767914372378,0.6885010507480218,0.20197864773330285
595509,2013J,54.0,2,1.0,7.0,13.621113801309303,0.9503853908816636,0.7003227951695112,0.21726639292771016
595570,2013J,208.0,10,1.0,161.0,16.47605483381028,0.9588026880087812,0.7449115366638879,0.2830592080862646
595672,2013J,208.0,10,1.0,189.0,15.674901714636082,0.9567432660170225,0.7337834276067934,0.2653764771134667
595678,2013J,208.0,10,1.0,189.0,15.674901714636082,0.9567432660170225,0.7337834276067934,0.2653764771134667
595711,2013J,19.0,1,1.0,0.0,13.014016992892225,0.9481319623363588,0.6887815585935024,0.2023315543159954
595818,2013J,208.0,11,1.0,189.0,16.61185680660673,0.9591324981908782,0.7467070380717318,0.2859948363016298
595854,2013J,208.0,11,1.0,189.0,16.61185680660673,0.9591324981908782,0.7467070380717318,0.2859948363016298
595874,2013J,208.0,11,1.0,189.0,16.61185680660673,0.9591324981908782,0.7467070380717318,0.2859948363016298
595892,2014J,201.0,5,0.8,182.0,9.411359574610687,0.9289967317396159,0.5971718162926833,0.10975532086963978
595925,2013J,208.0,11,1.0,189.0,16.61185680660673,0.9591324981908782,0.7467070380717318,0.2859948363016298
596016,2013J,54.0,3,0.6666666666666666,35.0,9.324264292524726,0.9283578537015702,0.5943029836354272,0.10751336974368794
596017,2013J,208.0,11,1.0,189.0,16.61185680660673,0.9591324981908782,0.7467070380717318,0.2859948363016298
596041,2013J,131.0,7,1.0,112.0,15.104205132632336,0.9551460609362947,0.7252513114923546,0.25240250990260077
596072,2014J,19.0,1,1.0,0.0,13.014016992892225,0.9481319623363588,0.6887815585935024,0.2023315543159954
596100,2013J,47.0,2,1.0,28.0,13.121283519950303,0.9485448817778594,0.690884095136094,0.204991828608527
596107,2013J,208.0,8,1.0,161.0,14.669878729592586,0.9538492039616092,0.7183863159870328,0.24232133219276114
596108,2013J,208.0,7,1.0,189.0,13.1693630073149,0.9487278366442666,0.6918174367362007,0.20618131365665326
596114,2013J,208.0,11,1.0,189.0,16.61185680660673,0.9591324981908782,0.7467070380717318,0.2859948363016298
596128,2014J,201.0,5,1.0,182.0,11.872718327576681,0.9432900076436247,0.6645331303399441,0.17352298832526095
596144,2013J,208.0,11,1.0,189.0,16.61185680660673,0.9591324981908782,0.7467070380717318,0.2859948363016298
596151,2014J,54.0,2,0.5,35.0,7.249694803979926,0.9088179022009042,0.5120803526981007,0.056794489458313724
596171,2014B,194.0,11,1.0,182.0,16.820166071444753,0.9596282638177619,0.7494129870007343,0.29046306865897914
596242,2013J,208.0,11,0.9090909090909091,189.0,14.947051931008295,0.9546853162919468,0.7228059186680567,0.2487753157766856
596275,2013J,54.0,2,1.0,35.0,12.9587830480666,0.9479167459046037,0.6876878781159758,0.2009582626927773
596305,2013J,208.0,11,1.0,189.0,16.61185680660673,0.9591324981908782,0.7467070380717318,0.2859948363016298
596360,2013J,54.0,2,0.5,35.0,7.249694803979926,0.9088179022009042,0.5120803526981007,0.056794489458313724
596372,2013J,208.0,11,1.0,189.0,16.61185680660673,0.9591324981908782,0.7467070380717318,0.2859948363016298
596390,2013J,208.0,10,1.0,161.0,16.47605483381028,0.9588026880087812,0.7449115366638879,0.2830592080862646
596417,2013J,208.0,11,0.9090909090909091,189.0,14.947051931008295,0.9546853162919468,0.7228059186680567,0.2487753157766856
596451,2013J,208.0,10,1.0,189.0,15.674901714636082,0.9567432660170225,0.7337834276067934,0.2653764771134667
596496,2014J,19.0,1,1.0,0.0,13.014016992892225,0.9481319623363588,0.6887815585935024,0.2023315543159954
596513,2014J,201.0,5,0.8,182.0,9.411359574610687,0.9289967317396159,0.5971718162926833,0.10975532086963978
596533,2014B,194.0,10,1.0,182.0,15.871461755491081,0.9572673649561123,0.7366017948547608,0.2697724508753238
596535,2013J,208.0,11,1.0,189.0,16.61185680660673,0.9591324981908782,0.7467070380717318,0.2859948363016298
596596,2013J,208.0,11,1.0,189.0,16.61185680660673,0.9591324981908782,0.7467070380717318,0.2859948363016298
596677,2013J,54.0,1,1.0,0.0,13.014016992892225,0.9481319623363588,0.6887815585935024,0.2023315543159954
596728,2014J,201.0,5,1.0,182.0,11.872718327576681,0.9432900076436247,0.6645331303399441,0.17352298832526095
596847,2013J,208.0,11,1.0,189.0,16.61185680660673,0.9591324981908782,0.7467070380717318,0.2859948363016298
596849,2013J,96.0,4,1.0,77.0,13.505738003747421,0.9499723295010419,0.6981949260188494,0.2144512906576205
596892,2013J,208.0,11,0.5454545454545454,189.0,9.797268303567476,0.9316956950742344,0.6094226927301699,0.11973542628295927
596897,2013J,208.0,9,1.0,189.0,14.7907935051416,0.9542177149466892,0.7203313634239693,0.2451456819031239
596961,2013J,96.0,4,1.0,77.0,13.505738003747421,0.9499723295010419,0.6981949260188494,0.2144512906576205
596964,2013J,208.0,11,1.0,189.0,16.61185680660673,0.9591324981908782,0.7467070380717318,0.2859948363016298
596988,2014J,201.0,5,1.0,182.0,11.872718327576681,0.9432900076436247,0.6645331303399441,0.17352298832526095
597033,2013J,19.0,1,1.0,0.0,13.014016992892225,0.9481319623363588,0.6887815585935024,0.2023315543159954
597050,2013J,208.0,11,1.0,189.0,16.61185680660673,0.9591324981908782,0.7467070380717318,0.2859948363016298
597078,2013J,131.0,4,1.0,112.0,12.689888839484961,0.94684298156694,0.6822534654793591,0.19424011654849965
597102,2013J,208.0,11,1.0,189.0,16.61185680660673,0.9591324981908782,0.7467070380717318,0.2859948363016298
597255,2013J,131.0,6,1.0,112.0,14.252285803327695,0.9525295906692174,0.7114581070042489,0.2324632375937027
597286,2013J,208.0,11,1.0,189.0,16.61185680660673,0.9591324981908782,0.7467070380717318,0.2859948363016298
597301,2013J,208.0,11,1.0,189.0,16.61185680660673,0.9591324981908782,0.7467070380717318,0.2859948363016298
597316,2014B,194.0,10,1.0,182.0,15.871461755491081,0.9572673649561123,0.7366017948547608,0.2697724508753238
597451,2013J,19.0,1,1.0,0.0,13.014016992892225,0.9481319623363588,0.6887815585935024,0.2023315543159954
597532,2013J,208.0,9,1.0,189.0,14.7907935051416,0.9542177149466892,0.7203313634239693,0.2451456819031239
597539,2014J,19.0,1,1.0,0.0,13.014016992892225,0.9481319623363588,0.6887815585935024,0.2023315543159954
597582,2013J,96.0,3,1.0,77.0,12.743976682255656,0.9470625099311235,0.6833615134338469,0.19559572293900107
597689,2013J,166.0,8,1.0,147.0,15.040100034768518,0.9549592523886019,0.7242589755840351,0.2509257470685547
597730,2014B,194.0,9,1.0,182.0,14.97626701104141,0.9547716843809574,0.7232637765324275,0.2494513853872069
597742,2013J,208.0,11,1.0,189.0,16.61185680660673,0.9591324981908782,0.7467070380717318,0.2859948363016298
597744,2014J,110.0,3,0.6666666666666666,91.0,8.439520459795823,0.9211511789392633,0.5627511431774405,0.08509957049259294
597790,2013J,208.0,11,1.0,189.0,16.61185680660673,0.9591324981908782,0.7467070380717318,0.2859948363016298
597853,2014J,54.0,2,1.0,35.0,12.9587830480666,0.9479167459046037,0.6876878781159758,0.2009582626927773
597866,2013J,131.0,7,1.0,112.0,15.104205132632336,0.9551460609362947,0.7252513114923546,0.25240250990260077
597878,2013J,208.0,11,1.0,189.0,16.61185680660673,0.9591324981908782,0.7467070380717318,0.2859948363016298
597882,2014B,194.0,10,1.0,182.0,15.871461755491081,0.9572673649561123,0.7366017948547608,0.2697724508753238
597886,2013J,208.0,11,1.0,189.0,16.61185680660673,0.9591324981908782,0.7467070380717318,0.2859948363016298
597894,2013J,208.0,11,1.0,189.0,16.61185680660673,0.9591324981908782,0.7467070380717318,0.2859948363016298
598000,2013J,208.0,10,1.0,189.0,15.674901714636082,0.9567432660170225,0.7337834276067934,0.2653764771134667
598035,2014J,201.0,5,1.0,182.0,11.872718327576681,0.9432900076436247,0.6645331303399441,0.17352298832526095
598201,2014J,201.0,5,0.8,182.0,9.411359574610687,0.9289967317396159,0.5971718162926833,0.10975532086963978
598202,2013J,19.0,1,1.0,0.0,13.014016992892225,0.9481319623363588,0.6887815585935024,0.2023315543159954
598230,2013J,208.0,11,1.0,189.0,16.61185680660673,0.9591324981908782,0.7467070380717318,0.2859948363016298
598243,2013J,208.0,11,1.0,189.0,16.61185680660673,0.9591324981908782,0.7467070380717318,0.2859948363016298
598250,2014B,82.0,5,1.0,70.0,14.492515505111,0.953297796167274,0.7154843243067773,0.23815388506135335
598252,2013J,208.0,10,1.0,189.0,15.674901714636082,0.9567432660170225,0.7337834276067934,0.2653764771134667
598253,2013J,208.0,9,1.0,189.0,14.7907935051416,0.9542177149466892,0.7203313634239693,0.2451456819031239
598260,2013J,208.0,9,0.8888888888888888,189.0,12.99981409514213,0.9480767914372378,0.6885010507480218,0.20197864773330285
598282,2014J,201.0,5,1.0,182.0,11.872718327576681,0.9432900076436247,0.6645331303399441,0.17352298832526095
598313,2014J,201.0,6,1.0,189.0,12.426574174533352,0.9457477197896044,0.676748216855094,0.18761134039246355
598351,2013J,208.0,8,0.875,161.0,12.687188719549562,0.9468319747754687,0.6821979503419598,0.19417238831369935
598415,2014B,194.0,10,1.0,182.0,15.871461755491081,0.9572673649561123,0.7366017948547608,0.2697724508753238
598451,2014B,47.0,2,1.0,35.0,12.9587830480666,0.9479167459046037,0.6876878781159758,0.2009582626927773
598462,2013J,208.0,11,1.0,189.0,16.61185680660673,0.9591324981908782,0.7467070380717318,0.2859948363016298
598495,2014B,40.0,2,1.0,28.0,13.121283519950303,0.9485448817778594,0.690884095136094,0.204991828608527
598503,2013J,19.0,1,1.0,0.0,13.014016992892225,0.9481319623363588,0.6887815585935024,0.2023315543159954
598538,2013J,19.0,1,1.0,0.0,13.014016992892225,0.9481319623363588,0.6887815585935024,0.2023315543159954
598581,2014J,201.0,5,0.8,182.0,9.411359574610687,0.9289967317396159,0.5971718162926833,0.10975532086963978
598614,2014B,194.0,10,1.0,182.0,15.871461755491081,0.9572673649561123,0.7366017948547608,0.2697724508753238
598623,2013J,208.0,11,1.0,189.0,16.61185680660673,0.9591324981908782,0.7467070380717318,0.2859948363016298
598624,2014B,194.0,11,1.0,182.0,16.820166071444753,0.9596282638177619,0.7494129870007343,0.29046306865897914
598694,2014B,194.0,11,1.0,182.0,16.820166071444753,0.9596282638177619,0.7494129870007343,0.29046306865897914
598709,2013J,208.0,11,1.0,189.0,16.61185680660673,0.9591324981908782,0.7467070380717318,0.2859948363016298
598760,2013J,208.0,10,1.0,189.0,15.674901714636082,0.9567432660170225,0.7337834276067934,0.2653764771134667
598769,2014J,54.0,2,1.0,35.0,12.9587830480666,0.9479167459046037,0.6876878781159758,0.2009582626927773
598837,2014J,201.0,5,0.8,182.0,9.411359574610687,0.9289967317396159,0.5971718162926833,0.10975532086963978
598865,2013J,208.0,6,1.0,189.0,12.426574174533352,0.9457477197896044,0.676748216855094,0.18761134039246355
598883,2013J,208.0,11,1.0,189.0,16.61185680660673,0.9591324981908782,0.7467070380717318,0.2859948363016298
598907,2013J,208.0,10,1.0,189.0,15.674901714636082,0.9567432660170225,0.7337834276067934,0.2653764771134667
598914,2013J,208.0,10,1.0,189.0,15.674901714636082,0.9567432660170225,0.7337834276067934,0.2653764771134667
598918,2014B,194.0,11,1.0,182.0,16.820166071444753,0.9596282638177619,0.7494129870007343,0.29046306865897914
598969,2013J,208.0,11,1.0,189.0,16.61185680660673,0.9591324981908782,0.7467070380717318,0.2859948363016298
598986,2013J,208.0,11,1.0,189.0,16.61185680660673,0.9591324981908782,0.7467070380717318,0.2859948363016298
599016,2013J,208.0,3,1.0,77.0,12.743976682255656,0.9470625099311235,0.6833615134338469,0.19559572293900107
599037,2013J,208.0,11,1.0,189.0,16.61185680660673,0.9591324981908782,0.7467070380717318,0.2859948363016298
599108,2014J,201.0,5,1.0,182.0,11.872718327576681,0.9432900076436247,0.6645331303399441,0.17352298832526095
599132,2014B,194.0,10,1.0,182.0,15.871461755491081,0.9572673649561123,0.7366017948547608,0.2697724508753238
599161,2014B,152.0,8,1.0,140.0,15.228699793230607,0.9555044598975224,0.7271584069289139,0.2552592889043663
599202,2014B,194.0,11,1.0,182.0,16.820166071444753,0.9596282638177619,0.7494129870007343,0.29046306865897914
599207,2014B,194.0,9,1.0,182.0,14.97626701104141,0.9547716843809574,0.7232637765324275,0.2494513853872069
599230,2013J,208.0,11,1.0,189.0,16.61185680660673,0.9591324981908782,0.7467070380717318,0.2859948363016298
599292,2013J,208.0,9,0.8888888888888888,189.0,12.99981409514213,0.9480767914372378,0.6885010507480218,0.20197864773330285
599355,2014J,201.0,5,0.8,182.0,9.411359574610687,0.9289967317396159,0.5971718162926833,0.10975532086963978
599402,2013J,208.0,8,0.875,189.0,12.070270354155399,0.9441917708826167,0.6689928513893814,0.17856910846811194
599423,2013J,19.0,1,1.0,0.0,13.014016992892225,0.9481319623363588,0.6887815585935024,0.2023315543159954
599432,2013J,19.0,1,1.0,0.0,13.014016992892225,0.9481319623363588,0.6887815585935024,0.2023315543159954
599434,2013J,47.0,2,1.0,28.0,13.121283519950303,0.9485448817778594,0.690884095136094,0.204991828608527
599495,2014B,194.0,11,1.0,182.0,16.820166071444753,0.9596282638177619,0.7494129870007343,0.29046306865897914
599639,2013J,96.0,5,1.0,77.0,14.313033017381674,0.9527262248120363,0.7124868260819801,0.23390720209740792
599640,2013J,19.0,1,1.0,0.0,13.014016992892225,0.9481319623363588,0.6887815585935024,0.2023315543159954
599644,2013J,96.0,5,1.0,77.0,14.313033017381674,0.9527262248120363,0.7124868260819801,0.23390720209740792
599709,2013J,131.0,4,1.0,112.0,12.689888839484961,0.94684298156694,0.6822534654793591,0.19424011654849965
599739,2013J,208.0,11,1.0,189.0,16.61185680660673,0.9591324981908782,0.7467070380717318,0.2859948363016298
599748,2013J,208.0,11,1.0,189.0,16.61185680660673,0.9591324981908782,0.7467070380717318,0.2859948363016298
599769,2014B,82.0,4,1.0,70.0,13.675097178185805,0.9505763260111401,0.7013082668595051,0.2185796978319925
599785,2013J,208.0,11,1.0,189.0,16.61185680660673,0.9591324981908782,0.7467070380717318,0.2859948363016298
599787,2013J,208.0,11,1.0,189.0,16.61185680660673,0.9591324981908782,0.7467070380717318,0.2859948363016298
599794,2013J,208.0,11,1.0,189.0,16.61185680660673,0.9591324981908782,0.7467070380717318,0.2859948363016298
599802,2013J,19.0,1,1.0,0.0,13.014016992892225,0.9481319623363588,0.6887815585935024,0.2023315543159954
599836,2013J,208.0,11,1.0,189.0,16.61185680660673,0.9591324981908782,0.7467070380717318,0.2859948363016298
599840,2013J,208.0,11,0.9090909090909091,189.0,14.947051931008295,0.9546853162919468,0.7228059186680567,0.2487753157766856
599895,2013J,208.0,11,1.0,189.0,16.61185680660673,0.9591324981908782,0.7467070380717318,0.2859948363016298
599908,2013J,208.0,11,1.0,189.0,16.61185680660673,0.9591324981908782,0.7467070380717318,0.2859948363016298
599960,2013J,54.0,3,1.0,35.0,13.733384253463113,0.9507808401984322,0.7023651422057456,0.21999491462114137
599990,2014B,194.0,11,1.0,182.0,16.820166071444753,0.9596282638177619,0.7494129870007343,0.29046306865897914
600121,2013J,208.0,11,1.0,189.0,16.61185680660673,0.9591324981908782,0.7467070380717318,0.2859948363016298
600279,2013J,208.0,11,1.0,189.0,16.61185680660673,0.9591324981908782,0.7467070380717318,0.2859948363016298
600370,2013J,208.0,11,1.0,189.0,16.61185680660673,0.9591324981908782,0.7467070380717318,0.2859948363016298
600387,2014J,201.0,5,0.8,182.0,9.411359574610687,0.9289967317396159,0.5971718162926833,0.10975532086963978
600398,2014J,201.0,5,0.8,182.0,9.411359574610687,0.9289967317396159,0.5971718162926833,0.10975532086963978
600404,2014J,19.0,1,1.0,0.0,13.014016992892225,0.9481319623363588,0.6887815585935024,0.2023315543159954
600407,2014B,12.0,1,1.0,0.0,13.014016992892225,0.9481319623363588,0.6887815585935024,0.2023315543159954
600415,2014J,201.0,5,1.0,182.0,11.872718327576681,0.9432900076436247,0.6645331303399441,0.17352298832526095
600428,2014J,201.0,5,1.0,182.0,11.872718327576681,0.9432900076436247,0.6645331303399441,0.17352298832526095
600449,2013J,54.0,3,1.0,35.0,13.733384253463113,0.9507808401984322,0.7023651422057456,0.21999491462114137
600463,2014J,201.0,5,1.0,182.0,11.872718327576681,0.9432900076436247,0.6645331303399441,0.17352298832526095
600470,2013J,96.0,4,1.0,77.0,13.505738003747421,0.9499723295010419,0.6981949260188494,0.2144512906576205
600490,2013J,208.0,10,1.0,189.0,15.674901714636082,0.9567432660170225,0.7337834276067934,0.2653764771134667
600579,2013J,47.0,2,1.0,28.0,13.121283519950303,0.9485448817778594,0.690884095136094,0.204991828608527
600606,2014J,201.0,5,0.8,182.0,9.411359574610687,0.9289967317396159,0.5971718162926833,0.10975532086963978
600658,2014J,19.0,1,1.0,0.0,13.014016992892225,0.9481319623363588,0.6887815585935024,0.2023315543159954
600664,2014J,201.0,5,1.0,182.0,11.872718327576681,0.9432900076436247,0.6645331303399441,0.17352298832526095
600684,2013J,208.0,11,1.0,189.0,16.61185680660673,0.9591324981908782,0.7467070380717318,0.2859948363016298
600740,2013J,208.0,11,1.0,189.0,16.61185680660673,0.9591324981908782,0.7467070380717318,0.2859948363016298
600749,2013J,19.0,1,1.0,0.0,13.014016992892225,0.9481319623363588,0.6887815585935024,0.2023315543159954
600770,2013J,19.0,1,1.0,0.0,13.014016992892225,0.9481319623363588,0.6887815585935024,0.2023315543159954
600771,2013J,208.0,11,1.0,189.0,16.61185680660673,0.9591324981908782,0.7467070380717318,0.2859948363016298
600845,2013J,19.0,1,1.0,0.0,13.014016992892225,0.9481319623363588,0.6887815585935024,0.2023315543159954
600856,2013J,208.0,11,1.0,189.0,16.61185680660673,0.9591324981908782,0.7467070380717318,0.2859948363016298
600966,2013J,208.0,11,1.0,189.0,16.61185680660673,0.9591324981908782,0.7467070380717318,0.2859948363016298
600967,2013J,19.0,1,1.0,0.0,13.014016992892225,0.9481319623363588,0.6887815585935024,0.2023315543159954
600999,2013J,54.0,3,1.0,35.0,13.733384253463113,0.9507808401984322,0.7023651422057456,0.21999491462114137
601010,2014B,194.0,10,0.9,182.0,14.130841592482957,0.9521315408374345,0.7093795500889342,0.22956652605310982
601238,2014B,194.0,10,1.0,182.0,15.871461755491081,0.9572673649561123,0.7366017948547608,0.2697724508753238
601243,2013J,208.0,11,1.0,189.0,16.61185680660673,0.9591324981908782,0.7467070380717318,0.2859948363016298
601247,2014J,201.0,5,1.0,182.0,11.872718327576681,0.9432900076436247,0.6645331303399441,0.17352298832526095
601251,2013J,208.0,11,1.0,189.0,16.61185680660673,0.9591324981908782,0.7467070380717318,0.2859948363016298
601269,2013J,208.0,9,1.0,189.0,14.7907935051416,0.9542177149466892,0.7203313634239693,0.2451456819031239
601316,2014J,54.0,2,0.5,35.0,7.249694803979926,0.9088179022009042,0.5120803526981007,0.056794489458313724
601346,2013J,208.0,11,1.0,189.0,16.61185680660673,0.9591324981908782,0.7467070380717318,0.2859948363016298
601356,2014B,194.0,11,0.9090909090909091,182.0,15.134484885402992,0.9552337614209082,0.7257175824849951,0.2530986961619158
601455,2013J,208.0,11,1.0,189.0,16.61185680660673,0.9591324981908782,0.7467070380717318,0.2859948363016298
601472,2013J,96.0,4,1.0,77.0,13.505738003747421,0.9499723295010419,0.6981949260188494,0.2144512906576205
601497,2013J,208.0,11,1.0,189.0,16.61185680660673,0.9591324981908782,0.7467070380717318,0.2859948363016298
601499,2013J,208.0,11,1.0,189.0,16.61185680660673,0.9591324981908782,0.7467070380717318,0.2859948363016298
601504,2013J,208.0,11,1.0,189.0,16.61185680660673,0.9591324981908782,0.7467070380717318,0.2859948363016298
601505,2013J,166.0,8,1.0,147.0,15.040100034768518,0.9549592523886019,0.7242589755840351,0.2509257470685547
601551,2013J,166.0,8,1.0,147.0,15.040100034768518,0.9549592523886019,0.7242589755840351,0.2509257470685547
601558,2013J,96.0,4,1.0,77.0,13.505738003747421,0.9499723295010419,0.6981949260188494,0.2144512906576205
601616,2014B,194.0,11,1.0,182.0,16.820166071444753,0.9596282638177619,0.7494129870007343,0.29046306865897914
601635,2013J,208.0,10,1.0,189.0,15.674901714636082,0.9567432660170225,0.7337834276067934,0.2653764771134667
601655,2013J,208.0,11,1.0,189.0,16.61185680660673,0.9591324981908782,0.7467070380717318,0.2859948363016298
601706,2013J,166.0,10,1.0,147.0,16.891858306842316,0.9597961175043891,0.7503310553378126,0.291991133980596
601803,2014J,54.0,2,1.0,35.0,12.9587830480666,0.9479167459046037,0.6876878781159758,0.2009582626927773
601862,2014B,194.0,11,1.0,182.0,16.820166071444753,0.9596282638177619,0.7494129870007343,0.29046306865897914
601874,2014J,201.0,5,1.0,182.0,11.872718327576681,0.9432900076436247,0.6645331303399441,0.17352298832526095
601885,2013J,208.0,11,1.0,189.0,16.61185680660673,0.9591324981908782,0.7467070380717318,0.2859948363016298
601887,2013J,208.0,11,1.0,189.0,16.61185680660673,0.9591324981908782,0.7467070380717318,0.2859948363016298
601896,2013J,208.0,11,1.0,189.0,16.61185680660673,0.9591324981908782,0.7467070380717318,0.2859948363016298
601930,2014J,54.0,2,1.0,35.0,12.9587830480666,0.9479167459046037,0.6876878781159758,0.2009582626927773
601934,2013J,131.0,7,0.5714285714285714,112.0,9.18096449964354,0.9272813100947668,0.5894955687685625,0.10383534070337137
601951,2013J,131.0,6,1.0,112.0,14.252285803327695,0.9525295906692174,0.7114581070042489,0.2324632375937027
601983,2014J,152.0,4,1.0,133.0,12.224230098094477,0.9448749135351181,0.6723884276206926,0.18248600271117035
602009,2013J,208.0,11,1.0,189.0,16.61185680660673,0.9591324981908782,0.7467070380717318,0.2859948363016298
602011,2014B,194.0,11,0.6363636363636364,182.0,11.025028926984549,0.939065236627005,0.6439769835943476,0.15166064870887339
602014,2013J,208.0,11,1.0,189.0,16.61185680660673,0.9591324981908782,0.7467070380717318,0.2859948363016298
602032,2013J,19.0,1,1.0,0.0,13.014016992892225,0.9481319623363588,0.6887815585935024,0.2023315543159954
602066,2013J,208.0,10,1.0,189.0,15.674901714636082,0.9567432660170225,0.7337834276067934,0.2653764771134667
602109,2014J,201.0,5,1.0,182.0,11.872718327576681,0.9432900076436247,0.6645331303399441,0.17352298832526095
602147,2013J,208.0,10,1.0,189.0,15.674901714636082,0.9567432660170225,0.7337834276067934,0.2653764771134667
602245,2013J,208.0,11,1.0,189.0,16.61185680660673,0.9591324981908782,0.7467070380717318,0.2859948363016298
602324,2013J,131.0,5,1.0,112.0,13.448417102127598,0.9497645453403545,0.6971266308941054,0.21304855883469448
602395,2013J,208.0,10,0.9,189.0,13.955838253564096,0.9515460619600212,0.7063317259452796,0.22536916061903828
602458,2013J,208.0,11,1.0,189.0,16.61185680660673,0.9591324981908782,0.7467070380717318,0.2859948363016298
602471,2014J,201.0,5,1.0,182.0,11.872718327576681,0.9432900076436247,0.6645331303399441,0.17352298832526095
602483,2013J,96.0,4,1.0,77.0,13.505738003747421,0.9499723295010419,0.6981949260188494,0.2144512906576205
602496,2013J,208.0,11,1.0,189.0,16.61185680660673,0.9591324981908782,0.7467070380717318,0.2859948363016298
602570,2014J,201.0,5,0.8,182.0,9.411359574610687,0.9289967317396159,0.5971718162926833,0.10975532086963978
602634,2013J,19.0,1,1.0,0.0,13.014016992892225,0.9481319623363588,0.6887815585935024,0.2023315543159954
602652,2013J,19.0,1,1.0,0.0,13.014016992892225,0.9481319623363588,0.6887815585935024,0.2023315543159954
602666,2014J,201.0,5,0.8,182.0,9.411359574610687,0.9289967317396159,0.5971718162926833,0.10975532086963978
602696,2014J,201.0,5,1.0,182.0,11.872718327576681,0.9432900076436247,0.6645331303399441,0.17352298832526095
602739,2013J,96.0,4,1.0,77.0,13.505738003747421,0.9499723295010419,0.6981949260188494,0.2144512906576205
602767,2013J,166.0,6,1.0,147.0,13.39133948123494,0.9495559212845436,0.6960554274382158,0.21164908214442668
602779,2014J,201.0,5,1.0,182.0,11.872718327576681,0.9432900076436247,0.6645331303399441,0.17352298832526095
602803,2013J,131.0,5,1.0,112.0,13.448417102127598,0.9497645453403545,0.6971266308941054,0.21304855883469448
602815,2014B,152.0,7,1.0,140.0,14.36975861757076,0.9529083764359935,0.7134409151339833,0.23525254883637753
602826,2013J,166.0,8,1.0,147.0,15.040100034768518,0.9549592523886019,0.7242589755840351,0.2509257470685547
602865,2014J,201.0,5,0.8,182.0,9.411359574610687,0.9289967317396159,0.5971718162926833,0.10975532086963978
602898,2014B,12.0,1,1.0,0.0,13.014016992892225,0.9481319623363588,0.6887815585935024,0.2023315543159954
602929,2014B,117.0,5,1.0,105.0,13.617057484259055,0.9503709844002922,0.7002484873148381,0.21716761122120323
602943,2014J,201.0,5,1.0,182.0,11.872718327576681,0.9432900076436247,0.6645331303399441,0.17352298832526095
602991,2014B,152.0,9,1.0,140.0,16.138983511439626,0.9579606022573045,0.7403439614947853,0.2756953560030644
603012,2013J,208.0,11,1.0,189.0,16.61185680660673,0.9591324981908782,0.7467070380717318,0.2859948363016298
603035,2013J,208.0,11,1.0,189.0,16.61185680660673,0.9591324981908782,0.7467070380717318,0.2859948363016298
603036,2013J,208.0,11,1.0,189.0,16.61185680660673,0.9591324981908782,0.7467070380717318,0.2859948363016298
603038,2013J,166.0,9,1.0,147.0,15.939110348700272,0.9574448152526764,0.7375581425470185,0.2712767358407156
603055,2014J,201.0,5,1.0,182.0,11.872718327576681,0.9432900076436247,0.6645331303399441,0.17352298832526095
603061,2014B,82.0,4,1.0,70.0,13.675097178185805,0.9505763260111401,0.7013082668595051,0.2185796978319925
603112,2014B,194.0,8,1.0,182.0,14.131563748903572,0.9521339275272744,0.7093919974991606,0.22958379018060376
603113,2014J,201.0,5,0.8,182.0,9.411359574610687,0.9289967317396159,0.5971718162926833,0.10975532086963978
603121,2014J,54.0,1,1.0,0.0,13.014016992892225,0.9481319623363588,0.6887815585935024,0.2023315543159954
603123,2013J,208.0,8,1.0,189.0,13.956551466442034,0.9515484770924864,0.7063442752943645,0.22538632162984673
603165,2013J,208.0,10,1.0,189.0,15.674901714636082,0.9567432660170225,0.7337834276067934,0.2653764771134667
603200,2014J,201.0,5,0.8,182.0,9.411359574610687,0.9289967317396159,0.5971718162926833,0.10975532086963978
603210,2013J,208.0,11,1.0,189.0,16.61185680660673,0.9591324981908782,0.7467070380717318,0.2859948363016298
603265,2013J,96.0,5,1.0,77.0,14.313033017381674,0.9527262248120363,0.7124868260819801,0.23390720209740792
603270,2013J,208.0,10,1.0,189.0,15.674901714636082,0.9567432660170225,0.7337834276067934,0.2653764771134667
603287,2013J,208.0,11,1.0,189.0,16.61185680660673,0.9591324981908782,0.7467070380717318,0.2859948363016298
603398,2013J,166.0,9,1.0,147.0,15.939110348700272,0.9574448152526764,0.7375581425470185,0.2712767358407156
603440,2013J,208.0,10,1.0,189.0,15.674901714636082,0.9567432660170225,0.7337834276067934,0.2653764771134667
603446,2013J,208.0,11,1.0,189.0,16.61185680660673,0.9591324981908782,0.7467070380717318,0.2859948363016298
603580,2014J,201.0,5,0.8,182.0,9.411359574610687,0.9289967317396159,0.5971718162926833,0.10975532086963978
603601,2013J,208.0,11,1.0,189.0,16.61185680660673,0.9591324981908782,0.7467070380717318,0.2859948363016298
603627,2013J,208.0,11,1.0,189.0,16.61185680660673,0.9591324981908782,0.7467070380717318,0.2859948363016298
603661,2013J,208.0,11,1.0,189.0,16.61185680660673,0.9591324981908782,0.7467070380717318,0.2859948363016298
603731,2014J,201.0,5,0.8,182.0,9.411359574610687,0.9289967317396159,0.5971718162926833,0.10975532086963978
603739,2014B,47.0,3,1.0,35.0,13.733384253463113,0.9507808401984322,0.7023651422057456,0.21999491462114137
603746,2014J,201.0,5,1.0,182.0,11.872718327576681,0.9432900076436247,0.6645331303399441,0.17352298832526095
603762,2014B,194.0,11,1.0,182.0,16.820166071444753,0.9596282638177619,0.7494129870007343,0.29046306865897914
603818,2013J,96.0,4,1.0,77.0,13.505738003747421,0.9499723295010419,0.6981949260188494,0.2144512906576205
603908,2013J,208.0,5,1.0,189.0,11.725680705240418,0.9425996852280017,0.6611363453771454,0.16975349002145
603910,2013J,54.0,3,1.0,35.0,13.733384253463113,0.9507808401984322,0.7023651422057456,0.21999491462114137
603912,2013J,208.0,11,1.0,189.0,16.61185680660673,0.9591324981908782,0.7467070380717318,0.2859948363016298
603921,2014J,201.0,5,1.0,182.0,11.872718327576681,0.9432900076436247,0.6645331303399441,0.17352298832526095
604095,2013J,166.0,8,1.0,147.0,15.040100034768518,0.9549592523886019,0.7242589755840351,0.2509257470685547
604106,2014B,194.0,11,1.0,182.0,16.820166071444753,0.9596282638177619,0.7494129870007343,0.29046306865897914
604116,2013J,208.0,11,1.0,189.0,16.61185680660673,0.9591324981908782,0.7467070380717318,0.2859948363016298
604147,2013J,208.0,8,1.0,161.0,14.669878729592586,0.9538492039616092,0.7183863159870328,0.24232133219276114
604151,2013J,208.0,10,1.0,189.0,15.674901714636082,0.9567432660170225,0.7337834276067934,0.2653764771134667
604154,2013J,208.0,10,1.0,189.0,15.674901714636082,0.9567432660170225,0.7337834276067934,0.2653764771134667
604187,2013J,208.0,10,1.0,189.0,15.674901714636082,0.9567432660170225,0.7337834276067934,0.2653764771134667
604196,2013J,208.0,9,1.0,189.0,14.7907935051416,0.9542177149466892,0.7203313634239693,0.2451456819031239
604200,2013J,208.0,11,1.0,189.0,16.61185680660673,0.9591324981908782,0.7467070380717318,0.2859948363016298
604204,2013J,208.0,10,1.0,189.0,15.674901714636082,0.9567432660170225,0.7337834276067934,0.2653764771134667
604238,2013J,208.0,11,1.0,189.0,16.61185680660673,0.9591324981908782,0.7467070380717318,0.2859948363016298
604267,2014B,47.0,3,1.0,35.0,13.733384253463113,0.9507808401984322,0.7023651422057456,0.21999491462114137
604292,2013J,208.0,11,1.0,189.0,16.61185680660673,0.9591324981908782,0.7467070380717318,0.2859948363016298
604315,2013J,208.0,11,1.0,189.0,16.61185680660673,0.9591324981908782,0.7467070380717318,0.2859948363016298
604356,2013J,208.0,10,1.0,189.0,15.674901714636082,0.9567432660170225,0.7337834276067934,0.2653764771134667
604358,2014J,201.0,5,1.0,182.0,11.872718327576681,0.9432900076436247,0.6645331303399441,0.17352298832526095
604543,2013J,208.0,10,1.0,189.0,15.674901714636082,0.9567432660170225,0.7337834276067934,0.2653764771134667
604556,2013J,208.0,11,1.0,189.0,16.61185680660673,0.9591324981908782,0.7467070380717318,0.2859948363016298
604725,2014J,201.0,5,0.8,182.0,9.411359574610687,0.9289967317396159,0.5971718162926833,0.10975532086963978
604731,2013J,208.0,9,0.6666666666666666,189.0,10.042190999157487,0.9333047462175047,0.6168283424089018,0.12609684826448075
604752,2013J,19.0,1,1.0,0.0,13.014016992892225,0.9481319623363588,0.6887815585935024,0.2023315543159954
604916,2013J,208.0,9,1.0,189.0,14.7907935051416,0.9542177149466892,0.7203313634239693,0.2451456819031239
604917,2013J,208.0,11,1.0,189.0,16.61185680660673,0.9591324981908782,0.7467070380717318,0.2859948363016298
604919,2013J,208.0,11,1.0,189.0,16.61185680660673,0.9591324981908782,0.7467070380717318,0.2859948363016298
604921,2013J,208.0,11,0.8181818181818182,189.0,13.449090250970881,0.9497669954696338,0.697139219745921,0.21306504763839054
604923,2013J,54.0,3,0.6666666666666666,35.0,9.324264292524726,0.9283578537015702,0.5943029836354272,0.10751336974368794
604932,2013J,208.0,11,1.0,189.0,16.61185680660673,0.9591324981908782,0.7467070380717318,0.2859948363016298
604939,2013J,208.0,11,1.0,189.0,16.61185680660673,0.9591324981908782,0.7467070380717318,0.2859948363016298
604942,2013J,166.0,8,0.875,147.0,13.007373204598501,0.9481061692593108,0.688650405519123,0.2021664919983148
604950,2014J,201.0,5,1.0,182.0,11.872718327576681,0.9432900076436247,0.6645331303399441,0.17352298832526095
604951,2013J,54.0,3,1.0,35.0,13.733384253463113,0.9507808401984322,0.7023651422057456,0.21999491462114137
604962,2014B,194.0,11,1.0,182.0,16.820166071444753,0.9596282638177619,0.7494129870007343,0.29046306865897914
604966,2013J,208.0,10,1.0,189.0,15.674901714636082,0.9567432660170225,0.7337834276067934,0.2653764771134667
604982,2013J,208.0,10,1.0,189.0,15.674901714636082,0.9567432660170225,0.7337834276067934,0.2653764771134667
604990,2014J,201.0,5,0.8,182.0,9.411359574610687,0.9289967317396159,0.5971718162926833,0.10975532086963978
605009,2013J,208.0,10,1.0,189.0,15.674901714636082,0.9567432660170225,0.7337834276067934,0.2653764771134667
605068,2014J,201.0,5,0.8,182.0,9.411359574610687,0.9289967317396159,0.5971718162926833,0.10975532086963978
605089,2014J,201.0,5,1.0,182.0,11.872718327576681,0.9432900076436247,0.6645331303399441,0.17352298832526095
605102,2013J,208.0,10,1.0,189.0,15.674901714636082,0.9567432660170225,0.7337834276067934,0.2653764771134667
605207,2013J,208.0,10,1.0,189.0,15.674901714636082,0.9567432660170225,0.7337834276067934,0.2653764771134667
605243,2014J,201.0,5,1.0,182.0,11.872718327576681,0.9432900076436247,0.6645331303399441,0.17352298832526095
605246,2013J,208.0,11,1.0,189.0,16.61185680660673,0.9591324981908782,0.7467070380717318,0.2859948363016298
605255,2013J,166.0,8,1.0,147.0,15.040100034768518,0.9549592523886019,0.7242589755840351,0.2509257470685547
605309,2013J,19.0,1,1.0,0.0,13.014016992892225,0.9481319623363588,0.6887815585935024,0.2023315543159954
605327,2013J,96.0,5,0.8,77.0,11.345767381423956,0.9407357295454225,0.6520388506225308,0.1599665471924574
605383,2014J,19.0,1,0.0,0.0,4.073074741435078,0.8435147679614741,0.3038427186416507,0.0060643005081270065
605390,2013J,208.0,10,1.0,189.0,15.674901714636082,0.9567432660170225,0.7337834276067934,0.2653764771134667
605438,2013J,208.0,11,1.0,189.0,16.61185680660673,0.9591324981908782,0.7467070380717318,0.2859948363016298
605594,2013J,166.0,6,1.0,147.0,13.39133948123494,0.9495559212845436,0.6960554274382158,0.21164908214442668
605595,2013J,166.0,7,1.0,147.0,14.191796411917649,0.9523321592602285,0.7104264980545231,0.23102208943808172
605597,2014B,194.0,8,1.0,182.0,14.131563748903572,0.9521339275272744,0.7093919974991606,0.22958379018060376
605672,2014B,194.0,10,1.0,182.0,15.871461755491081,0.9572673649561123,0.7366017948547608,0.2697724508753238
605679,2013J,208.0,10,1.0,189.0,15.674901714636082,0.9567432660170225,0.7337834276067934,0.2653764771134667
605693,2014B,194.0,11,1.0,182.0,16.820166071444753,0.9596282638177619,0.7494129870007343,0.29046306865897914
605770,2014J,201.0,5,1.0,182.0,11.872718327576681,0.9432900076436247,0.6645331303399441,0.17352298832526095
605771,2014J,201.0,5,0.8,182.0,9.411359574610687,0.9289967317396159,0.5971718162926833,0.10975532086963978
605832,2013J,208.0,11,1.0,189.0,16.61185680660673,0.9591324981908782,0.7467070380717318,0.2859948363016298
605854,2013J,208.0,11,0.9090909090909091,189.0,14.947051931008295,0.9546853162919468,0.7228059186680567,0.2487753157766856
605882,2013J,19.0,1,1.0,0.0,13.014016992892225,0.9481319623363588,0.6887815585935024,0.2023315543159954
605901,2014J,110.0,3,1.0,91.0,12.430275864473238,0.9457634296463958,0.6768269112364681,0.18770485552034183
605916,2013J,208.0,11,1.0,189.0,16.61185680660673,0.9591324981908782,0.7467070380717318,0.2859948363016298
605930,2013J,208.0,10,1.0,161.0,16.47605483381028,0.9588026880087812,0.7449115366638879,0.2830592080862646
605996,2014B,194.0,11,0.9090909090909091,182.0,15.134484885402992,0.9552337614209082,0.7257175824849951,0.2530986961619158
606027,2014J,201.0,5,1.0,182.0,11.872718327576681,0.9432900076436247,0.6645331303399441,0.17352298832526095
606063,2013J,19.0,1,1.0,0.0,13.014016992892225,0.9481319623363588,0.6887815585935024,0.2023315543159954
606069,2014B,194.0,10,1.0,182.0,15.871461755491081,0.9572673649561123,0.7366017948547608,0.2697724508753238
606097,2013J,208.0,11,1.0,189.0,16.61185680660673,0.9591324981908782,0.7467070380717318,0.2859948363016298
606105,2014J,201.0,5,0.8,182.0,9.411359574610687,0.9289967317396159,0.5971718162926833,0.10975532086963978
606134,2014J,201.0,5,1.0,182.0,11.872718327576681,0.9432900076436247,0.6645331303399441,0.17352298832526095
606179,2013J,208.0,11,1.0,189.0,16.61185680660673,0.9591324981908782,0.7467070380717318,0.2859948363016298
606194,2013J,208.0,10,1.0,189.0,15.674901714636082,0.9567432660170225,0.7337834276067934,0.2653764771134667
606229,2013J,208.0,11,1.0,189.0,16.61185680660673,0.9591324981908782,0.7467070380717318,0.2859948363016298
606239,2014J,201.0,5,0.8,182.0,9.411359574610687,0.9289967317396159,0.5971718162926833,0.10975532086963978
606313,2014B,194.0,11,1.0,182.0,16.820166071444753,0.9596282638177619,0.7494129870007343,0.29046306865897914
606355,2013J,166.0,8,0.875,147.0,13.007373204598501,0.9481061692593108,0.688650405519123,0.2021664919983148
606377,2013J,208.0,6,1.0,161.0,13.061703430321993,0.9483163450334564,0.6897197345662881,0.20351530807559984
606388,2013J,19.0,1,1.0,0.0,13.014016992892225,0.9481319623363588,0.6887815585935024,0.2023315543159954
606391,2014J,201.0,5,1.0,182.0,11.872718327576681,0.9432900076436247,0.6645331303399441,0.17352298832526095
606410,2013J,208.0,11,1.0,189.0,16.61185680660673,0.9591324981908782,0.7467070380717318,0.2859948363016298
606412,2013J,208.0,8,0.75,189.0,10.438927321889786,0.9357562711153838,0.6282597309862881,0.13642136436252889
606414,2013J,208.0,11,1.0,189.0,16.61185680660673,0.9591324981908782,0.7467070380717318,0.2859948363016298
606420,2013J,208.0,11,1.0,189.0,16.61185680660673,0.9591324981908782,0.7467070380717318,0.2859948363016298
606422,2013J,208.0,11,1.0,189.0,16.61185680660673,0.9591324981908782,0.7467070380717318,0.2859948363016298
606442,2014J,201.0,5,0.8,182.0,9.411359574610687,0.9289967317396159,0.5971718162926833,0.10975532086963978
606450,2013J,208.0,11,1.0,189.0,16.61185680660673,0.9591324981908782,0.7467070380717318,0.2859948363016298
606458,2013J,208.0,10,1.0,189.0,15.674901714636082,0.9567432660170225,0.7337834276067934,0.2653764771134667
606465,2013J,208.0,9,1.0,189.0,14.7907935051416,0.9542177149466892,0.7203313634239693,0.2451456819031239
606517,2014J,201.0,5,0.8,182.0,9.411359574610687,0.9289967317396159,0.5971718162926833,0.10975532086963978
606529,2014B,82.0,4,1.0,70.0,13.675097178185805,0.9505763260111401,0.7013082668595051,0.2185796978319925
606531,2014J,54.0,2,0.5,35.0,7.249694803979926,0.9088179022009042,0.5120803526981007,0.056794489458313724
606535,2014J,201.0,5,1.0,182.0,11.872718327576681,0.9432900076436247,0.6645331303399441,0.17352298832526095
606546,2013J,208.0,10,1.0,189.0,15.674901714636082,0.9567432660170225,0.7337834276067934,0.2653764771134667
606562,2013J,208.0,11,1.0,189.0,16.61185680660673,0.9591324981908782,0.7467070380717318,0.2859948363016298
606572,2013J,208.0,11,1.0,189.0,16.61185680660673,0.9591324981908782,0.7467070380717318,0.2859948363016298
606586,2014J,201.0,5,1.0,182.0,11.872718327576681,0.9432900076436247,0.6645331303399441,0.17352298832526095
606634,2014B,194.0,11,1.0,182.0,16.820166071444753,0.9596282638177619,0.7494129870007343,0.29046306865897914
606651,2013J,131.0,6,1.0,112.0,14.252285803327695,0.9525295906692174,0.7114581070042489,0.2324632375937027
606685,2013J,166.0,7,1.0,147.0,14.191796411917649,0.9523321592602285,0.7104264980545231,0.23102208943808172
606690,2014B,194.0,11,1.0,182.0,16.820166071444753,0.9596282638177619,0.7494129870007343,0.29046306865897914
606697,2013J,208.0,11,1.0,189.0,16.61185680660673,0.9591324981908782,0.7467070380717318,0.2859948363016298
606736,2013J,19.0,1,1.0,0.0,13.014016992892225,0.9481319623363588,0.6887815585935024,0.2023315543159954
606762,2013J,54.0,2,1.0,35.0,12.9587830480666,0.9479167459046037,0.6876878781159758,0.2009582626927773
606827,2013J,19.0,1,1.0,0.0,13.014016992892225,0.9481319623363588,0.6887815585935024,0.2023315543159954
606861,2014J,201.0,5,1.0,182.0,11.872718327576681,0.9432900076436247,0.6645331303399441,0.17352298832526095
606864,2014J,201.0,5,0.8,182.0,9.411359574610687,0.9289967317396159,0.5971718162926833,0.10975532086963978
606914,2014J,152.0,3,0.6666666666666666,133.0,7.831503871446407,0.9152962048888771,0.5381850524390668,0.07028292852837192
607062,2014J,201.0,5,0.4,182.0,5.913665705713,0.8893974338574564,0.4402213531947172,0.02970818788419758
607097,2013J,208.0,11,1.0,189.0,16.61185680660673,0.9591324981908782,0.7467070380717318,0.2859948363016298
607108,2014B,194.0,8,1.0,182.0,14.131563748903572,0.9521339275272744,0.7093919974991606,0.22958379018060376
607176,2014J,152.0,4,1.0,133.0,12.224230098094477,0.9448749135351181,0.6723884276206926,0.18248600271117035
607220,2014B,194.0,10,0.9,182.0,14.130841592482957,0.9521315408374345,0.7093795500889342,0.22956652605310982
607286,2013J,19.0,1,1.0,0.0,13.014016992892225,0.9481319623363588,0.6887815585935024,0.2023315543159954
607300,2013J,166.0,9,1.0,147.0,15.939110348700272,0.9574448152526764,0.7375581425470185,0.2712767358407156
607309,2013J,54.0,3,1.0,35.0,13.733384253463113,0.9507808401984322,0.7023651422057456,0.21999491462114137
607382,2013J,47.0,2,0.5,28.0,7.34060448448695,0.9098946600937046,0.5163424296886442,0.05884824135054231
607398,2013J,208.0,11,1.0,189.0,16.61185680660673,0.9591324981908782,0.7467070380717318,0.2859948363016298
607493,2013J,208.0,11,1.0,189.0,16.61185680660673,0.9591324981908782,0.7467070380717318,0.2859948363016298
607529,2014B,194.0,11,1.0,182.0,16.820166071444753,0.9596282638177619,0.7494129870007343,0.29046306865897914
607603,2014J,201.0,5,0.8,182.0,9.411359574610687,0.9289967317396159,0.5971718162926833,0.10975532086963978
607642,2013J,208.0,10,1.0,189.0,15.674901714636082,0.9567432660170225,0.7337834276067934,0.2653764771134667
607678,2014B,152.0,8,1.0,140.0,15.228699793230607,0.9555044598975224,0.7271584069289139,0.2552592889043663
607699,2013J,166.0,7,1.0,147.0,14.191796411917649,0.9523321592602285,0.7104264980545231,0.23102208943808172
607725,2013J,208.0,11,1.0,189.0,16.61185680660673,0.9591324981908782,0.7467070380717318,0.2859948363016298
607735,2013J,208.0,11,1.0,189.0,16.61185680660673,0.9591324981908782,0.7467070380717318,0.2859948363016298
607778,2013J,208.0,11,1.0,189.0,16.61185680660673,0.9591324981908782,0.7467070380717318,0.2859948363016298
607804,2013J,208.0,11,1.0,189.0,16.61185680660673,0.9591324981908782,0.7467070380717318,0.2859948363016298
607808,2013J,54.0,3,1.0,35.0,13.733384253463113,0.9507808401984322,0.7023651422057456,0.21999491462114137
607848,2013J,96.0,5,1.0,77.0,14.313033017381674,0.9527262248120363,0.7124868260819801,0.23390720209740792
607887,2013J,208.0,11,1.0,189.0,16.61185680660673,0.9591324981908782,0.7467070380717318,0.2859948363016298
607889,2013J,208.0,11,1.0,189.0,16.61185680660673,0.9591324981908782,0.7467070380717318,0.2859948363016298
607892,2013J,208.0,11,1.0,189.0,16.61185680660673,0.9591324981908782,0.7467070380717318,0.2859948363016298
607909,2013J,208.0,11,1.0,189.0,16.61185680660673,0.9591324981908782,0.7467070380717318,0.2859948363016298
607914,2013J,208.0,11,0.9090909090909091,189.0,14.947051931008295,0.9546853162919468,0.7228059186680567,0.2487753157766856
607923,2014J,201.0,5,1.0,182.0,11.872718327576681,0.9432900076436247,0.6645331303399441,0.17352298832526095
607937,2013J,208.0,11,1.0,189.0,16.61185680660673,0.9591324981908782,0.7467070380717318,0.2859948363016298
607953,2014B,194.0,10,1.0,182.0,15.871461755491081,0.9572673649561123,0.7366017948547608,0.2697724508753238
608000,2013J,208.0,11,1.0,189.0,16.61185680660673,0.9591324981908782,0.7467070380717318,0.2859948363016298
608041,2013J,208.0,10,1.0,189.0,15.674901714636082,0.9567432660170225,0.7337834276067934,0.2653764771134667
608047,2013J,208.0,11,1.0,189.0,16.61185680660673,0.9591324981908782,0.7467070380717318,0.2859948363016298
608068,2014J,110.0,3,0.6666666666666666,91.0,8.439520459795823,0.9211511789392633,0.5627511431774405,0.08509957049259294
608104,2014B,194.0,11,1.0,182.0,16.820166071444753,0.9596282638177619,0.7494129870007343,0.29046306865897914
608110,2014B,152.0,9,1.0,140.0,16.138983511439626,0.9579606022573045,0.7403439614947853,0.2756953560030644
608134,2014J,201.0,5,1.0,182.0,11.872718327576681,0.9432900076436247,0.6645331303399441,0.17352298832526095
608164,2014B,194.0,11,1.0,182.0,16.820166071444753,0.9596282638177619,0.7494129870007343,0.29046306865897914
608195,2014J,201.0,4,1.0,147.0,11.923323161888911,0.9435237670141109,0.66568674656955,0.17481767124294167
608264,2013J,208.0,11,1.0,189.0,16.61185680660673,0.9591324981908782,0.7467070380717318,0.2859948363016298
608407,2014B,194.0,11,1.0,182.0,16.820166071444753,0.9596282638177619,0.7494129870007343,0.29046306865897914
608419,2013J,208.0,11,1.0,189.0,16.61185680660673,0.9591324981908782,0.7467070380717318,0.2859948363016298
608448,2014J,201.0,5,1.0,182.0,11.872718327576681,0.9432900076436247,0.6645331303399441,0.17352298832526095
608497,2013J,54.0,3,1.0,35.0,13.733384253463113,0.9507808401984322,0.7023651422057456,0.21999491462114137
608564,2013J,131.0,6,1.0,112.0,14.252285803327695,0.9525295906692174,0.7114581070042489,0.2324632375937027
608578,2013J,208.0,11,1.0,189.0,16.61185680660673,0.9591324981908782,0.7467070380717318,0.2859948363016298
608623,2013J,208.0,11,1.0,189.0,16.61185680660673,0.9591324981908782,0.7467070380717318,0.2859948363016298
608647,2013J,208.0,11,0.9090909090909091,189.0,14.947051931008295,0.9546853162919468,0.7228059186680567,0.2487753157766856
608719,2013J,19.0,1,1.0,0.0,13.014016992892225,0.9481319623363588,0.6887815585935024,0.2023315543159954
608738,2013J,208.0,10,1.0,189.0,15.674901714636082,0.9567432660170225,0.7337834276067934,0.2653764771134667
608766,2013J,208.0,11,1.0,189.0,16.61185680660673,0.9591324981908782,0.7467070380717318,0.2859948363016298
608851,2014J,201.0,5,0.8,182.0,9.411359574610687,0.9289967317396159,0.5971718162926833,0.10975532086963978
608939,2013J,19.0,1,1.0,0.0,13.014016992892225,0.9481319623363588,0.6887815585935024,0.2023315543159954
608942,2013J,54.0,2,1.0,35.0,12.9587830480666,0.9479167459046037,0.6876878781159758,0.2009582626927773
609010,2013J,208.0,10,1.0,189.0,15.674901714636082,0.9567432660170225,0.7337834276067934,0.2653764771134667
609046,2013J,208.0,11,1.0,189.0,16.61185680660673,0.9591324981908782,0.7467070380717318,0.2859948363016298
609047,2013J,208.0,10,1.0,189.0,15.674901714636082,0.9567432660170225,0.7337834276067934,0.2653764771134667
609193,2013J,19.0,1,1.0,0.0,13.014016992892225,0.9481319623363588,0.6887815585935024,0.2023315543159954
609194,2014J,201.0,5,0.8,182.0,9.411359574610687,0.9289967317396159,0.5971718162926833,0.10975532086963978
609203,2014J,201.0,5,1.0,182.0,11.872718327576681,0.9432900076436247,0.6645331303399441,0.17352298832526095
609230,2013J,19.0,1,1.0,0.0,13.014016992892225,0.9481319623363588,0.6887815585935024,0.2023315543159954
609307,2013J,208.0,10,1.0,189.0,15.674901714636082,0.9567432660170225,0.7337834276067934,0.2653764771134667
609403,2014J,201.0,5,1.0,182.0,11.872718327576681,0.9432900076436247,0.6645331303399441,0.17352298832526095
609422,2014B,152.0,9,1.0,140.0,16.138983511439626,0.9579606022573045,0.7403439614947853,0.2756953560030644
609426,2014B,194.0,10,1.0,182.0,15.871461755491081,0.9572673649561123,0.7366017948547608,0.2697724508753238
609510,2013J,96.0,5,1.0,77.0,14.313033017381674,0.9527262248120363,0.7124868260819801,0.23390720209740792
609596,2014B,194.0,10,1.0,182.0,15.871461755491081,0.9572673649561123,0.7366017948547608,0.2697724508753238
609679,2013J,208.0,9,1.0,189.0,14.7907935051416,0.9542177149466892,0.7203313634239693,0.2451456819031239
609704,2013J,208.0,11,1.0,189.0,16.61185680660673,0.9591324981908782,0.7467070380717318,0.2859948363016298
609764,2013J,54.0,3,1.0,35.0,13.733384253463113,0.9507808401984322,0.7023651422057456,0.21999491462114137
609804,2013J,208.0,9,0.8888888888888888,189.0,12.99981409514213,0.9480767914372378,0.6885010507480218,0.20197864773330285
609811,2013J,208.0,11,0.9090909090909091,189.0,14.947051931008295,0.9546853162919468,0.7228059186680567,0.2487753157766856
609812,2013J,208.0,10,1.0,161.0,16.47605483381028,0.9588026880087812,0.7449115366638879,0.2830592080862646
609815,2013J,208.0,11,1.0,189.0,16.61185680660673,0.9591324981908782,0.7467070380717318,0.2859948363016298
609817,2013J,208.0,8,1.0,189.0,13.956551466442034,0.9515484770924864,0.7063442752943645,0.22538632162984673
609850,2013J,47.0,2,0.5,28.0,7.34060448448695,0.9098946600937046,0.5163424296886442,0.05884824135054231
609864,2013J,208.0,10,1.0,189.0,15.674901714636082,0.9567432660170225,0.7337834276067934,0.2653764771134667
609871,2013J,208.0,8,0.875,189.0,12.070270354155399,0.9441917708826167,0.6689928513893814,0.17856910846811194
609873,2013J,47.0,2,1.0,28.0,13.121283519950303,0.9485448817778594,0.690884095136094,0.204991828608527
609887,2013J,54.0,2,1.0,35.0,12.9587830480666,0.9479167459046037,0.6876878781159758,0.2009582626927773
609927,2014J,201.0,5,0.8,182.0,9.411359574610687,0.9289967317396159,0.5971718162926833,0.10975532086963978
610032,2013J,208.0,11,1.0,189.0,16.61185680660673,0.9591324981908782,0.7467070380717318,0.2859948363016298
610059,2013J,208.0,10,1.0,189.0,15.674901714636082,0.9567432660170225,0.7337834276067934,0.2653764771134667
610260,2013J,208.0,11,1.0,189.0,16.61185680660673,0.9591324981908782,0.7467070380717318,0.2859948363016298
610340,2014B,82.0,5,1.0,70.0,14.492515505111,0.953297796167274,0.7154843243067773,0.23815388506135335
610362,2013J,208.0,11,1.0,189.0,16.61185680660673,0.9591324981908782,0.7467070380717318,0.2859948363016298
610385,2014J,201.0,5,1.0,182.0,11.872718327576681,0.9432900076436247,0.6645331303399441,0.17352298832526095
610405,2014J,201.0,5,1.0,182.0,11.872718327576681,0.9432900076436247,0.6645331303399441,0.17352298832526095
610416,2014B,194.0,10,1.0,182.0,15.871461755491081,0.9572673649561123,0.7366017948547608,0.2697724508753238
610423,2013J,131.0,6,1.0,112.0,14.252285803327695,0.9525295906692174,0.7114581070042489,0.2324632375937027
610428,2013J,208.0,9,0.8888888888888888,189.0,12.99981409514213,0.9480767914372378,0.6885010507480218,0.20197864773330285
610470,2014J,201.0,5,1.0,182.0,11.872718327576681,0.9432900076436247,0.6645331303399441,0.17352298832526095
610494,2014J,19.0,1,0.0,0.0,4.073074741435078,0.8435147679614741,0.3038427186416507,0.0060643005081270065
610545,2014J,201.0,5,1.0,182.0,11.872718327576681,0.9432900076436247,0.6645331303399441,0.17352298832526095
610553,2013J,208.0,11,0.9090909090909091,189.0,14.947051931008295,0.9546853162919468,0.7228059186680567,0.2487753157766856
610700,2013J,54.0,3,1.0,35.0,13.733384253463113,0.9507808401984322,0.7023651422057456,0.21999491462114137
610725,2013J,208.0,9,1.0,189.0,14.7907935051416,0.9542177149466892,0.7203313634239693,0.2451456819031239
610731,2013J,96.0,3,1.0,77.0,12.743976682255656,0.9470625099311235,0.6833615134338469,0.19559572293900107
610745,2013J,208.0,11,1.0,189.0,16.61185680660673,0.9591324981908782,0.7467070380717318,0.2859948363016298
610750,2013J,208.0,11,1.0,189.0,16.61185680660673,0.9591324981908782,0.7467070380717318,0.2859948363016298
610759,2014B,194.0,10,0.9,182.0,14.130841592482957,0.9521315408374345,0.7093795500889342,0.22956652605310982
610763,2013J,208.0,11,1.0,189.0,16.61185680660673,0.9591324981908782,0.7467070380717318,0.2859948363016298
610776,2013J,54.0,1,1.0,0.0,13.014016992892225,0.9481319623363588,0.6887815585935024,0.2023315543159954
610780,2013J,166.0,8,1.0,147.0,15.040100034768518,0.9549592523886019,0.7242589755840351,0.2509257470685547
610802,2013J,131.0,7,1.0,112.0,15.104205132632336,0.9551460609362947,0.7252513114923546,0.25240250990260077
610804,2013J,96.0,4,1.0,77.0,13.505738003747421,0.9499723295010419,0.6981949260188494,0.2144512906576205
610906,2013J,208.0,11,1.0,189.0,16.61185680660673,0.9591324981908782,0.7467070380717318,0.2859948363016298
611004,2013J,54.0,3,1.0,35.0,13.733384253463113,0.9507808401984322,0.7023651422057456,0.21999491462114137
611012,2013J,208.0,11,1.0,189.0,16.61185680660673,0.9591324981908782,0.7467070380717318,0.2859948363016298
611017,2013J,208.0,11,0.9090909090909091,189.0,14.947051931008295,0.9546853162919468,0.7228059186680567,0.2487753157766856
611023,2013J,208.0,11,1.0,189.0,16.61185680660673,0.9591324981908782,0.7467070380717318,0.2859948363016298
611048,2013J,19.0,1,1.0,0.0,13.014016992892225,0.9481319623363588,0.6887815585935024,0.2023315543159954
611051,2013J,47.0,2,0.5,28.0,7.34060448448695,0.9098946600937046,0.5163424296886442,0.05884824135054231
611060,2013J,208.0,11,1.0,189.0,16.61185680660673,0.9591324981908782,0.7467070380717318,0.2859948363016298
611182,2013J,96.0,4,1.0,77.0,13.505738003747421,0.9499723295010419,0.6981949260188494,0.2144512906576205
611228,2013J,208.0,10,1.0,189.0,15.674901714636082,0.9567432660170225,0.7337834276067934,0.2653764771134667
611233,2014B,82.0,4,1.0,70.0,13.675097178185805,0.9505763260111401,0.7013082668595051,0.2185796978319925
611241,2014J,201.0,5,1.0,182.0,11.872718327576681,0.9432900076436247,0.6645331303399441,0.17352298832526095
611268,2013J,208.0,15,0.9333333333333333,189.0,19.392731719080594,0.9648885975917634,0.77864629170361,0.3422277538894835
611275,2014J,54.0,2,0.5,35.0,7.249694803979926,0.9088179022009042,0.5120803526981007,0.056794489458313724
611315,2013J,208.0,10,1.0,189.0,15.674901714636082,0.9567432660170225,0.7337834276067934,0.2653764771134667
611329,2014J,201.0,5,0.8,182.0,9.411359574610687,0.9289967317396159,0.5971718162926833,0.10975532086963978
611348,2014B,194.0,11,0.9090909090909091,182.0,15.134484885402992,0.9552337614209082,0.7257175824849951,0.2530986961619158
611383,2013J,208.0,10,1.0,189.0,15.674901714636082,0.9567432660170225,0.7337834276067934,0.2653764771134667
611475,2014B,194.0,10,1.0,182.0,15.871461755491081,0.9572673649561123,0.7366017948547608,0.2697724508753238
611531,2013J,208.0,11,1.0,189.0,16.61185680660673,0.9591324981908782,0.7467070380717318,0.2859948363016298
611586,2014B,47.0,3,1.0,35.0,13.733384253463113,0.9507808401984322,0.7023651422057456,0.21999491462114137
611688,2013J,208.0,10,1.0,189.0,15.674901714636082,0.9567432660170225,0.7337834276067934,0.2653764771134667
611690,2013J,208.0,10,0.9,189.0,13.955838253564096,0.9515460619600212,0.7063317259452796,0.22536916061903828
611821,2014J,201.0,5,0.8,182.0,9.411359574610687,0.9289967317396159,0.5971718162926833,0.10975532086963978
611974,2014B,117.0,6,1.0,105.0,14.431006533497468,0.9531034804844484,0.7144640619516958,0.23670185660004425
612082,2014B,194.0,11,1.0,182.0,16.820166071444753,0.9596282638177619,0.7494129870007343,0.29046306865897914
612120,2014B,117.0,7,1.0,105.0,15.293608755825733,0.9556890600243851,0.7281423683403853,0.2567428969729942
612135,2014J,201.0,5,1.0,182.0,11.872718327576681,0.9432900076436247,0.6645331303399441,0.17352298832526095
612210,2013J,208.0,10,1.0,189.0,15.674901714636082,0.9567432660170225,0.7337834276067934,0.2653764771134667
612212,2014B,47.0,2,1.0,35.0,12.9587830480666,0.9479167459046037,0.6876878781159758,0.2009582626927773
612217,2013J,208.0,9,1.0,189.0,14.7907935051416,0.9542177149466892,0.7203313634239693,0.2451456819031239
612230,2014J,201.0,5,1.0,182.0,11.872718327576681,0.9432900076436247,0.6645331303399441,0.17352298832526095
612247,2014J,152.0,4,1.0,133.0,12.224230098094477,0.9448749135351181,0.6723884276206926,0.18248600271117035
612252,2013J,208.0,11,1.0,189.0,16.61185680660673,0.9591324981908782,0.7467070380717318,0.2859948363016298
612255,2013J,208.0,11,1.0,189.0,16.61185680660673,0.9591324981908782,0.7467070380717318,0.2859948363016298
612337,2014J,19.0,1,0.0,0.0,4.073074741435078,0.8435147679614741,0.3038427186416507,0.0060643005081270065
612355,2013J,208.0,10,1.0,189.0,15.674901714636082,0.9567432660170225,0.7337834276067934,0.2653764771134667
612361,2013J,208.0,11,1.0,189.0,16.61185680660673,0.9591324981908782,0.7467070380717318,0.2859948363016298
612370,2014B,194.0,10,1.0,182.0,15.871461755491081,0.9572673649561123,0.7366017948547608,0.2697724508753238
612473,2014J,19.0,1,1.0,0.0,13.014016992892225,0.9481319623363588,0.6887815585935024,0.2023315543159954
612484,2013J,166.0,9,1.0,147.0,15.939110348700272,0.9574448152526764,0.7375581425470185,0.2712767358407156
612488,2013J,208.0,10,1.0,189.0,15.674901714636082,0.9567432660170225,0.7337834276067934,0.2653764771134667
612517,2013J,208.0,5,1.0,189.0,11.725680705240418,0.9425996852280017,0.6611363453771454,0.16975349002145
612566,2014J,201.0,5,1.0,182.0,11.872718327576681,0.9432900076436247,0.6645331303399441,0.17352298832526095
612600,2014B,82.0,5,1.0,70.0,14.492515505111,0.953297796167274,0.7154843243067773,0.23815388506135335
612656,2013J,208.0,11,1.0,189.0,16.61185680660673,0.9591324981908782,0.7467070380717318,0.2859948363016298
612658,2013J,208.0,11,1.0,189.0,16.61185680660673,0.9591324981908782,0.7467070380717318,0.2859948363016298
612661,2013J,208.0,11,1.0,189.0,16.61185680660673,0.9591324981908782,0.7467070380717318,0.2859948363016298
612684,2013J,208.0,10,1.0,189.0,15.674901714636082,0.9567432660170225,0.7337834276067934,0.2653764771134667
612721,2014B,194.0,11,1.0,182.0,16.820166071444753,0.9596282638177619,0.7494129870007343,0.29046306865897914
612750,2014J,201.0,5,1.0,182.0,11.872718327576681,0.9432900076436247,0.6645331303399441,0.17352298832526095
612756,2014B,194.0,11,1.0,182.0,16.820166071444753,0.9596282638177619,0.7494129870007343,0.29046306865897914
612757,2013J,208.0,10,1.0,189.0,15.674901714636082,0.9567432660170225,0.7337834276067934,0.2653764771134667
612841,2014B,194.0,10,1.0,154.0,16.682661169863994,0.9593023691100526,0.7476332694171496,0.287518312210947
612862,2014B,194.0,10,1.0,182.0,15.871461755491081,0.9572673649561123,0.7366017948547608,0.2697724508753238
612891,2013J,208.0,11,1.0,189.0,16.61185680660673,0.9591324981908782,0.7467070380717318,0.2859948363016298
612919,2014B,194.0,11,1.0,182.0,16.820166071444753,0.9596282638177619,0.7494129870007343,0.29046306865897914
613038,2014B,152.0,6,1.0,70.0,15.358794378508875,0.9558729121108258,0.7291234766237825,0.2582287764088312
613047,2014B,152.0,8,1.0,112.0,16.00704727906666,0.9576215451018238,0.7385116650724007,0.27278297102705745
613093,2014B,194.0,10,1.0,154.0,16.682661169863994,0.9593023691100526,0.7476332694171496,0.287518312210947
613102,2014J,201.0,5,1.0,182.0,11.872718327576681,0.9432900076436247,0.6645331303399441,0.17352298832526095
613135,2014J,201.0,5,0.6,182.0,7.460270394597564,0.9112738674779399,0.5218460657031242,0.06158394229354896
613158,2013J,208.0,11,1.0,189.0,16.61185680660673,0.9591324981908782,0.7467070380717318,0.2859948363016298
613160,2013J,208.0,9,1.0,189.0,14.7907935051416,0.9542177149466892,0.7203313634239693,0.2451456819031239
613161,2014B,12.0,1,0.0,0.0,4.073074741435078,0.8435147679614741,0.3038427186416507,0.0060643005081270065
613162,2014B,194.0,11,0.9090909090909091,175.0,15.32426821046311,0.9557757235736329,0.728604698631154,0.2574422729394477
613164,2013J,208.0,11,1.0,189.0,16.61185680660673,0.9591324981908782,0.7467070380717318,0.2859948363016298
613170,2014B,194.0,11,1.0,182.0,16.820166071444753,0.9596282638177619,0.7494129870007343,0.29046306865897914
613171,2013J,208.0,11,1.0,189.0,16.61185680660673,0.9591324981908782,0.7467070380717318,0.2859948363016298
613173,2013J,208.0,11,1.0,189.0,16.61185680660673,0.9591324981908782,0.7467070380717318,0.2859948363016298
613175,2013J,166.0,7,1.0,147.0,14.191796411917649,0.9523321592602285,0.7104264980545231,0.23102208943808172
613177,2013J,208.0,11,1.0,189.0,16.61185680660673,0.9591324981908782,0.7467070380717318,0.2859948363016298
613191,2013J,19.0,1,1.0,0.0,13.014016992892225,0.9481319623363588,0.6887815585935024,0.2023315543159954
613196,2013J,208.0,10,1.0,161.0,16.47605483381028,0.9588026880087812,0.7449115366638879,0.2830592080862646
613199,2014B,194.0,13,1.0,182.0,18.89108857784099,0.9639732301605984,0.7734901989416296,0.332620649519863
613200,2013J,208.0,11,1.0,189.0,16.61185680660673,0.9591324981908782,0.7467070380717318,0.2859948363016298
613203,2013J,208.0,11,1.0,189.0,16.61185680660673,0.9591324981908782,0.7467070380717318,0.2859948363016298
613205,2014B,194.0,10,1.0,182.0,15.871461755491081,0.9572673649561123,0.7366017948547608,0.2697724508753238
613208,2013J,208.0,11,1.0,189.0,16.61185680660673,0.9591324981908782,0.7467070380717318,0.2859948363016298
613293,2013J,208.0,11,1.0,189.0,16.61185680660673,0.9591324981908782,0.7467070380717318,0.2859948363016298
613299,2014B,117.0,6,1.0,105.0,14.431006533497468,0.9531034804844484,0.7144640619516958,0.23670185660004425
613355,2014B,194.0,10,1.0,182.0,15.871461755491081,0.9572673649561123,0.7366017948547608,0.2697724508753238
613416,2013J,208.0,9,1.0,189.0,14.7907935051416,0.9542177149466892,0.7203313634239693,0.2451456819031239
613418,2013J,208.0,11,1.0,189.0,16.61185680660673,0.9591324981908782,0.7467070380717318,0.2859948363016298
613426,2014B,194.0,11,1.0,182.0,16.820166071444753,0.9596282638177619,0.7494129870007343,0.29046306865897914
613703,2014B,194.0,10,0.9,182.0,14.130841592482957,0.9521315408374345,0.7093795500889342,0.22956652605310982
613718,2014B,194.0,10,1.0,182.0,15.871461755491081,0.9572673649561123,0.7366017948547608,0.2697724508753238
613722,2014B,194.0,10,1.0,154.0,16.682661169863994,0.9593023691100526,0.7476332694171496,0.287518312210947
613735,2013J,208.0,10,1.0,189.0,15.674901714636082,0.9567432660170225,0.7337834276067934,0.2653764771134667
613738,2013J,208.0,10,1.0,189.0,15.674901714636082,0.9567432660170225,0.7337834276067934,0.2653764771134667
613743,2014B,194.0,10,1.0,182.0,15.871461755491081,0.9572673649561123,0.7366017948547608,0.2697724508753238
613791,2014B,82.0,5,1.0,70.0,14.492515505111,0.953297796167274,0.7154843243067773,0.23815388506135335
613832,2014B,117.0,6,1.0,105.0,14.431006533497468,0.9531034804844484,0.7144640619516958,0.23670185660004425
613842,2014B,82.0,4,1.0,70.0,13.675097178185805,0.9505763260111401,0.7013082668595051,0.2185796978319925
613856,2014B,152.0,9,1.0,140.0,16.138983511439626,0.9579606022573045,0.7403439614947853,0.2756953560030644
613874,2014B,194.0,11,1.0,182.0,16.820166071444753,0.9596282638177619,0.7494129870007343,0.29046306865897914
613881,2014B,194.0,10,1.0,182.0,15.871461755491081,0.9572673649561123,0.7366017948547608,0.2697724508753238
613909,2014J,201.0,5,1.0,182.0,11.872718327576681,0.9432900076436247,0.6645331303399441,0.17352298832526095
613946,2014B,152.0,9,1.0,140.0,16.138983511439626,0.9579606022573045,0.7403439614947853,0.2756953560030644
614013,2013J,208.0,8,1.0,189.0,13.956551466442034,0.9515484770924864,0.7063442752943645,0.22538632162984673
614039,2014B,194.0,10,1.0,182.0,15.871461755491081,0.9572673649561123,0.7366017948547608,0.2697724508753238
614064,2013J,208.0,10,1.0,189.0,15.674901714636082,0.9567432660170225,0.7337834276067934,0.2653764771134667
614068,2013J,131.0,6,1.0,112.0,14.252285803327695,0.9525295906692174,0.7114581070042489,0.2324632375937027
614072,2013J,208.0,11,1.0,189.0,16.61185680660673,0.9591324981908782,0.7467070380717318,0.2859948363016298
614117,2014B,194.0,10,1.0,154.0,16.682661169863994,0.9593023691100526,0.7476332694171496,0.287518312210947
614130,2014B,194.0,11,1.0,182.0,16.820166071444753,0.9596282638177619,0.7494129870007343,0.29046306865897914
614148,2013J,54.0,3,1.0,35.0,13.733384253463113,0.9507808401984322,0.7023651422057456,0.21999491462114137
614159,2014J,201.0,5,0.8,182.0,9.411359574610687,0.9289967317396159,0.5971718162926833,0.10975532086963978
614212,2014B,194.0,11,1.0,182.0,16.820166071444753,0.9596282638177619,0.7494129870007343,0.29046306865897914
614357,2014B,194.0,11,1.0,182.0,16.820166071444753,0.9596282638177619,0.7494129870007343,0.29046306865897914
614495,2013J,208.0,11,1.0,189.0,16.61185680660673,0.9591324981908782,0.7467070380717318,0.2859948363016298
614546,2013J,208.0,11,1.0,189.0,16.61185680660673,0.9591324981908782,0.7467070380717318,0.2859948363016298
614556,2013J,208.0,11,1.0,189.0,16.61185680660673,0.9591324981908782,0.7467070380717318,0.2859948363016298
614583,2014B,194.0,11,1.0,182.0,16.820166071444753,0.9596282638177619,0.7494129870007343,0.29046306865897914
614601,2014B,194.0,9,1.0,182.0,14.97626701104141,0.9547716843809574,0.7232637765324275,0.2494513853872069
614629,2014B,194.0,11,1.0,182.0,16.820166071444753,0.9596282638177619,0.7494129870007343,0.29046306865897914
614668,2014B,194.0,11,1.0,182.0,16.820166071444753,0.9596282638177619,0.7494129870007343,0.29046306865897914
614693,2014B,152.0,9,1.0,140.0,16.138983511439626,0.9579606022573045,0.7403439614947853,0.2756953560030644
614728,2014B,194.0,10,1.0,182.0,15.871461755491081,0.9572673649561123,0.7366017948547608,0.2697724508753238
614732,2014B,194.0,11,1.0,182.0,16.820166071444753,0.9596282638177619,0.7494129870007343,0.29046306865897914
614734,2014B,152.0,7,1.0,140.0,14.36975861757076,0.9529083764359935,0.7134409151339833,0.23525254883637753
614738,2014B,194.0,11,1.0,182.0,16.820166071444753,0.9596282638177619,0.7494129870007343,0.29046306865897914
614741,2014B,194.0,10,1.0,182.0,15.871461755491081,0.9572673649561123,0.7366017948547608,0.2697724508753238
614742,2014B,194.0,10,1.0,182.0,15.871461755491081,0.9572673649561123,0.7366017948547608,0.2697724508753238
614744,2014B,194.0,9,1.0,182.0,14.97626701104141,0.9547716843809574,0.7232637765324275,0.2494513853872069
614745,2014B,152.0,9,1.0,140.0,16.138983511439626,0.9579606022573045,0.7403439614947853,0.2756953560030644
614813,2014B,47.0,3,1.0,35.0,13.733384253463113,0.9507808401984322,0.7023651422057456,0.21999491462114137
614871,2014B,194.0,11,1.0,182.0,16.820166071444753,0.9596282638177619,0.7494129870007343,0.29046306865897914
614909,2014B,194.0,11,1.0,182.0,16.820166071444753,0.9596282638177619,0.7494129870007343,0.29046306865897914
615025,2014B,194.0,9,1.0,182.0,14.97626701104141,0.9547716843809574,0.7232637765324275,0.2494513853872069
615028,2014B,152.0,9,1.0,140.0,16.138983511439626,0.9579606022573045,0.7403439614947853,0.2756953560030644
615090,2014B,194.0,10,1.0,182.0,15.871461755491081,0.9572673649561123,0.7366017948547608,0.2697724508753238
615127,2013J,208.0,11,1.0,189.0,16.61185680660673,0.9591324981908782,0.7467070380717318,0.2859948363016298
615148,2013J,96.0,5,1.0,77.0,14.313033017381674,0.9527262248120363,0.7124868260819801,0.23390720209740792
615165,2014J,54.0,2,1.0,35.0,12.9587830480666,0.9479167459046037,0.6876878781159758,0.2009582626927773
615173,2014B,194.0,8,1.0,182.0,14.131563748903572,0.9521339275272744,0.7093919974991606,0.22958379018060376
615218,2014B,12.0,1,1.0,0.0,13.014016992892225,0.9481319623363588,0.6887815585935024,0.2023315543159954
615259,2014B,194.0,11,1.0,182.0,16.820166071444753,0.9596282638177619,0.7494129870007343,0.29046306865897914
615263,2014J,54.0,2,1.0,35.0,12.9587830480666,0.9479167459046037,0.6876878781159758,0.2009582626927773
615319,2014B,82.0,4,1.0,70.0,13.675097178185805,0.9505763260111401,0.7013082668595051,0.2185796978319925
615443,2014B,194.0,9,1.0,182.0,14.97626701104141,0.9547716843809574,0.7232637765324275,0.2494513853872069
616342,2013J,208.0,10,1.0,189.0,15.674901714636082,0.9567432660170225,0.7337834276067934,0.2653764771134667
616354,2014B,12.0,1,1.0,0.0,13.014016992892225,0.9481319623363588,0.6887815585935024,0.2023315543159954
616377,2014B,152.0,8,1.0,140.0,15.228699793230607,0.9555044598975224,0.7271584069289139,0.2552592889043663
616464,2014B,12.0,1,1.0,0.0,13.014016992892225,0.9481319623363588,0.6887815585935024,0.2023315543159954
616511,2014B,152.0,9,1.0,140.0,16.138983511439626,0.9579606022573045,0.7403439614947853,0.2756953560030644
616526,2014B,117.0,6,1.0,105.0,14.431006533497468,0.9531034804844484,0.7144640619516958,0.23670185660004425
616536,2014B,194.0,11,1.0,182.0,16.820166071444753,0.9596282638177619,0.7494129870007343,0.29046306865897914
616660,2014J,201.0,5,0.8,182.0,9.411359574610687,0.9289967317396159,0.5971718162926833,0.10975532086963978
616670,2014B,194.0,10,1.0,182.0,15.871461755491081,0.9572673649561123,0.7366017948547608,0.2697724508753238
616735,2013J,208.0,11,1.0,189.0,16.61185680660673,0.9591324981908782,0.7467070380717318,0.2859948363016298
616739,2014B,194.0,11,1.0,182.0,16.820166071444753,0.9596282638177619,0.7494129870007343,0.29046306865897914
616914,2014B,194.0,10,1.0,182.0,15.871461755491081,0.9572673649561123,0.7366017948547608,0.2697724508753238
616919,2014B,194.0,11,1.0,182.0,16.820166071444753,0.9596282638177619,0.7494129870007343,0.29046306865897914
617012,2014B,194.0,9,1.0,182.0,14.97626701104141,0.9547716843809574,0.7232637765324275,0.2494513853872069
617116,2013J,208.0,9,1.0,189.0,14.7907935051416,0.9542177149466892,0.7203313634239693,0.2451456819031239
617126,2014B,47.0,2,1.0,7.0,13.621113801309303,0.9503853908816636,0.7003227951695112,0.21726639292771016
617134,2014B,117.0,7,1.0,105.0,15.293608755825733,0.9556890600243851,0.7281423683403853,0.2567428969729942
617146,2014B,47.0,3,1.0,35.0,13.733384253463113,0.9507808401984322,0.7023651422057456,0.21999491462114137
617147,2014B,152.0,8,0.875,140.0,13.17048298704293,0.9487320829549624,0.6918391120552879,0.20620900020823474
617190,2014B,194.0,10,1.0,182.0,15.871461755491081,0.9572673649561123,0.7366017948547608,0.2697724508753238
617225,2014B,194.0,11,1.0,182.0,16.820166071444753,0.9596282638177619,0.7494129870007343,0.29046306865897914
617287,2014B,194.0,9,0.8888888888888888,182.0,13.162829087910003,0.9487030498025707,0.6916909237653851,0.2060197716063296
617296,2014B,117.0,4,1.0,77.0,13.505738003747421,0.9499723295010419,0.6981949260188494,0.2144512906576205
617297,2014J,201.0,9,1.0,189.0,14.7907935051416,0.9542177149466892,0.7203313634239693,0.2451456819031239
617472,2013J,208.0,11,1.0,189.0,16.61185680660673,0.9591324981908782,0.7467070380717318,0.2859948363016298
617521,2014J,201.0,5,1.0,182.0,11.872718327576681,0.9432900076436247,0.6645331303399441,0.17352298832526095
617525,2014J,201.0,5,1.0,182.0,11.872718327576681,0.9432900076436247,0.6645331303399441,0.17352298832526095
617530,2014J,201.0,5,1.0,182.0,11.872718327576681,0.9432900076436247,0.6645331303399441,0.17352298832526095
617556,2014B,12.0,1,1.0,0.0,13.014016992892225,0.9481319623363588,0.6887815585935024,0.2023315543159954
617560,2014B,194.0,11,0.9090909090909091,182.0,15.134484885402992,0.9552337614209082,0.7257175824849951,0.2530986961619158
617576,2014B,194.0,10,1.0,182.0,15.871461755491081,0.9572673649561123,0.7366017948547608,0.2697724508753238
617714,2014B,117.0,5,1.0,77.0,14.313033017381674,0.9527262248120363,0.7124868260819801,0.23390720209740792
617717,2014B,194.0,6,0.6666666666666666,182.0,8.542805535550947,0.9220663268609266,0.5666764121163347,0.08767279792783692
617764,2014B,194.0,11,1.0,182.0,16.820166071444753,0.9596282638177619,0.7494129870007343,0.29046306865897914
617792,2014B,194.0,11,1.0,182.0,16.820166071444753,0.9596282638177619,0.7494129870007343,0.29046306865897914
617811,2014J,19.0,1,1.0,0.0,13.014016992892225,0.9481319623363588,0.6887815585935024,0.2023315543159954
617813,2014B,194.0,11,1.0,182.0,16.820166071444753,0.9596282638177619,0.7494129870007343,0.29046306865897914
617843,2014B,47.0,2,1.0,35.0,12.9587830480666,0.9479167459046037,0.6876878781159758,0.2009582626927773
617959,2014B,82.0,1,1.0,0.0,13.014016992892225,0.9481319623363588,0.6887815585935024,0.2023315543159954
618137,2014B,12.0,1,1.0,0.0,13.014016992892225,0.9481319623363588,0.6887815585935024,0.2023315543159954
618145,2014B,194.0,11,1.0,182.0,16.820166071444753,0.9596282638177619,0.7494129870007343,0.29046306865897914
618151,2014B,194.0,10,1.0,182.0,15.871461755491081,0.9572673649561123,0.7366017948547608,0.2697724508753238
618197,2014J,201.0,8,0.875,189.0,12.070270354155399,0.9441917708826167,0.6689928513893814,0.17856910846811194
618205,2014B,194.0,11,1.0,182.0,16.820166071444753,0.9596282638177619,0.7494129870007343,0.29046306865897914
618258,2014B,194.0,10,1.0,182.0,15.871461755491081,0.9572673649561123,0.7366017948547608,0.2697724508753238
618265,2014B,12.0,1,1.0,0.0,13.014016992892225,0.9481319623363588,0.6887815585935024,0.2023315543159954
618399,2014B,194.0,11,0.9090909090909091,182.0,15.134484885402992,0.9552337614209082,0.7257175824849951,0.2530986961619158
618589,2014J,201.0,5,0.6,182.0,7.460270394597564,0.9112738674779399,0.5218460657031242,0.06158394229354896
618631,2014B,47.0,3,1.0,35.0,13.733384253463113,0.9507808401984322,0.7023651422057456,0.21999491462114137
618632,2014B,194.0,10,1.0,182.0,15.871461755491081,0.9572673649561123,0.7366017948547608,0.2697724508753238
618670,2014B,194.0,11,1.0,182.0,16.820166071444753,0.9596282638177619,0.7494129870007343,0.29046306865897914
618673,2014B,117.0,6,1.0,105.0,14.431006533497468,0.9531034804844484,0.7144640619516958,0.23670185660004425
618734,2014J,152.0,4,1.0,133.0,12.224230098094477,0.9448749135351181,0.6723884276206926,0.18248600271117035
618869,2014B,194.0,11,1.0,182.0,16.820166071444753,0.9596282638177619,0.7494129870007343,0.29046306865897914
618882,2014B,194.0,9,1.0,182.0,14.97626701104141,0.9547716843809574,0.7232637765324275,0.2494513853872069
618951,2014B,194.0,11,1.0,182.0,16.820166071444753,0.9596282638177619,0.7494129870007343,0.29046306865897914
618960,2014J,54.0,2,1.0,35.0,12.9587830480666,0.9479167459046037,0.6876878781159758,0.2009582626927773
618965,2014B,12.0,1,1.0,0.0,13.014016992892225,0.9481319623363588,0.6887815585935024,0.2023315543159954
618981,2014B,194.0,10,0.9,182.0,14.130841592482957,0.9521315408374345,0.7093795500889342,0.22956652605310982
618983,2014J,110.0,3,1.0,91.0,12.430275864473238,0.9457634296463958,0.6768269112364681,0.18770485552034183
618994,2014J,201.0,5,0.8,182.0,9.411359574610687,0.9289967317396159,0.5971718162926833,0.10975532086963978
619052,2014J,19.0,1,0.0,0.0,4.073074741435078,0.8435147679614741,0.3038427186416507,0.0060643005081270065
619054,2014B,12.0,1,1.0,0.0,13.014016992892225,0.9481319623363588,0.6887815585935024,0.2023315543159954
619082,2013J,208.0,10,0.9,189.0,13.955838253564096,0.9515460619600212,0.7063317259452796,0.22536916061903828
619161,2014B,117.0,6,0.8333333333333334,105.0,11.890910902225235,0.9433742671609607,0.6649487583354355,0.1739885900874069
619196,2014B,194.0,10,1.0,182.0,15.871461755491081,0.9572673649561123,0.7366017948547608,0.2697724508753238
619207,2014B,12.0,1,1.0,0.0,13.014016992892225,0.9481319623363588,0.6887815585935024,0.2023315543159954
619288,2014B,194.0,11,1.0,182.0,16.820166071444753,0.9596282638177619,0.7494129870007343,0.29046306865897914
619311,2014B,117.0,4,1.0,105.0,12.849017433344375,0.9474837053064534,0.6854917752869981,0.19822229179880643
619330,2014B,47.0,3,1.0,35.0,13.733384253463113,0.9507808401984322,0.7023651422057456,0.21999491462114137
619471,2014B,194.0,11,1.0,182.0,16.820166071444753,0.9596282638177619,0.7494129870007343,0.29046306865897914
619508,2014B,152.0,5,1.0,140.0,12.794483777797096,0.9472658745461974,0.6843893524058832,0.1968596737782666
619935,2014J,201.0,5,1.0,182.0,11.872718327576681,0.9432900076436247,0.6645331303399441,0.17352298832526095
619941,2013J,208.0,11,1.0,189.0,16.61185680660673,0.9591324981908782,0.7467070380717318,0.2859948363016298
620000,2014J,201.0,5,1.0,182.0,11.872718327576681,0.9432900076436247,0.6645331303399441,0.17352298832526095
620018,2014B,47.0,3,1.0,35.0,13.733384253463113,0.9507808401984322,0.7023651422057456,0.21999491462114137
620072,2014B,194.0,11,1.0,182.0,16.820166071444753,0.9596282638177619,0.7494129870007343,0.29046306865897914
620073,2014B,194.0,11,1.0,182.0,16.820166071444753,0.9596282638177619,0.7494129870007343,0.29046306865897914
620092,2014B,194.0,11,1.0,182.0,16.820166071444753,0.9596282638177619,0.7494129870007343,0.29046306865897914
620115,2014J,19.0,1,1.0,0.0,13.014016992892225,0.9481319623363588,0.6887815585935024,0.2023315543159954
620126,2014B,82.0,4,1.0,70.0,13.675097178185805,0.9505763260111401,0.7013082668595051,0.2185796978319925
620128,2014B,194.0,11,0.9090909090909091,182.0,15.134484885402992,0.9552337614209082,0.7257175824849951,0.2530986961619158
620129,2014B,194.0,10,1.0,182.0,15.871461755491081,0.9572673649561123,0.7366017948547608,0.2697724508753238
620220,2014B,12.0,1,1.0,0.0,13.014016992892225,0.9481319623363588,0.6887815585935024,0.2023315543159954
620257,2014B,194.0,9,1.0,182.0,14.97626701104141,0.9547716843809574,0.7232637765324275,0.2494513853872069
620283,2014B,47.0,2,0.5,7.0,7.6202308182406275,0.913052916079131,0.5290194442371511,0.06529477586081167
620304,2014B,12.0,1,1.0,0.0,13.014016992892225,0.9481319623363588,0.6887815585935024,0.2023315543159954
620354,2014B,194.0,11,1.0,182.0,16.820166071444753,0.9596282638177619,0.7494129870007343,0.29046306865897914
620408,2014B,194.0,9,0.8888888888888888,182.0,13.162829087910003,0.9487030498025707,0.6916909237653851,0.2060197716063296
620409,2014B,194.0,8,0.875,182.0,12.221629059755982,0.9448635112131912,0.6723316311267378,0.1824199495203079
620427,2014B,194.0,11,1.0,182.0,16.820166071444753,0.9596282638177619,0.7494129870007343,0.29046306865897914
620507,2014B,194.0,10,0.5,154.0,9.332990725372552,0.9284223830547595,0.5945922103538822,0.10773779069864571
620573,2014B,194.0,11,1.0,182.0,16.820166071444753,0.9596282638177619,0.7494129870007343,0.29046306865897914
620655,2014J,19.0,1,0.0,0.0,4.073074741435078,0.8435147679614741,0.3038427186416507,0.0060643005081270065
620694,2014B,194.0,10,1.0,182.0,15.871461755491081,0.9572673649561123,0.7366017948547608,0.2697724508753238
620698,2014J,201.0,5,0.8,182.0,9.411359574610687,0.9289967317396159,0.5971718162926833,0.10975532086963978
620889,2014B,194.0,11,1.0,182.0,16.820166071444753,0.9596282638177619,0.7494129870007343,0.29046306865897914
620922,2014B,194.0,10,1.0,182.0,15.871461755491081,0.9572673649561123,0.7366017948547608,0.2697724508753238
620923,2014B,194.0,10,1.0,182.0,15.871461755491081,0.9572673649561123,0.7366017948547608,0.2697724508753238
620980,2014B,194.0,11,1.0,182.0,16.820166071444753,0.9596282638177619,0.7494129870007343,0.29046306865897914
621301,2014B,194.0,10,1.0,182.0,15.871461755491081,0.9572673649561123,0.7366017948547608,0.2697724508753238
621303,2014B,152.0,6,0.6666666666666666,140.0,9.206045643954143,0.9274720614130953,0.5903449499845135,0.10447805573482298
621322,2014B,194.0,11,1.0,182.0,16.820166071444753,0.9596282638177619,0.7494129870007343,0.29046306865897914
621323,2014B,47.0,3,1.0,35.0,13.733384253463113,0.9507808401984322,0.7023651422057456,0.21999491462114137
621369,2014B,194.0,10,1.0,182.0,15.871461755491081,0.9572673649561123,0.7366017948547608,0.2697724508753238
621394,2014B,194.0,11,1.0,182.0,16.820166071444753,0.9596282638177619,0.7494129870007343,0.29046306865897914
621487,2014J,201.0,5,1.0,182.0,11.872718327576681,0.9432900076436247,0.6645331303399441,0.17352298832526095
621508,2014B,152.0,8,1.0,140.0,15.228699793230607,0.9555044598975224,0.7271584069289139,0.2552592889043663
621826,2014J,201.0,5,0.8,182.0,9.411359574610687,0.9289967317396159,0.5971718162926833,0.10975532086963978
621862,2014B,152.0,9,1.0,140.0,16.138983511439626,0.9579606022573045,0.7403439614947853,0.2756953560030644
621894,2014B,194.0,10,1.0,182.0,15.871461755491081,0.9572673649561123,0.7366017948547608,0.2697724508753238
621905,2014B,194.0,9,1.0,182.0,14.97626701104141,0.9547716843809574,0.7232637765324275,0.2494513853872069
621937,2014B,12.0,1,1.0,0.0,13.014016992892225,0.9481319623363588,0.6887815585935024,0.2023315543159954
622007,2014J,201.0,5,1.0,182.0,11.872718327576681,0.9432900076436247,0.6645331303399441,0.17352298832526095
622117,2014J,152.0,3,0.6666666666666666,98.0,8.335001259741663,0.920202967068513,0.5587086623027462,0.08251043516651714
622132,2014B,194.0,11,1.0,182.0,16.820166071444753,0.9596282638177619,0.7494129870007343,0.29046306865897914
622208,2014B,194.0,11,1.0,182.0,16.820166071444753,0.9596282638177619,0.7494129870007343,0.29046306865897914
622217,2014B,47.0,3,1.0,35.0,13.733384253463113,0.9507808401984322,0.7023651422057456,0.21999491462114137
622313,2014J,201.0,5,0.8,182.0,9.411359574610687,0.9289967317396159,0.5971718162926833,0.10975532086963978
622330,2014B,12.0,1,1.0,0.0,13.014016992892225,0.9481319623363588,0.6887815585935024,0.2023315543159954
622345,2014B,194.0,11,1.0,182.0,16.820166071444753,0.9596282638177619,0.7494129870007343,0.29046306865897914
622466,2014B,194.0,11,1.0,182.0,16.820166071444753,0.9596282638177619,0.7494129870007343,0.29046306865897914
622505,2014B,194.0,11,0.9090909090909091,182.0,15.134484885402992,0.9552337614209082,0.7257175824849951,0.2530986961619158
622573,2014J,201.0,5,0.8,182.0,9.411359574610687,0.9289967317396159,0.5971718162926833,0.10975532086963978
622604,2014B,194.0,11,1.0,182.0,16.820166071444753,0.9596282638177619,0.7494129870007343,0.29046306865897914
622715,2014B,194.0,11,1.0,182.0,16.820166071444753,0.9596282638177619,0.7494129870007343,0.29046306865897914
622720,2014B,194.0,9,1.0,182.0,14.97626701104141,0.9547716843809574,0.7232637765324275,0.2494513853872069
622766,2014B,194.0,11,0.9090909090909091,182.0,15.134484885402992,0.9552337614209082,0.7257175824849951,0.2530986961619158
622838,2014B,117.0,7,1.0,105.0,15.293608755825733,0.9556890600243851,0.7281423683403853,0.2567428969729942
622867,2014B,194.0,8,1.0,182.0,14.131563748903572,0.9521339275272744,0.7093919974991606,0.22958379018060376
622927,2014B,12.0,1,1.0,0.0,13.014016992892225,0.9481319623363588,0.6887815585935024,0.2023315543159954
622974,2014B,194.0,11,1.0,182.0,16.820166071444753,0.9596282638177619,0.7494129870007343,0.29046306865897914
622982,2014B,194.0,11,1.0,182.0,16.820166071444753,0.9596282638177619,0.7494129870007343,0.29046306865897914
623001,2014B,82.0,3,1.0,70.0,12.903783526529546,0.9477006613251653,0.6865912837805365,0.19958849829243266
623042,2014J,201.0,5,0.8,182.0,9.411359574610687,0.9289967317396159,0.5971718162926833,0.10975532086963978
623055,2014B,194.0,10,1.0,182.0,15.871461755491081,0.9572673649561123,0.7366017948547608,0.2697724508753238
623069,2014B,12.0,1,1.0,0.0,13.014016992892225,0.9481319623363588,0.6887815585935024,0.2023315543159954
623097,2014J,201.0,5,1.0,182.0,11.872718327576681,0.9432900076436247,0.6645331303399441,0.17352298832526095
623168,2014B,194.0,11,1.0,182.0,16.820166071444753,0.9596282638177619,0.7494129870007343,0.29046306865897914
623169,2014B,194.0,11,1.0,182.0,16.820166071444753,0.9596282638177619,0.7494129870007343,0.29046306865897914
623177,2014B,152.0,7,1.0,140.0,14.36975861757076,0.9529083764359935,0.7134409151339833,0.23525254883637753
623240,2014B,194.0,11,1.0,182.0,16.820166071444753,0.9596282638177619,0.7494129870007343,0.29046306865897914
623295,2014B,194.0,10,1.0,154.0,16.682661169863994,0.9593023691100526,0.7476332694171496,0.287518312210947
623321,2014B,152.0,8,1.0,140.0,15.228699793230607,0.9555044598975224,0.7271584069289139,0.2552592889043663
623333,2014B,194.0,10,1.0,182.0,15.871461755491081,0.9572673649561123,0.7366017948547608,0.2697724508753238
623376,2014J,201.0,5,1.0,182.0,11.872718327576681,0.9432900076436247,0.6645331303399441,0.17352298832526095
623406,2014B,152.0,6,1.0,140.0,13.559264121749717,0.9501648122077447,0.6991858024266003,0.21575868670453618
623441,2014J,201.0,5,1.0,182.0,11.872718327576681,0.9432900076436247,0.6645331303399441,0.17352298832526095
623519,2014J,201.0,5,1.0,182.0,11.872718327576681,0.9432900076436247,0.6645331303399441,0.17352298832526095
623603,2014B,117.0,6,1.0,105.0,14.431006533497468,0.9531034804844484,0.7144640619516958,0.23670185660004425
623622,2014B,194.0,8,1.0,182.0,14.131563748903572,0.9521339275272744,0.7093919974991606,0.22958379018060376
623648,2014J,201.0,5,0.8,182.0,9.411359574610687,0.9289967317396159,0.5971718162926833,0.10975532086963978
623654,2014B,194.0,11,1.0,182.0,16.820166071444753,0.9596282638177619,0.7494129870007343,0.29046306865897914
623660,2014B,194.0,11,1.0,182.0,16.820166071444753,0.9596282638177619,0.7494129870007343,0.29046306865897914
623689,2014J,201.0,5,1.0,182.0,11.872718327576681,0.9432900076436247,0.6645331303399441,0.17352298832526095
623821,2014B,117.0,3,1.0,105.0,12.124296985103836,0.9444334146302122,0.6701922632116766,0.17994522570330918
623845,2014B,194.0,11,1.0,182.0,16.820166071444753,0.9596282638177619,0.7494129870007343,0.29046306865897914
623857,2014B,194.0,11,1.0,182.0,16.820166071444753,0.9596282638177619,0.7494129870007343,0.29046306865897914
623882,2014B,194.0,10,1.0,154.0,16.682661169863994,0.9593023691100526,0.7476332694171496,0.287518312210947
623911,2014B,152.0,4,0.75,140.0,9.029987892880335,0.9261115492577241,0.584309707180859,0.09997674791356312
623935,2014B,194.0,10,1.0,182.0,15.871461755491081,0.9572673649561123,0.7366017948547608,0.2697724508753238
624011,2014B,194.0,11,1.0,182.0,16.820166071444753,0.9596282638177619,0.7494129870007343,0.29046306865897914
624046,2014B,194.0,9,1.0,182.0,14.97626701104141,0.9547716843809574,0.7232637765324275,0.2494513853872069
624069,2014B,194.0,11,1.0,182.0,16.820166071444753,0.9596282638177619,0.7494129870007343,0.29046306865897914
624196,2014B,194.0,10,1.0,182.0,15.871461755491081,0.9572673649561123,0.7366017948547608,0.2697724508753238
624306,2014B,152.0,8,1.0,140.0,15.228699793230607,0.9555044598975224,0.7271584069289139,0.2552592889043663
624342,2014J,201.0,5,1.0,182.0,11.872718327576681,0.9432900076436247,0.6645331303399441,0.17352298832526095
624350,2014B,12.0,1,1.0,0.0,13.014016992892225,0.9481319623363588,0.6887815585935024,0.2023315543159954
624406,2014B,194.0,11,1.0,182.0,16.820166071444753,0.9596282638177619,0.7494129870007343,0.29046306865897914
624415,2014B,194.0,10,1.0,182.0,15.871461755491081,0.9572673649561123,0.7366017948547608,0.2697724508753238
624514,2014B,152.0,8,1.0,140.0,15.228699793230607,0.9555044598975224,0.7271584069289139,0.2552592889043663
624544,2014B,12.0,1,1.0,0.0,13.014016992892225,0.9481319623363588,0.6887815585935024,0.2023315543159954
624567,2014B,40.0,2,1.0,28.0,13.121283519950303,0.9485448817778594,0.690884095136094,0.204991828608527
624592,2014B,194.0,11,1.0,182.0,16.820166071444753,0.9596282638177619,0.7494129870007343,0.29046306865897914
624598,2014B,47.0,3,1.0,35.0,13.733384253463113,0.9507808401984322,0.7023651422057456,0.21999491462114137
624604,2014B,47.0,2,1.0,7.0,13.621113801309303,0.9503853908816636,0.7003227951695112,0.21726639292771016
624653,2014B,152.0,9,1.0,140.0,16.138983511439626,0.9579606022573045,0.7403439614947853,0.2756953560030644
624661,2014B,194.0,11,1.0,182.0,16.820166071444753,0.9596282638177619,0.7494129870007343,0.29046306865897914
624673,2014B,82.0,4,1.0,70.0,13.675097178185805,0.9505763260111401,0.7013082668595051,0.2185796978319925
624677,2014B,12.0,1,1.0,0.0,13.014016992892225,0.9481319623363588,0.6887815585935024,0.2023315543159954
624704,2014B,117.0,4,1.0,77.0,13.505738003747421,0.9499723295010419,0.6981949260188494,0.2144512906576205
624734,2014B,117.0,7,1.0,105.0,15.293608755825733,0.9556890600243851,0.7281423683403853,0.2567428969729942
624738,2014B,194.0,11,0.9090909090909091,182.0,15.134484885402992,0.9552337614209082,0.7257175824849951,0.2530986961619158
624799,2014B,82.0,5,1.0,70.0,14.492515505111,0.953297796167274,0.7154843243067773,0.23815388506135335
624847,2014B,194.0,11,1.0,182.0,16.820166071444753,0.9596282638177619,0.7494129870007343,0.29046306865897914
624879,2014B,47.0,3,1.0,35.0,13.733384253463113,0.9507808401984322,0.7023651422057456,0.21999491462114137
624972,2014B,194.0,11,1.0,182.0,16.820166071444753,0.9596282638177619,0.7494129870007343,0.29046306865897914
624997,2014B,117.0,6,1.0,105.0,14.431006533497468,0.9531034804844484,0.7144640619516958,0.23670185660004425
625021,2014B,194.0,11,1.0,182.0,16.820166071444753,0.9596282638177619,0.7494129870007343,0.29046306865897914
625024,2014B,194.0,11,1.0,182.0,16.820166071444753,0.9596282638177619,0.7494129870007343,0.29046306865897914
625071,2014B,194.0,10,1.0,182.0,15.871461755491081,0.9572673649561123,0.7366017948547608,0.2697724508753238
625087,2014B,152.0,6,1.0,140.0,13.559264121749717,0.9501648122077447,0.6991858024266003,0.21575868670453618
625094,2014B,194.0,10,1.0,182.0,15.871461755491081,0.9572673649561123,0.7366017948547608,0.2697724508753238
625124,2014B,194.0,11,1.0,182.0,16.820166071444753,0.9596282638177619,0.7494129870007343,0.29046306865897914
625167,2014B,152.0,9,0.8888888888888888,140.0,14.18475521684127,0.9523090707556346,0.7103059409081444,0.2308541203158177
625180,2014B,194.0,5,0.8,154.0,9.892379501633837,0.932329671557752,0.6123314157959608,0.12220393152965808
625185,2014B,194.0,10,1.0,182.0,15.871461755491081,0.9572673649561123,0.7366017948547608,0.2697724508753238
625214,2014B,40.0,2,1.0,28.0,13.121283519950303,0.9485448817778594,0.690884095136094,0.204991828608527
625249,2014B,194.0,10,1.0,182.0,15.871461755491081,0.9572673649561123,0.7366017948547608,0.2697724508753238
625251,2014B,194.0,10,1.0,182.0,15.871461755491081,0.9572673649561123,0.7366017948547608,0.2697724508753238
625295,2014B,82.0,2,1.0,35.0,12.9587830480666,0.9479167459046037,0.6876878781159758,0.2009582626927773
625301,2014B,40.0,1,1.0,0.0,13.014016992892225,0.9481319623363588,0.6887815585935024,0.2023315543159954
625383,2014B,194.0,9,1.0,182.0,14.97626701104141,0.9547716843809574,0.7232637765324275,0.2494513853872069
625390,2014B,194.0,11,1.0,182.0,16.820166071444753,0.9596282638177619,0.7494129870007343,0.29046306865897914
625444,2014B,194.0,11,1.0,182.0,16.820166071444753,0.9596282638177619,0.7494129870007343,0.29046306865897914
625477,2014B,194.0,10,1.0,182.0,15.871461755491081,0.9572673649561123,0.7366017948547608,0.2697724508753238
625514,2014B,194.0,11,1.0,182.0,16.820166071444753,0.9596282638177619,0.7494129870007343,0.29046306865897914
625578,2014B,47.0,2,1.0,35.0,12.9587830480666,0.9479167459046037,0.6876878781159758,0.2009582626927773
625666,2014J,201.0,5,0.8,182.0,9.411359574610687,0.9289967317396159,0.5971718162926833,0.10975532086963978
625709,2014J,54.0,2,1.0,35.0,12.9587830480666,0.9479167459046037,0.6876878781159758,0.2009582626927773
625713,2014B,194.0,10,0.9,182.0,14.130841592482957,0.9521315408374345,0.7093795500889342,0.22956652605310982
625724,2014B,194.0,10,1.0,182.0,15.871461755491081,0.9572673649561123,0.7366017948547608,0.2697724508753238
625768,2014B,152.0,7,0.8571428571428571,140.0,12.172495347721,0.9446472315475032,0.6712550916088275,0.18117141821106675
625816,2014B,194.0,11,1.0,182.0,16.820166071444753,0.9596282638177619,0.7494129870007343,0.29046306865897914
625826,2014J,201.0,5,1.0,182.0,11.872718327576681,0.9432900076436247,0.6645331303399441,0.17352298832526095
625833,2014B,194.0,11,1.0,182.0,16.820166071444753,0.9596282638177619,0.7494129870007343,0.29046306865897914
625853,2014B,12.0,1,1.0,0.0,13.014016992892225,0.9481319623363588,0.6887815585935024,0.2023315543159954
625857,2014B,117.0,6,1.0,105.0,14.431006533497468,0.9531034804844484,0.7144640619516958,0.23670185660004425
625879,2014B,82.0,3,1.0,70.0,12.903783526529546,0.9477006613251653,0.6865912837805365,0.19958849829243266
625919,2014B,194.0,11,1.0,182.0,16.820166071444753,0.9596282638177619,0.7494129870007343,0.29046306865897914
626012,2014J,201.0,5,0.8,182.0,9.411359574610687,0.9289967317396159,0.5971718162926833,0.10975532086963978
626046,2014B,194.0,11,1.0,182.0,16.820166071444753,0.9596282638177619,0.7494129870007343,0.29046306865897914
626075,2014J,201.0,5,0.8,182.0,9.411359574610687,0.9289967317396159,0.5971718162926833,0.10975532086963978
626123,2014B,194.0,10,1.0,182.0,15.871461755491081,0.9572673649561123,0.7366017948547608,0.2697724508753238
626126,2014B,194.0,10,1.0,182.0,15.871461755491081,0.9572673649561123,0.7366017948547608,0.2697724508753238
626138,2014B,194.0,11,1.0,182.0,16.820166071444753,0.9596282638177619,0.7494129870007343,0.29046306865897914
626139,2014J,201.0,5,1.0,182.0,11.872718327576681,0.9432900076436247,0.6645331303399441,0.17352298832526095
626159,2014J,201.0,5,1.0,182.0,11.872718327576681,0.9432900076436247,0.6645331303399441,0.17352298832526095
626164,2014B,194.0,11,1.0,182.0,16.820166071444753,0.9596282638177619,0.7494129870007343,0.29046306865897914
626195,2014J,201.0,5,1.0,182.0,11.872718327576681,0.9432900076436247,0.6645331303399441,0.17352298832526095
626210,2014J,110.0,3,1.0,91.0,12.430275864473238,0.9457634296463958,0.6768269112364681,0.18770485552034183
626245,2014B,194.0,10,1.0,182.0,15.871461755491081,0.9572673649561123,0.7366017948547608,0.2697724508753238
626254,2014B,194.0,11,1.0,182.0,16.820166071444753,0.9596282638177619,0.7494129870007343,0.29046306865897914
626297,2014B,152.0,8,1.0,140.0,15.228699793230607,0.9555044598975224,0.7271584069289139,0.2552592889043663
626352,2014B,194.0,11,1.0,182.0,16.820166071444753,0.9596282638177619,0.7494129870007343,0.29046306865897914
626365,2014B,194.0,11,1.0,182.0,16.820166071444753,0.9596282638177619,0.7494129870007343,0.29046306865897914
626386,2014B,117.0,6,1.0,105.0,14.431006533497468,0.9531034804844484,0.7144640619516958,0.23670185660004425
626428,2014B,47.0,3,1.0,35.0,13.733384253463113,0.9507808401984322,0.7023651422057456,0.21999491462114137
626442,2014B,117.0,2,0.5,77.0,6.727397983646488,0.902096776815606,0.4861518218951116,0.045456284315497066
626491,2014B,194.0,11,1.0,182.0,16.820166071444753,0.9596282638177619,0.7494129870007343,0.29046306865897914
626555,2014B,194.0,8,1.0,182.0,14.131563748903572,0.9521339275272744,0.7093919974991606,0.22958379018060376
626604,2014B,194.0,11,1.0,182.0,16.820166071444753,0.9596282638177619,0.7494129870007343,0.29046306865897914
626642,2014B,194.0,11,1.0,182.0,16.820166071444753,0.9596282638177619,0.7494129870007343,0.29046306865897914
626646,2014J,201.0,5,1.0,182.0,11.872718327576681,0.9432900076436247,0.6645331303399441,0.17352298832526095
626740,2014J,201.0,5,0.8,182.0,9.411359574610687,0.9289967317396159,0.5971718162926833,0.10975532086963978
626750,2014B,47.0,3,1.0,35.0,13.733384253463113,0.9507808401984322,0.7023651422057456,0.21999491462114137
626841,2014B,194.0,11,1.0,182.0,16.820166071444753,0.9596282638177619,0.7494129870007343,0.29046306865897914
626843,2014B,152.0,7,1.0,140.0,14.36975861757076,0.9529083764359935,0.7134409151339833,0.23525254883637753
626917,2014B,152.0,8,0.625,140.0,9.850980381973718,0.9320551718357644,0.6110705368180576,0.12112913585616779
626928,2014B,194.0,10,1.0,154.0,16.682661169863994,0.9593023691100526,0.7476332694171496,0.287518312210947
626951,2014B,194.0,10,1.0,182.0,15.871461755491081,0.9572673649561123,0.7366017948547608,0.2697724508753238
626966,2014B,194.0,11,1.0,182.0,16.820166071444753,0.9596282638177619,0.7494129870007343,0.29046306865897914
627000,2014B,194.0,11,1.0,182.0,16.820166071444753,0.9596282638177619,0.7494129870007343,0.29046306865897914
627027,2014B,152.0,7,1.0,140.0,14.36975861757076,0.9529083764359935,0.7134409151339833,0.23525254883637753
627115,2014B,194.0,11,0.9090909090909091,182.0,15.134484885402992,0.9552337614209082,0.7257175824849951,0.2530986961619158
627118,2014B,194.0,10,1.0,182.0,15.871461755491081,0.9572673649561123,0.7366017948547608,0.2697724508753238
627119,2014J,19.0,1,0.0,0.0,4.073074741435078,0.8435147679614741,0.3038427186416507,0.0060643005081270065
627179,2014B,194.0,9,1.0,182.0,14.97626701104141,0.9547716843809574,0.7232637765324275,0.2494513853872069
627185,2014B,194.0,11,1.0,182.0,16.820166071444753,0.9596282638177619,0.7494129870007343,0.29046306865897914
627190,2014B,194.0,11,1.0,182.0,16.820166071444753,0.9596282638177619,0.7494129870007343,0.29046306865897914
627244,2014B,194.0,8,1.0,182.0,14.131563748903572,0.9521339275272744,0.7093919974991606,0.22958379018060376
627269,2014J,201.0,5,1.0,182.0,11.872718327576681,0.9432900076436247,0.6645331303399441,0.17352298832526095
627270,2014B,194.0,10,1.0,182.0,15.871461755491081,0.9572673649561123,0.7366017948547608,0.2697724508753238
627285,2014B,194.0,9,1.0,182.0,14.97626701104141,0.9547716843809574,0.7232637765324275,0.2494513853872069
627380,2014B,194.0,11,1.0,182.0,16.820166071444753,0.9596282638177619,0.7494129870007343,0.29046306865897914
627388,2014B,194.0,11,1.0,182.0,16.820166071444753,0.9596282638177619,0.7494129870007343,0.29046306865897914
627403,2014B,194.0,11,1.0,182.0,16.820166071444753,0.9596282638177619,0.7494129870007343,0.29046306865897914
627427,2014B,82.0,5,0.2,70.0,5.722062296864187,0.8859135535340685,0.42829146696881837,0.02640829601089353
627509,2014B,194.0,11,1.0,182.0,16.820166071444753,0.9596282638177619,0.7494129870007343,0.29046306865897914
627549,2014B,194.0,11,1.0,182.0,16.820166071444753,0.9596282638177619,0.7494129870007343,0.29046306865897914
627550,2014B,194.0,10,1.0,182.0,15.871461755491081,0.9572673649561123,0.7366017948547608,0.2697724508753238
627563,2014J,201.0,5,0.8,182.0,9.411359574610687,0.9289967317396159,0.5971718162926833,0.10975532086963978
627613,2014B,47.0,2,1.0,35.0,12.9587830480666,0.9479167459046037,0.6876878781159758,0.2009582626927773
627647,2014B,194.0,11,1.0,182.0,16.820166071444753,0.9596282638177619,0.7494129870007343,0.29046306865897914
627659,2014B,194.0,6,1.0,154.0,13.225494502613229,0.9489397925570612,0.6929000778750929,0.20756769269025271
627660,2014J,201.0,5,0.8,182.0,9.411359574610687,0.9289967317396159,0.5971718162926833,0.10975532086963978
627680,2014B,47.0,3,1.0,35.0,13.733384253463113,0.9507808401984322,0.7023651422057456,0.21999491462114137
627685,2014B,194.0,9,1.0,182.0,14.97626701104141,0.9547716843809574,0.7232637765324275,0.2494513853872069
627777,2014B,194.0,11,1.0,182.0,16.820166071444753,0.9596282638177619,0.7494129870007343,0.29046306865897914
627948,2014B,194.0,11,0.9090909090909091,182.0,15.134484885402992,0.9552337614209082,0.7257175824849951,0.2530986961619158
627968,2014J,152.0,4,0.75,133.0,9.14322208225247,0.9269923675910531,0.588210955065259,0.10286905532938674
628006,2014B,194.0,11,1.0,182.0,16.820166071444753,0.9596282638177619,0.7494129870007343,0.29046306865897914
628119,2014B,194.0,10,1.0,182.0,15.871461755491081,0.9572673649561123,0.7366017948547608,0.2697724508753238
628176,2014B,194.0,11,1.0,182.0,16.820166071444753,0.9596282638177619,0.7494129870007343,0.29046306865897914
628178,2014B,194.0,11,1.0,182.0,16.820166071444753,0.9596282638177619,0.7494129870007343,0.29046306865897914
628180,2014B,194.0,11,1.0,182.0,16.820166071444753,0.9596282638177619,0.7494129870007343,0.29046306865897914
628181,2014B,194.0,11,1.0,182.0,16.820166071444753,0.9596282638177619,0.7494129870007343,0.29046306865897914
628183,2014B,82.0,5,0.8,70.0,11.488040968883949,0.9414477653572977,0.6555013681312004,0.16363901916184487
628190,2014B,194.0,11,1.0,182.0,16.820166071444753,0.9596282638177619,0.7494129870007343,0.29046306865897914
628287,2014B,194.0,11,1.0,182.0,16.820166071444753,0.9596282638177619,0.7494129870007343,0.29046306865897914
628301,2014B,194.0,11,1.0,182.0,16.820166071444753,0.9596282638177619,0.7494129870007343,0.29046306865897914
628328,2014B,194.0,11,1.0,182.0,16.820166071444753,0.9596282638177619,0.7494129870007343,0.29046306865897914
628329,2014B,12.0,1,1.0,0.0,13.014016992892225,0.9481319623363588,0.6887815585935024,0.2023315543159954
628379,2014B,152.0,9,1.0,140.0,16.138983511439626,0.9579606022573045,0.7403439614947853,0.2756953560030644
628388,2014J,201.0,5,1.0,182.0,11.872718327576681,0.9432900076436247,0.6645331303399441,0.17352298832526095
628389,2014B,194.0,10,1.0,182.0,15.871461755491081,0.9572673649561123,0.7366017948547608,0.2697724508753238
628411,2014B,82.0,5,1.0,70.0,14.492515505111,0.953297796167274,0.7154843243067773,0.23815388506135335
628423,2014B,194.0,11,1.0,182.0,16.820166071444753,0.9596282638177619,0.7494129870007343,0.29046306865897914
628442,2014B,82.0,5,1.0,70.0,14.492515505111,0.953297796167274,0.7154843243067773,0.23815388506135335
628511,2014B,152.0,8,1.0,140.0,15.228699793230607,0.9555044598975224,0.7271584069289139,0.2552592889043663
628516,2014B,194.0,11,1.0,182.0,16.820166071444753,0.9596282638177619,0.7494129870007343,0.29046306865897914
628525,2014B,12.0,1,1.0,0.0,13.014016992892225,0.9481319623363588,0.6887815585935024,0.2023315543159954
628580,2014B,194.0,11,1.0,182.0,16.820166071444753,0.9596282638177619,0.7494129870007343,0.29046306865897914
628586,2014B,194.0,5,1.0,182.0,11.872718327576681,0.9432900076436247,0.6645331303399441,0.17352298832526095
628616,2014B,194.0,11,1.0,182.0,16.820166071444753,0.9596282638177619,0.7494129870007343,0.29046306865897914
628635,2014B,194.0,10,1.0,182.0,15.871461755491081,0.9572673649561123,0.7366017948547608,0.2697724508753238
628655,2014B,82.0,2,0.5,42.0,7.159910993968627,0.9077289402689966,0.5078006741282648,0.05478800113331102
628656,2014J,201.0,5,0.8,182.0,9.411359574610687,0.9289967317396159,0.5971718162926833,0.10975532086963978
628679,2014J,201.0,5,0.8,182.0,9.411359574610687,0.9289967317396159,0.5971718162926833,0.10975532086963978
628751,2014B,194.0,10,1.0,182.0,15.871461755491081,0.9572673649561123,0.7366017948547608,0.2697724508753238
628827,2014B,47.0,3,1.0,35.0,13.733384253463113,0.9507808401984322,0.7023651422057456,0.21999491462114137
628903,2014B,12.0,1,1.0,0.0,13.014016992892225,0.9481319623363588,0.6887815585935024,0.2023315543159954
628941,2014B,194.0,11,1.0,182.0,16.820166071444753,0.9596282638177619,0.7494129870007343,0.29046306865897914
628954,2014B,194.0,11,0.9090909090909091,182.0,15.134484885402992,0.9552337614209082,0.7257175824849951,0.2530986961619158
628970,2014B,12.0,1,1.0,0.0,13.014016992892225,0.9481319623363588,0.6887815585935024,0.2023315543159954
628982,2014B,194.0,10,0.9,182.0,14.130841592482957,0.9521315408374345,0.7093795500889342,0.22956652605310982
628991,2014J,201.0,5,1.0,182.0,11.872718327576681,0.9432900076436247,0.6645331303399441,0.17352298832526095
629026,2014B,194.0,9,1.0,182.0,14.97626701104141,0.9547716843809574,0.7232637765324275,0.2494513853872069
629037,2014B,194.0,10,1.0,182.0,15.871461755491081,0.9572673649561123,0.7366017948547608,0.2697724508753238
629040,2014B,47.0,3,1.0,35.0,13.733384253463113,0.9507808401984322,0.7023651422057456,0.21999491462114137
629044,2014B,194.0,8,1.0,182.0,14.131563748903572,0.9521339275272744,0.7093919974991606,0.22958379018060376
629053,2014J,201.0,5,0.8,182.0,9.411359574610687,0.9289967317396159,0.5971718162926833,0.10975532086963978
629060,2014B,194.0,11,1.0,182.0,16.820166071444753,0.9596282638177619,0.7494129870007343,0.29046306865897914
629088,2014B,12.0,1,1.0,0.0,13.014016992892225,0.9481319623363588,0.6887815585935024,0.2023315543159954
629094,2014B,152.0,7,1.0,140.0,14.36975861757076,0.9529083764359935,0.7134409151339833,0.23525254883637753
629103,2014B,194.0,11,0.9090909090909091,182.0,15.134484885402992,0.9552337614209082,0.7257175824849951,0.2530986961619158
629127,2014J,201.0,5,1.0,182.0,11.872718327576681,0.9432900076436247,0.6645331303399441,0.17352298832526095
629159,2014B,12.0,1,1.0,0.0,13.014016992892225,0.9481319623363588,0.6887815585935024,0.2023315543159954
629240,2014B,194.0,11,1.0,182.0,16.820166071444753,0.9596282638177619,0.7494129870007343,0.29046306865897914
629245,2014J,201.0,5,0.8,182.0,9.411359574610687,0.9289967317396159,0.5971718162926833,0.10975532086963978
629274,2014B,194.0,10,1.0,182.0,15.871461755491081,0.9572673649561123,0.7366017948547608,0.2697724508753238
629424,2014B,82.0,5,1.0,70.0,14.492515505111,0.953297796167274,0.7154843243067773,0.23815388506135335
629461,2014B,47.0,2,1.0,35.0,12.9587830480666,0.9479167459046037,0.6876878781159758,0.2009582626927773
629462,2014B,12.0,1,1.0,0.0,13.014016992892225,0.9481319623363588,0.6887815585935024,0.2023315543159954
629490,2014B,194.0,10,1.0,182.0,15.871461755491081,0.9572673649561123,0.7366017948547608,0.2697724508753238
629504,2014B,194.0,10,1.0,182.0,15.871461755491081,0.9572673649561123,0.7366017948547608,0.2697724508753238
629507,2014B,194.0,10,1.0,182.0,15.871461755491081,0.9572673649561123,0.7366017948547608,0.2697724508753238
629553,2014J,201.0,5,1.0,182.0,11.872718327576681,0.9432900076436247,0.6645331303399441,0.17352298832526095
629554,2014B,194.0,11,1.0,182.0,16.820166071444753,0.9596282638177619,0.7494129870007343,0.29046306865897914
629619,2014B,194.0,11,1.0,182.0,16.820166071444753,0.9596282638177619,0.7494129870007343,0.29046306865897914
629835,2014B,194.0,10,1.0,182.0,15.871461755491081,0.9572673649561123,0.7366017948547608,0.2697724508753238
629870,2014B,82.0,4,0.75,70.0,10.228411073187125,0.9344783234800631,0.6222782509840373,0.13094139188170945
629886,2014B,194.0,11,1.0,182.0,16.820166071444753,0.9596282638177619,0.7494129870007343,0.29046306865897914
629891,2014B,194.0,11,1.0,182.0,16.820166071444753,0.9596282638177619,0.7494129870007343,0.29046306865897914
629923,2014B,194.0,10,1.0,182.0,15.871461755491081,0.9572673649561123,0.7366017948547608,0.2697724508753238
629976,2014B,117.0,5,1.0,105.0,13.617057484259055,0.9503709844002922,0.7002484873148381,0.21716761122120323
630028,2014B,194.0,11,1.0,182.0,16.820166071444753,0.9596282638177619,0.7494129870007343,0.29046306865897914
630029,2014B,152.0,7,1.0,140.0,14.36975861757076,0.9529083764359935,0.7134409151339833,0.23525254883637753
630030,2014B,194.0,11,1.0,182.0,16.820166071444753,0.9596282638177619,0.7494129870007343,0.29046306865897914
630052,2014B,194.0,10,1.0,182.0,15.871461755491081,0.9572673649561123,0.7366017948547608,0.2697724508753238
630053,2014B,194.0,10,1.0,182.0,15.871461755491081,0.9572673649561123,0.7366017948547608,0.2697724508753238
630090,2014B,194.0,9,1.0,182.0,14.97626701104141,0.9547716843809574,0.7232637765324275,0.2494513853872069
630147,2014B,82.0,3,1.0,42.0,13.563303223024676,0.9501792769553784,0.699260313769955,0.2158572459412706
630260,2014B,194.0,11,1.0,182.0,16.820166071444753,0.9596282638177619,0.7494129870007343,0.29046306865897914
630286,2014J,19.0,1,1.0,0.0,13.014016992892225,0.9481319623363588,0.6887815585935024,0.2023315543159954
630315,2014B,194.0,11,1.0,182.0,16.820166071444753,0.9596282638177619,0.7494129870007343,0.29046306865897914
630333,2014B,194.0,10,1.0,182.0,15.871461755491081,0.9572673649561123,0.7366017948547608,0.2697724508753238
630343,2014J,54.0,2,1.0,35.0,12.9587830480666,0.9479167459046037,0.6876878781159758,0.2009582626927773
630345,2014B,152.0,9,1.0,140.0,16.138983511439626,0.9579606022573045,0.7403439614947853,0.2756953560030644
630372,2014B,194.0,10,1.0,182.0,15.871461755491081,0.9572673649561123,0.7366017948547608,0.2697724508753238
630393,2014B,194.0,11,1.0,182.0,16.820166071444753,0.9596282638177619,0.7494129870007343,0.29046306865897914
630404,2014J,201.0,5,0.8,182.0,9.411359574610687,0.9289967317396159,0.5971718162926833,0.10975532086963978
630415,2014B,194.0,11,1.0,182.0,16.820166071444753,0.9596282638177619,0.7494129870007343,0.29046306865897914
630443,2014B,194.0,10,1.0,182.0,15.871461755491081,0.9572673649561123,0.7366017948547608,0.2697724508753238
630451,2014B,194.0,11,1.0,182.0,16.820166071444753,0.9596282638177619,0.7494129870007343,0.29046306865897914
630476,2014B,47.0,3,1.0,35.0,13.733384253463113,0.9507808401984322,0.7023651422057456,0.21999491462114137
630497,2014B,12.0,1,1.0,0.0,13.014016992892225,0.9481319623363588,0.6887815585935024,0.2023315543159954
630549,2014B,194.0,9,0.8888888888888888,182.0,13.162829087910003,0.9487030498025707,0.6916909237653851,0.2060197716063296
630561,2014B,194.0,9,1.0,182.0,14.97626701104141,0.9547716843809574,0.7232637765324275,0.2494513853872069
630586,2014B,194.0,9,0.8888888888888888,154.0,13.8355887500066,0.9511353935808275,0.7042006155698192,0.22246940193346412
630597,2014J,201.0,5,1.0,182.0,11.872718327576681,0.9432900076436247,0.6645331303399441,0.17352298832526095
630608,2014B,194.0,11,1.0,182.0,16.820166071444753,0.9596282638177619,0.7494129870007343,0.29046306865897914
630697,2014J,201.0,5,1.0,182.0,11.872718327576681,0.9432900076436247,0.6645331303399441,0.17352298832526095
630716,2014J,201.0,5,0.8,182.0,9.411359574610687,0.9289967317396159,0.5971718162926833,0.10975532086963978
630718,2014B,194.0,10,1.0,182.0,15.871461755491081,0.9572673649561123,0.7366017948547608,0.2697724508753238
630736,2014B,194.0,11,1.0,182.0,16.820166071444753,0.9596282638177619,0.7494129870007343,0.29046306865897914
630763,2014B,194.0,10,1.0,182.0,15.871461755491081,0.9572673649561123,0.7366017948547608,0.2697724508753238
630773,2014J,19.0,1,1.0,0.0,13.014016992892225,0.9481319623363588,0.6887815585935024,0.2023315543159954
630778,2014B,194.0,11,1.0,182.0,16.820166071444753,0.9596282638177619,0.7494129870007343,0.29046306865897914
630794,2014B,194.0,11,1.0,182.0,16.820166071444753,0.9596282638177619,0.7494129870007343,0.29046306865897914
630823,2014B,194.0,9,1.0,182.0,14.97626701104141,0.9547716843809574,0.7232637765324275,0.2494513853872069
630833,2014B,47.0,3,1.0,35.0,13.733384253463113,0.9507808401984322,0.7023651422057456,0.21999491462114137
630834,2014J,201.0,5,1.0,182.0,11.872718327576681,0.9432900076436247,0.6645331303399441,0.17352298832526095
630876,2014B,194.0,10,1.0,182.0,15.871461755491081,0.9572673649561123,0.7366017948547608,0.2697724508753238
630944,2014B,194.0,8,1.0,154.0,14.85383598909707,0.9544075250585262,0.7213349651715399,0.24661281841612792
630999,2014B,40.0,2,1.0,28.0,13.121283519950303,0.9485448817778594,0.690884095136094,0.204991828608527
631031,2014B,47.0,3,1.0,35.0,13.733384253463113,0.9507808401984322,0.7023651422057456,0.21999491462114137
631081,2014B,194.0,11,0.9090909090909091,182.0,15.134484885402992,0.9552337614209082,0.7257175824849951,0.2530986961619158
631086,2014B,194.0,11,1.0,182.0,16.820166071444753,0.9596282638177619,0.7494129870007343,0.29046306865897914
631108,2014B,194.0,11,1.0,182.0,16.820166071444753,0.9596282638177619,0.7494129870007343,0.29046306865897914
631109,2014B,194.0,11,1.0,182.0,16.820166071444753,0.9596282638177619,0.7494129870007343,0.29046306865897914
631132,2014B,152.0,8,1.0,140.0,15.228699793230607,0.9555044598975224,0.7271584069289139,0.2552592889043663
631225,2014B,194.0,11,1.0,182.0,16.820166071444753,0.9596282638177619,0.7494129870007343,0.29046306865897914
631230,2014J,201.0,5,0.8,182.0,9.411359574610687,0.9289967317396159,0.5971718162926833,0.10975532086963978
631248,2014J,201.0,5,1.0,182.0,11.872718327576681,0.9432900076436247,0.6645331303399441,0.17352298832526095
631266,2014J,19.0,1,0.0,0.0,4.073074741435078,0.8435147679614741,0.3038427186416507,0.0060643005081270065
631341,2014B,152.0,8,1.0,112.0,16.00704727906666,0.9576215451018238,0.7385116650724007,0.27278297102705745
631354,2014B,117.0,4,1.0,105.0,12.849017433344375,0.9474837053064534,0.6854917752869981,0.19822229179880643
631384,2014B,194.0,11,1.0,182.0,16.820166071444753,0.9596282638177619,0.7494129870007343,0.29046306865897914
631416,2014J,201.0,5,0.8,182.0,9.411359574610687,0.9289967317396159,0.5971718162926833,0.10975532086963978
631422,2014B,82.0,4,1.0,70.0,13.675097178185805,0.9505763260111401,0.7013082668595051,0.2185796978319925
631441,2014B,194.0,11,1.0,182.0,16.820166071444753,0.9596282638177619,0.7494129870007343,0.29046306865897914
631442,2014B,12.0,1,1.0,0.0,13.014016992892225,0.9481319623363588,0.6887815585935024,0.2023315543159954
631444,2014B,12.0,1,1.0,0.0,13.014016992892225,0.9481319623363588,0.6887815585935024,0.2023315543159954
631445,2014B,194.0,11,1.0,182.0,16.820166071444753,0.9596282638177619,0.7494129870007343,0.29046306865897914
631492,2014B,194.0,11,1.0,182.0,16.820166071444753,0.9596282638177619,0.7494129870007343,0.29046306865897914
631515,2014B,194.0,11,1.0,182.0,16.820166071444753,0.9596282638177619,0.7494129870007343,0.29046306865897914
631530,2014B,194.0,11,1.0,182.0,16.820166071444753,0.9596282638177619,0.7494129870007343,0.29046306865897914
631561,2014B,152.0,6,0.8333333333333334,140.0,11.172609561031729,0.9398454198051877,0.6477314809255997,0.1554865684373584
631563,2014B,152.0,5,1.0,112.0,13.448417102127598,0.9497645453403545,0.6971266308941054,0.21304855883469448
631610,2014B,82.0,4,1.0,70.0,13.675097178185805,0.9505763260111401,0.7013082668595051,0.2185796978319925
631613,2014B,194.0,11,1.0,182.0,16.820166071444753,0.9596282638177619,0.7494129870007343,0.29046306865897914
631640,2014J,201.0,5,0.8,182.0,9.411359574610687,0.9289967317396159,0.5971718162926833,0.10975532086963978
631650,2014B,152.0,8,1.0,140.0,15.228699793230607,0.9555044598975224,0.7271584069289139,0.2552592889043663
631679,2014B,194.0,10,1.0,182.0,15.871461755491081,0.9572673649561123,0.7366017948547608,0.2697724508753238
631724,2014B,194.0,11,1.0,182.0,16.820166071444753,0.9596282638177619,0.7494129870007343,0.29046306865897914
631766,2014B,194.0,11,1.0,182.0,16.820166071444753,0.9596282638177619,0.7494129870007343,0.29046306865897914
631775,2014J,110.0,3,0.6666666666666666,91.0,8.439520459795823,0.9211511789392633,0.5627511431774405,0.08509957049259294
631777,2014B,194.0,11,1.0,182.0,16.820166071444753,0.9596282638177619,0.7494129870007343,0.29046306865897914
631848,2014B,194.0,10,1.0,182.0,15.871461755491081,0.9572673649561123,0.7366017948547608,0.2697724508753238
631954,2014J,201.0,4,1.0,147.0,11.923323161888911,0.9435237670141109,0.66568674656955,0.17481767124294167
632084,2014B,194.0,11,1.0,182.0,16.820166071444753,0.9596282638177619,0.7494129870007343,0.29046306865897914
632113,2014B,82.0,4,1.0,70.0,13.675097178185805,0.9505763260111401,0.7013082668595051,0.2185796978319925
632148,2014B,152.0,9,1.0,140.0,16.138983511439626,0.9579606022573045,0.7403439614947853,0.2756953560030644
632181,2014B,12.0,1,1.0,0.0,13.014016992892225,0.9481319623363588,0.6887815585935024,0.2023315543159954
632231,2014B,47.0,3,1.0,35.0,13.733384253463113,0.9507808401984322,0.7023651422057456,0.21999491462114137
632254,2014B,194.0,10,1.0,182.0,15.871461755491081,0.9572673649561123,0.7366017948547608,0.2697724508753238
632255,2014J,152.0,4,0.75,133.0,9.14322208225247,0.9269923675910531,0.588210955065259,0.10286905532938674
632281,2014J,201.0,5,1.0,182.0,11.872718327576681,0.9432900076436247,0.6645331303399441,0.17352298832526095
632302,2014B,194.0,9,1.0,182.0,14.97626701104141,0.9547716843809574,0.7232637765324275,0.2494513853872069
632447,2014B,82.0,5,0.8,70.0,11.488040968883949,0.9414477653572977,0.6555013681312004,0.16363901916184487
632454,2014B,194.0,10,1.0,182.0,15.871461755491081,0.9572673649561123,0.7366017948547608,0.2697724508753238
632470,2014B,12.0,1,1.0,0.0,13.014016992892225,0.9481319623363588,0.6887815585935024,0.2023315543159954
632473,2014J,19.0,1,1.0,0.0,13.014016992892225,0.9481319623363588,0.6887815585935024,0.2023315543159954
632503,2014B,194.0,11,1.0,182.0,16.820166071444753,0.9596282638177619,0.7494129870007343,0.29046306865897914
632536,2014B,47.0,2,1.0,35.0,12.9587830480666,0.9479167459046037,0.6876878781159758,0.2009582626927773
632547,2014B,82.0,3,1.0,70.0,12.903783526529546,0.9477006613251653,0.6865912837805365,0.19958849829243266
632574,2014B,12.0,1,1.0,0.0,13.014016992892225,0.9481319623363588,0.6887815585935024,0.2023315543159954
632578,2014B,194.0,11,1.0,182.0,16.820166071444753,0.9596282638177619,0.7494129870007343,0.29046306865897914
632605,2014J,19.0,1,0.0,0.0,4.073074741435078,0.8435147679614741,0.3038427186416507,0.0060643005081270065
632618,2014B,82.0,5,1.0,70.0,14.492515505111,0.953297796167274,0.7154843243067773,0.23815388506135335
632632,2014J,201.0,5,0.8,182.0,9.411359574610687,0.9289967317396159,0.5971718162926833,0.10975532086963978
632658,2014B,194.0,9,0.6666666666666666,182.0,10.168118007122393,0.9341028960011587,0.6205303529729281,0.12937237643994148
632682,2014B,194.0,11,1.0,182.0,16.820166071444753,0.9596282638177619,0.7494129870007343,0.29046306865897914
632704,2014B,194.0,11,1.0,182.0,16.820166071444753,0.9596282638177619,0.7494129870007343,0.29046306865897914
632712,2014B,194.0,11,1.0,182.0,16.820166071444753,0.9596282638177619,0.7494129870007343,0.29046306865897914
632722,2014J,54.0,2,0.5,35.0,7.249694803979926,0.9088179022009042,0.5120803526981007,0.056794489458313724
632752,2014B,152.0,9,1.0,140.0,16.138983511439626,0.9579606022573045,0.7403439614947853,0.2756953560030644
632823,2014B,194.0,11,1.0,182.0,16.820166071444753,0.9596282638177619,0.7494129870007343,0.29046306865897914
632847,2014B,12.0,1,1.0,0.0,13.014016992892225,0.9481319623363588,0.6887815585935024,0.2023315543159954
632869,2014B,194.0,10,0.9,182.0,14.130841592482957,0.9521315408374345,0.7093795500889342,0.22956652605310982
632955,2014J,201.0,5,0.8,182.0,9.411359574610687,0.9289967317396159,0.5971718162926833,0.10975532086963978
633024,2014B,194.0,11,1.0,182.0,16.820166071444753,0.9596282638177619,0.7494129870007343,0.29046306865897914
633130,2014B,194.0,11,1.0,182.0,16.820166071444753,0.9596282638177619,0.7494129870007343,0.29046306865897914
633162,2014B,12.0,1,1.0,0.0,13.014016992892225,0.9481319623363588,0.6887815585935024,0.2023315543159954
633193,2014B,194.0,6,1.0,182.0,12.582400856697058,0.9464012680578139,0.6800286256824646,0.19153996582477406
633208,2014B,194.0,11,1.0,182.0,16.820166071444753,0.9596282638177619,0.7494129870007343,0.29046306865897914
633212,2014B,194.0,10,1.0,182.0,15.871461755491081,0.9572673649561123,0.7366017948547608,0.2697724508753238
633228,2014B,117.0,6,1.0,105.0,14.431006533497468,0.9531034804844484,0.7144640619516958,0.23670185660004425
633245,2014B,47.0,3,1.0,35.0,13.733384253463113,0.9507808401984322,0.7023651422057456,0.21999491462114137
633257,2014B,194.0,9,0.6666666666666666,182.0,10.168118007122393,0.9341028960011587,0.6205303529729281,0.12937237643994148
633378,2014B,47.0,3,1.0,35.0,13.733384253463113,0.9507808401984322,0.7023651422057456,0.21999491462114137
633380,2014B,12.0,1,1.0,0.0,13.014016992892225,0.9481319623363588,0.6887815585935024,0.2023315543159954
633386,2014B,194.0,10,1.0,182.0,15.871461755491081,0.9572673649561123,0.7366017948547608,0.2697724508753238
633394,2014B,117.0,7,1.0,105.0,15.293608755825733,0.9556890600243851,0.7281423683403853,0.2567428969729942
633472,2014B,194.0,11,1.0,182.0,16.820166071444753,0.9596282638177619,0.7494129870007343,0.29046306865897914
633491,2014B,152.0,4,1.0,140.0,12.072839179947252,0.9442033079801789,0.6690500745433691,0.1786345782490373
633499,2014B,194.0,11,1.0,182.0,16.820166071444753,0.9596282638177619,0.7494129870007343,0.29046306865897914
633560,2014B,194.0,11,1.0,182.0,16.820166071444753,0.9596282638177619,0.7494129870007343,0.29046306865897914
633570,2014B,194.0,10,1.0,154.0,16.682661169863994,0.9593023691100526,0.7476332694171496,0.287518312210947
633590,2014B,194.0,11,1.0,182.0,16.820166071444753,0.9596282638177619,0.7494129870007343,0.29046306865897914
633603,2014B,194.0,11,1.0,182.0,16.820166071444753,0.9596282638177619,0.7494129870007343,0.29046306865897914
633646,2014B,194.0,11,1.0,182.0,16.820166071444753,0.9596282638177619,0.7494129870007343,0.29046306865897914
633650,2014B,194.0,10,1.0,182.0,15.871461755491081,0.9572673649561123,0.7366017948547608,0.2697724508753238
633669,2014B,194.0,11,1.0,182.0,16.820166071444753,0.9596282638177619,0.7494129870007343,0.29046306865897914
633865,2014B,12.0,1,1.0,0.0,13.014016992892225,0.9481319623363588,0.6887815585935024,0.2023315543159954
633902,2014J,201.0,5,1.0,182.0,11.872718327576681,0.9432900076436247,0.6645331303399441,0.17352298832526095
633929,2014B,194.0,10,1.0,182.0,15.871461755491081,0.9572673649561123,0.7366017948547608,0.2697724508753238
633935,2014B,194.0,10,1.0,154.0,16.682661169863994,0.9593023691100526,0.7476332694171496,0.287518312210947
633949,2014J,201.0,5,1.0,182.0,11.872718327576681,0.9432900076436247,0.6645331303399441,0.17352298832526095
634058,2014B,82.0,5,1.0,70.0,14.492515505111,0.953297796167274,0.7154843243067773,0.23815388506135335
634075,2014B,194.0,11,1.0,182.0,16.820166071444753,0.9596282638177619,0.7494129870007343,0.29046306865897914
634077,2014B,194.0,11,1.0,182.0,16.820166071444753,0.9596282638177619,0.7494129870007343,0.29046306865897914
634164,2014B,117.0,7,1.0,105.0,15.293608755825733,0.9556890600243851,0.7281423683403853,0.2567428969729942
634188,2014B,194.0,11,0.9090909090909091,182.0,15.134484885402992,0.9552337614209082,0.7257175824849951,0.2530986961619158
634230,2014B,194.0,11,1.0,182.0,16.820166071444753,0.9596282638177619,0.7494129870007343,0.29046306865897914
634247,2014J,201.0,4,1.0,182.0,11.203063874009995,0.9400039368199057,0.6484966056831101,0.1562752398115187
634265,2014B,194.0,10,1.0,182.0,15.871461755491081,0.9572673649561123,0.7366017948547608,0.2697724508753238
634280,2014B,194.0,11,1.0,182.0,16.820166071444753,0.9596282638177619,0.7494129870007343,0.29046306865897914
634286,2014B,194.0,11,1.0,182.0,16.820166071444753,0.9596282638177619,0.7494129870007343,0.29046306865897914
634304,2014B,194.0,11,1.0,182.0,16.820166071444753,0.9596282638177619,0.7494129870007343,0.29046306865897914
634353,2014B,82.0,4,1.0,70.0,13.675097178185805,0.9505763260111401,0.7013082668595051,0.2185796978319925
634412,2014B,194.0,10,1.0,182.0,15.871461755491081,0.9572673649561123,0.7366017948547608,0.2697724508753238
634472,2014B,194.0,10,1.0,182.0,15.871461755491081,0.9572673649561123,0.7366017948547608,0.2697724508753238
634477,2014B,194.0,11,1.0,182.0,16.820166071444753,0.9596282638177619,0.7494129870007343,0.29046306865897914
634481,2014B,194.0,11,1.0,182.0,16.820166071444753,0.9596282638177619,0.7494129870007343,0.29046306865897914
634483,2014B,194.0,10,1.0,182.0,15.871461755491081,0.9572673649561123,0.7366017948547608,0.2697724508753238
634491,2014B,194.0,10,1.0,182.0,15.871461755491081,0.9572673649561123,0.7366017948547608,0.2697724508753238
634606,2014B,194.0,11,1.0,182.0,16.820166071444753,0.9596282638177619,0.7494129870007343,0.29046306865897914
634636,2014J,201.0,5,0.8,182.0,9.411359574610687,0.9289967317396159,0.5971718162926833,0.10975532086963978
634715,2014B,194.0,10,1.0,182.0,15.871461755491081,0.9572673649561123,0.7366017948547608,0.2697724508753238
634772,2014J,201.0,5,0.8,182.0,9.411359574610687,0.9289967317396159,0.5971718162926833,0.10975532086963978
634833,2014B,194.0,11,1.0,182.0,16.820166071444753,0.9596282638177619,0.7494129870007343,0.29046306865897914
634851,2014B,194.0,11,1.0,182.0,16.820166071444753,0.9596282638177619,0.7494129870007343,0.29046306865897914
634876,2014B,194.0,10,1.0,182.0,15.871461755491081,0.9572673649561123,0.7366017948547608,0.2697724508753238
634928,2014B,194.0,10,1.0,182.0,15.871461755491081,0.9572673649561123,0.7366017948547608,0.2697724508753238
634944,2014B,194.0,11,1.0,182.0,16.820166071444753,0.9596282638177619,0.7494129870007343,0.29046306865897914
634976,2014B,194.0,10,1.0,182.0,15.871461755491081,0.9572673649561123,0.7366017948547608,0.2697724508753238
635011,2014B,194.0,10,1.0,154.0,16.682661169863994,0.9593023691100526,0.7476332694171496,0.287518312210947
635113,2014B,194.0,11,1.0,182.0,16.820166071444753,0.9596282638177619,0.7494129870007343,0.29046306865897914
635122,2014B,194.0,11,1.0,182.0,16.820166071444753,0.9596282638177619,0.7494129870007343,0.29046306865897914
635136,2014B,152.0,9,1.0,140.0,16.138983511439626,0.9579606022573045,0.7403439614947853,0.2756953560030644
635173,2014B,194.0,11,1.0,182.0,16.820166071444753,0.9596282638177619,0.7494129870007343,0.29046306865897914
635228,2014B,194.0,11,1.0,182.0,16.820166071444753,0.9596282638177619,0.7494129870007343,0.29046306865897914
635230,2014B,194.0,10,1.0,182.0,15.871461755491081,0.9572673649561123,0.7366017948547608,0.2697724508753238
635241,2014B,194.0,11,1.0,182.0,16.820166071444753,0.9596282638177619,0.7494129870007343,0.29046306865897914
635244,2014B,194.0,11,1.0,182.0,16.820166071444753,0.9596282638177619,0.7494129870007343,0.29046306865897914
635246,2014B,194.0,5,1.0,112.0,13.448417102127598,0.9497645453403545,0.6971266308941054,0.21304855883469448
635247,2014B,194.0,6,1.0,182.0,12.582400856697058,0.9464012680578139,0.6800286256824646,0.19153996582477406
635328,2014J,201.0,5,0.6,182.0,7.460270394597564,0.9112738674779399,0.5218460657031242,0.06158394229354896
635432,2014B,82.0,4,0.75,70.0,10.228411073187125,0.9344783234800631,0.6222782509840373,0.13094139188170945
635433,2014B,194.0,11,1.0,182.0,16.820166071444753,0.9596282638177619,0.7494129870007343,0.29046306865897914
635435,2014B,194.0,11,1.0,182.0,16.820166071444753,0.9596282638177619,0.7494129870007343,0.29046306865897914
635452,2014J,201.0,5,1.0,182.0,11.872718327576681,0.9432900076436247,0.6645331303399441,0.17352298832526095
635473,2014B,152.0,3,1.0,70.0,12.903783526529546,0.9477006613251653,0.6865912837805365,0.19958849829243266
635561,2014J,110.0,3,1.0,91.0,12.430275864473238,0.9457634296463958,0.6768269112364681,0.18770485552034183
635591,2014B,194.0,11,1.0,182.0,16.820166071444753,0.9596282638177619,0.7494129870007343,0.29046306865897914
635755,2014B,194.0,11,1.0,182.0,16.820166071444753,0.9596282638177619,0.7494129870007343,0.29046306865897914
635761,2014B,194.0,11,1.0,182.0,16.820166071444753,0.9596282638177619,0.7494129870007343,0.29046306865897914
635764,2014B,194.0,10,1.0,182.0,15.871461755491081,0.9572673649561123,0.7366017948547608,0.2697724508753238
635771,2014B,194.0,10,1.0,182.0,15.871461755491081,0.9572673649561123,0.7366017948547608,0.2697724508753238
635773,2014B,194.0,11,1.0,182.0,16.820166071444753,0.9596282638177619,0.7494129870007343,0.29046306865897914
635774,2014B,194.0,10,1.0,182.0,15.871461755491081,0.9572673649561123,0.7366017948547608,0.2697724508753238
635777,2014J,201.0,5,0.8,182.0,9.411359574610687,0.9289967317396159,0.5971718162926833,0.10975532086963978
635788,2014B,194.0,10,1.0,182.0,15.871461755491081,0.9572673649561123,0.7366017948547608,0.2697724508753238
635793,2014B,47.0,3,1.0,35.0,13.733384253463113,0.9507808401984322,0.7023651422057456,0.21999491462114137
635890,2014J,201.0,5,0.8,182.0,9.411359574610687,0.9289967317396159,0.5971718162926833,0.10975532086963978
635921,2014J,201.0,5,1.0,182.0,11.872718327576681,0.9432900076436247,0.6645331303399441,0.17352298832526095
635924,2014J,201.0,5,0.8,182.0,9.411359574610687,0.9289967317396159,0.5971718162926833,0.10975532086963978
636302,2014J,201.0,5,1.0,182.0,11.872718327576681,0.9432900076436247,0.6645331303399441,0.17352298832526095
636525,2014J,201.0,5,1.0,182.0,11.872718327576681,0.9432900076436247,0.6645331303399441,0.17352298832526095
636953,2014J,19.0,1,0.0,0.0,4.073074741435078,0.8435147679614741,0.3038427186416507,0.0060643005081270065
637003,2014J,201.0,5,1.0,182.0,11.872718327576681,0.9432900076436247,0.6645331303399441,0.17352298832526095
637063,2014J,201.0,5,0.8,182.0,9.411359574610687,0.9289967317396159,0.5971718162926833,0.10975532086963978
637238,2014J,201.0,5,0.8,182.0,9.411359574610687,0.9289967317396159,0.5971718162926833,0.10975532086963978
637279,2014J,201.0,5,1.0,182.0,11.872718327576681,0.9432900076436247,0.6645331303399441,0.17352298832526095
637348,2014J,152.0,4,0.75,133.0,9.14322208225247,0.9269923675910531,0.588210955065259,0.10286905532938674
637370,2014J,201.0,5,1.0,182.0,11.872718327576681,0.9432900076436247,0.6645331303399441,0.17352298832526095
637382,2014J,201.0,5,1.0,182.0,11.872718327576681,0.9432900076436247,0.6645331303399441,0.17352298832526095
637388,2014J,201.0,5,0.8,182.0,9.411359574610687,0.9289967317396159,0.5971718162926833,0.10975532086963978
637414,2014J,201.0,5,1.0,182.0,11.872718327576681,0.9432900076436247,0.6645331303399441,0.17352298832526095
637586,2014J,201.0,5,0.8,182.0,9.411359574610687,0.9289967317396159,0.5971718162926833,0.10975532086963978
637715,2014J,201.0,5,0.8,182.0,9.411359574610687,0.9289967317396159,0.5971718162926833,0.10975532086963978
637810,2014J,201.0,5,0.8,182.0,9.411359574610687,0.9289967317396159,0.5971718162926833,0.10975532086963978
637815,2014J,201.0,5,1.0,182.0,11.872718327576681,0.9432900076436247,0.6645331303399441,0.17352298832526095
637820,2014J,152.0,4,0.75,133.0,9.14322208225247,0.9269923675910531,0.588210955065259,0.10286905532938674
637903,2014J,201.0,5,1.0,182.0,11.872718327576681,0.9432900076436247,0.6645331303399441,0.17352298832526095
638036,2014J,54.0,2,0.5,35.0,7.249694803979926,0.9088179022009042,0.5120803526981007,0.056794489458313724
638516,2014J,201.0,5,0.8,182.0,9.411359574610687,0.9289967317396159,0.5971718162926833,0.10975532086963978
638544,2014J,110.0,3,1.0,91.0,12.430275864473238,0.9457634296463958,0.6768269112364681,0.18770485552034183
638554,2014J,19.0,1,1.0,0.0,13.014016992892225,0.9481319623363588,0.6887815585935024,0.2023315543159954
638756,2014J,201.0,5,1.0,182.0,11.872718327576681,0.9432900076436247,0.6645331303399441,0.17352298832526095
638997,2014J,201.0,5,1.0,182.0,11.872718327576681,0.9432900076436247,0.6645331303399441,0.17352298832526095
639663,2014J,201.0,5,1.0,182.0,11.872718327576681,0.9432900076436247,0.6645331303399441,0.17352298832526095
639724,2014J,201.0,5,1.0,182.0,11.872718327576681,0.9432900076436247,0.6645331303399441,0.17352298832526095
640225,2014J,201.0,5,1.0,182.0,11.872718327576681,0.9432900076436247,0.6645331303399441,0.17352298832526095
640265,2014J,54.0,2,0.5,35.0,7.249694803979926,0.9088179022009042,0.5120803526981007,0.056794489458313724
640289,2014J,110.0,3,0.3333333333333333,91.0,5.730002002198576,0.8860622669964707,0.4287949851016118,0.02654161070825988
640291,2014J,54.0,2,0.5,35.0,7.249694803979926,0.9088179022009042,0.5120803526981007,0.056794489458313724
640425,2014J,201.0,5,1.0,182.0,11.872718327576681,0.9432900076436247,0.6645331303399441,0.17352298832526095
640455,2014J,201.0,5,1.0,182.0,11.872718327576681,0.9432900076436247,0.6645331303399441,0.17352298832526095
640701,2014J,201.0,5,1.0,182.0,11.872718327576681,0.9432900076436247,0.6645331303399441,0.17352298832526095
640706,2014J,110.0,3,1.0,91.0,12.430275864473238,0.9457634296463958,0.6768269112364681,0.18770485552034183
640753,2014J,110.0,3,0.6666666666666666,91.0,8.439520459795823,0.9211511789392633,0.5627511431774405,0.08509957049259294
641329,2014J,152.0,4,0.75,133.0,9.14322208225247,0.9269923675910531,0.588210955065259,0.10286905532938674
641616,2014J,201.0,4,1.0,147.0,11.923323161888911,0.9435237670141109,0.66568674656955,0.17481767124294167
641840,2014J,201.0,5,1.0,182.0,11.872718327576681,0.9432900076436247,0.6645331303399441,0.17352298832526095
641992,2014J,54.0,2,0.5,35.0,7.249694803979926,0.9088179022009042,0.5120803526981007,0.056794489458313724
642067,2014J,201.0,5,0.8,182.0,9.411359574610687,0.9289967317396159,0.5971718162926833,0.10975532086963978
642075,2014J,19.0,1,1.0,0.0,13.014016992892225,0.9481319623363588,0.6887815585935024,0.2023315543159954
642083,2014J,201.0,5,0.8,182.0,9.411359574610687,0.9289967317396159,0.5971718162926833,0.10975532086963978
642122,2014J,201.0,5,1.0,182.0,11.872718327576681,0.9432900076436247,0.6645331303399441,0.17352298832526095
642201,2014J,201.0,5,1.0,182.0,11.872718327576681,0.9432900076436247,0.6645331303399441,0.17352298832526095
642250,2014J,110.0,3,1.0,91.0,12.430275864473238,0.9457634296463958,0.6768269112364681,0.18770485552034183
642405,2014J,201.0,5,0.8,182.0,9.411359574610687,0.9289967317396159,0.5971718162926833,0.10975532086963978
642413,2014J,201.0,5,0.8,182.0,9.411359574610687,0.9289967317396159,0.5971718162926833,0.10975532086963978
642439,2014J,201.0,5,0.8,182.0,9.411359574610687,0.9289967317396159,0.5971718162926833,0.10975532086963978
642550,2014J,201.0,5,0.8,182.0,9.411359574610687,0.9289967317396159,0.5971718162926833,0.10975532086963978
642595,2014J,201.0,5,1.0,182.0,11.872718327576681,0.9432900076436247,0.6645331303399441,0.17352298832526095
642600,2014J,201.0,5,0.6,182.0,7.460270394597564,0.9112738674779399,0.5218460657031242,0.06158394229354896
642698,2014J,201.0,5,1.0,182.0,11.872718327576681,0.9432900076436247,0.6645331303399441,0.17352298832526095
642834,2014J,201.0,5,0.8,182.0,9.411359574610687,0.9289967317396159,0.5971718162926833,0.10975532086963978
643172,2014J,201.0,5,0.8,182.0,9.411359574610687,0.9289967317396159,0.5971718162926833,0.10975532086963978
643208,2014J,201.0,5,1.0,182.0,11.872718327576681,0.9432900076436247,0.6645331303399441,0.17352298832526095
643321,2014J,201.0,5,1.0,182.0,11.872718327576681,0.9432900076436247,0.6645331303399441,0.17352298832526095
643354,2014J,201.0,5,1.0,182.0,11.872718327576681,0.9432900076436247,0.6645331303399441,0.17352298832526095
643587,2014J,201.0,5,0.8,182.0,9.411359574610687,0.9289967317396159,0.5971718162926833,0.10975532086963978
643608,2014J,54.0,2,1.0,35.0,12.9587830480666,0.9479167459046037,0.6876878781159758,0.2009582626927773
643953,2014J,110.0,3,0.6666666666666666,91.0,8.439520459795823,0.9211511789392633,0.5627511431774405,0.08509957049259294
643986,2014J,201.0,5,1.0,182.0,11.872718327576681,0.9432900076436247,0.6645331303399441,0.17352298832526095
644069,2014J,201.0,5,0.8,182.0,9.411359574610687,0.9289967317396159,0.5971718162926833,0.10975532086963978
644101,2014J,110.0,3,0.6666666666666666,91.0,8.439520459795823,0.9211511789392633,0.5627511431774405,0.08509957049259294
644164,2014J,201.0,5,1.0,182.0,11.872718327576681,0.9432900076436247,0.6645331303399441,0.17352298832526095
644172,2014J,201.0,5,0.8,182.0,9.411359574610687,0.9289967317396159,0.5971718162926833,0.10975532086963978
644362,2014J,201.0,5,0.8,182.0,9.411359574610687,0.9289967317396159,0.5971718162926833,0.10975532086963978
644482,2014J,19.0,1,1.0,0.0,13.014016992892225,0.9481319623363588,0.6887815585935024,0.2023315543159954
644484,2014J,201.0,5,1.0,182.0,11.872718327576681,0.9432900076436247,0.6645331303399441,0.17352298832526095
644599,2014J,201.0,5,0.8,182.0,9.411359574610687,0.9289967317396159,0.5971718162926833,0.10975532086963978
644793,2014J,201.0,5,0.8,182.0,9.411359574610687,0.9289967317396159,0.5971718162926833,0.10975532086963978
644822,2014J,201.0,5,0.8,182.0,9.411359574610687,0.9289967317396159,0.5971718162926833,0.10975532086963978
644863,2014J,201.0,5,1.0,182.0,11.872718327576681,0.9432900076436247,0.6645331303399441,0.17352298832526095
644883,2014J,19.0,1,0.0,0.0,4.073074741435078,0.8435147679614741,0.3038427186416507,0.0060643005081270065
644993,2014J,201.0,5,0.8,182.0,9.411359574610687,0.9289967317396159,0.5971718162926833,0.10975532086963978
645042,2014J,152.0,4,0.75,133.0,9.14322208225247,0.9269923675910531,0.588210955065259,0.10286905532938674
645047,2014J,201.0,5,1.0,182.0,11.872718327576681,0.9432900076436247,0.6645331303399441,0.17352298832526095
645098,2014J,201.0,5,1.0,182.0,11.872718327576681,0.9432900076436247,0.6645331303399441,0.17352298832526095
645183,2014J,110.0,3,1.0,91.0,12.430275864473238,0.9457634296463958,0.6768269112364681,0.18770485552034183
645248,2014J,54.0,2,0.5,35.0,7.249694803979926,0.9088179022009042,0.5120803526981007,0.056794489458313724
645256,2014J,201.0,5,0.8,182.0,9.411359574610687,0.9289967317396159,0.5971718162926833,0.10975532086963978
645359,2014J,201.0,5,1.0,182.0,11.872718327576681,0.9432900076436247,0.6645331303399441,0.17352298832526095
645370,2014J,201.0,5,0.8,182.0,9.411359574610687,0.9289967317396159,0.5971718162926833,0.10975532086963978
645371,2014J,19.0,1,1.0,0.0,13.014016992892225,0.9481319623363588,0.6887815585935024,0.2023315543159954
645420,2014J,152.0,4,0.75,133.0,9.14322208225247,0.9269923675910531,0.588210955065259,0.10286905532938674
645639,2014J,201.0,5,1.0,182.0,11.872718327576681,0.9432900076436247,0.6645331303399441,0.17352298832526095
645678,2014J,201.0,5,1.0,182.0,11.872718327576681,0.9432900076436247,0.6645331303399441,0.17352298832526095
645950,2014J,201.0,5,1.0,182.0,11.872718327576681,0.9432900076436247,0.6645331303399441,0.17352298832526095
646004,2014J,110.0,3,0.6666666666666666,91.0,8.439520459795823,0.9211511789392633,0.5627511431774405,0.08509957049259294
646063,2014J,201.0,5,0.8,182.0,9.411359574610687,0.9289967317396159,0.5971718162926833,0.10975532086963978
646119,2014J,201.0,5,0.8,182.0,9.411359574610687,0.9289967317396159,0.5971718162926833,0.10975532086963978
646178,2014J,110.0,3,1.0,91.0,12.430275864473238,0.9457634296463958,0.6768269112364681,0.18770485552034183
646202,2014J,201.0,5,1.0,182.0,11.872718327576681,0.9432900076436247,0.6645331303399441,0.17352298832526095
646260,2014J,110.0,3,1.0,91.0,12.430275864473238,0.9457634296463958,0.6768269112364681,0.18770485552034183
646352,2014J,19.0,1,1.0,0.0,13.014016992892225,0.9481319623363588,0.6887815585935024,0.2023315543159954
646415,2014J,201.0,5,0.8,182.0,9.411359574610687,0.9289967317396159,0.5971718162926833,0.10975532086963978
646418,2014J,201.0,5,0.8,182.0,9.411359574610687,0.9289967317396159,0.5971718162926833,0.10975532086963978
646482,2014J,201.0,5,0.8,182.0,9.411359574610687,0.9289967317396159,0.5971718162926833,0.10975532086963978
646484,2014J,201.0,5,1.0,182.0,11.872718327576681,0.9432900076436247,0.6645331303399441,0.17352298832526095
646579,2014J,201.0,5,1.0,182.0,11.872718327576681,0.9432900076436247,0.6645331303399441,0.17352298832526095
646618,2014J,201.0,5,1.0,182.0,11.872718327576681,0.9432900076436247,0.6645331303399441,0.17352298832526095
646659,2014J,201.0,5,1.0,182.0,11.872718327576681,0.9432900076436247,0.6645331303399441,0.17352298832526095
646691,2014J,54.0,2,1.0,35.0,12.9587830480666,0.9479167459046037,0.6876878781159758,0.2009582626927773
646776,2014J,201.0,5,1.0,182.0,11.872718327576681,0.9432900076436247,0.6645331303399441,0.17352298832526095
646781,2014J,201.0,5,1.0,182.0,11.872718327576681,0.9432900076436247,0.6645331303399441,0.17352298832526095
646798,2014J,201.0,5,0.8,182.0,9.411359574610687,0.9289967317396159,0.5971718162926833,0.10975532086963978
646844,2014J,201.0,5,0.8,182.0,9.411359574610687,0.9289967317396159,0.5971718162926833,0.10975532086963978
646852,2014J,201.0,5,0.8,182.0,9.411359574610687,0.9289967317396159,0.5971718162926833,0.10975532086963978
646901,2014J,201.0,5,0.8,182.0,9.411359574610687,0.9289967317396159,0.5971718162926833,0.10975532086963978
647056,2014J,201.0,5,0.8,182.0,9.411359574610687,0.9289967317396159,0.5971718162926833,0.10975532086963978
647200,2014J,201.0,5,1.0,182.0,11.872718327576681,0.9432900076436247,0.6645331303399441,0.17352298832526095
647312,2014J,19.0,1,0.0,0.0,4.073074741435078,0.8435147679614741,0.3038427186416507,0.0060643005081270065
647346,2014J,201.0,5,1.0,182.0,11.872718327576681,0.9432900076436247,0.6645331303399441,0.17352298832526095
647385,2014J,201.0,5,0.8,182.0,9.411359574610687,0.9289967317396159,0.5971718162926833,0.10975532086963978
647393,2014J,201.0,5,0.8,182.0,9.411359574610687,0.9289967317396159,0.5971718162926833,0.10975532086963978
647395,2014J,201.0,5,1.0,182.0,11.872718327576681,0.9432900076436247,0.6645331303399441,0.17352298832526095
647502,2014J,201.0,5,0.8,182.0,9.411359574610687,0.9289967317396159,0.5971718162926833,0.10975532086963978
647553,2014J,201.0,5,1.0,182.0,11.872718327576681,0.9432900076436247,0.6645331303399441,0.17352298832526095
647711,2014J,110.0,3,0.3333333333333333,91.0,5.730002002198576,0.8860622669964707,0.4287949851016118,0.02654161070825988
647762,2014J,201.0,5,1.0,182.0,11.872718327576681,0.9432900076436247,0.6645331303399441,0.17352298832526095
647764,2014J,201.0,5,0.8,182.0,9.411359574610687,0.9289967317396159,0.5971718162926833,0.10975532086963978
647774,2014J,19.0,1,1.0,0.0,13.014016992892225,0.9481319623363588,0.6887815585935024,0.2023315543159954
647803,2014J,201.0,5,1.0,182.0,11.872718327576681,0.9432900076436247,0.6645331303399441,0.17352298832526095
647883,2014J,201.0,5,1.0,182.0,11.872718327576681,0.9432900076436247,0.6645331303399441,0.17352298832526095
647967,2014J,201.0,5,0.8,182.0,9.411359574610687,0.9289967317396159,0.5971718162926833,0.10975532086963978
647982,2014J,201.0,5,0.8,182.0,9.411359574610687,0.9289967317396159,0.5971718162926833,0.10975532086963978
648063,2014J,201.0,5,1.0,182.0,11.872718327576681,0.9432900076436247,0.6645331303399441,0.17352298832526095
648082,2014J,19.0,1,1.0,0.0,13.014016992892225,0.9481319623363588,0.6887815585935024,0.2023315543159954
648119,2014J,54.0,2,0.5,35.0,7.249694803979926,0.9088179022009042,0.5120803526981007,0.056794489458313724
648120,2014J,54.0,2,0.5,35.0,7.249694803979926,0.9088179022009042,0.5120803526981007,0.056794489458313724
648127,2014J,54.0,2,0.5,35.0,7.249694803979926,0.9088179022009042,0.5120803526981007,0.056794489458313724
648131,2014J,19.0,1,0.0,0.0,4.073074741435078,0.8435147679614741,0.3038427186416507,0.0060643005081270065
648135,2014J,201.0,5,1.0,182.0,11.872718327576681,0.9432900076436247,0.6645331303399441,0.17352298832526095
648182,2014J,201.0,5,0.8,182.0,9.411359574610687,0.9289967317396159,0.5971718162926833,0.10975532086963978
648194,2014J,201.0,5,1.0,182.0,11.872718327576681,0.9432900076436247,0.6645331303399441,0.17352298832526095
648201,2014J,152.0,4,0.75,133.0,9.14322208225247,0.9269923675910531,0.588210955065259,0.10286905532938674
648262,2014J,201.0,5,0.8,182.0,9.411359574610687,0.9289967317396159,0.5971718162926833,0.10975532086963978
648310,2014J,201.0,5,1.0,182.0,11.872718327576681,0.9432900076436247,0.6645331303399441,0.17352298832526095
648311,2014J,201.0,5,1.0,182.0,11.872718327576681,0.9432900076436247,0.6645331303399441,0.17352298832526095
648335,2014J,19.0,1,0.0,0.0,4.073074741435078,0.8435147679614741,0.3038427186416507,0.0060643005081270065
648386,2014J,54.0,2,1.0,35.0,12.9587830480666,0.9479167459046037,0.6876878781159758,0.2009582626927773
648416,2014J,201.0,5,0.8,182.0,9.411359574610687,0.9289967317396159,0.5971718162926833,0.10975532086963978
648449,2014J,201.0,5,1.0,182.0,11.872718327576681,0.9432900076436247,0.6645331303399441,0.17352298832526095
648476,2014J,201.0,5,1.0,182.0,11.872718327576681,0.9432900076436247,0.6645331303399441,0.17352298832526095
648487,2014J,201.0,5,0.8,182.0,9.411359574610687,0.9289967317396159,0.5971718162926833,0.10975532086963978
648519,2014J,54.0,2,0.5,35.0,7.249694803979926,0.9088179022009042,0.5120803526981007,0.056794489458313724
648537,2014J,201.0,5,1.0,182.0,11.872718327576681,0.9432900076436247,0.6645331303399441,0.17352298832526095
648543,2014J,201.0,5,1.0,182.0,11.872718327576681,0.9432900076436247,0.6645331303399441,0.17352298832526095
648549,2014J,201.0,5,1.0,182.0,11.872718327576681,0.9432900076436247,0.6645331303399441,0.17352298832526095
648553,2014J,201.0,5,0.8,182.0,9.411359574610687,0.9289967317396159,0.5971718162926833,0.10975532086963978
648585,2014J,201.0,5,0.8,182.0,9.411359574610687,0.9289967317396159,0.5971718162926833,0.10975532086963978
648676,2014J,152.0,4,0.75,133.0,9.14322208225247,0.9269923675910531,0.588210955065259,0.10286905532938674
648693,2014J,201.0,5,1.0,182.0,11.872718327576681,0.9432900076436247,0.6645331303399441,0.17352298832526095
648709,2014J,54.0,2,1.0,35.0,12.9587830480666,0.9479167459046037,0.6876878781159758,0.2009582626927773
648713,2014J,201.0,5,0.8,182.0,9.411359574610687,0.9289967317396159,0.5971718162926833,0.10975532086963978
648728,2014J,201.0,5,0.8,182.0,9.411359574610687,0.9289967317396159,0.5971718162926833,0.10975532086963978
648751,2014J,201.0,5,1.0,182.0,11.872718327576681,0.9432900076436247,0.6645331303399441,0.17352298832526095
648754,2014J,19.0,1,0.0,0.0,4.073074741435078,0.8435147679614741,0.3038427186416507,0.0060643005081270065
648760,2014J,201.0,5,0.8,182.0,9.411359574610687,0.9289967317396159,0.5971718162926833,0.10975532086963978
648778,2014J,201.0,5,1.0,182.0,11.872718327576681,0.9432900076436247,0.6645331303399441,0.17352298832526095
648807,2014J,201.0,5,0.8,182.0,9.411359574610687,0.9289967317396159,0.5971718162926833,0.10975532086963978
648845,2014J,201.0,5,0.8,182.0,9.411359574610687,0.9289967317396159,0.5971718162926833,0.10975532086963978
648928,2014J,54.0,2,0.5,35.0,7.249694803979926,0.9088179022009042,0.5120803526981007,0.056794489458313724
648951,2014J,110.0,3,0.6666666666666666,91.0,8.439520459795823,0.9211511789392633,0.5627511431774405,0.08509957049259294
648985,2014J,201.0,5,0.8,182.0,9.411359574610687,0.9289967317396159,0.5971718162926833,0.10975532086963978
649000,2014J,19.0,1,1.0,0.0,13.014016992892225,0.9481319623363588,0.6887815585935024,0.2023315543159954
649018,2014J,201.0,5,1.0,182.0,11.872718327576681,0.9432900076436247,0.6645331303399441,0.17352298832526095
649025,2014J,201.0,5,1.0,182.0,11.872718327576681,0.9432900076436247,0.6645331303399441,0.17352298832526095
649026,2014J,54.0,2,1.0,35.0,12.9587830480666,0.9479167459046037,0.6876878781159758,0.2009582626927773
649027,2014J,110.0,3,0.6666666666666666,91.0,8.439520459795823,0.9211511789392633,0.5627511431774405,0.08509957049259294
649110,2014J,201.0,5,1.0,182.0,11.872718327576681,0.9432900076436247,0.6645331303399441,0.17352298832526095
649119,2014J,201.0,5,0.8,182.0,9.411359574610687,0.9289967317396159,0.5971718162926833,0.10975532086963978
649189,2014J,201.0,5,0.8,182.0,9.411359574610687,0.9289967317396159,0.5971718162926833,0.10975532086963978
649221,2014J,201.0,5,0.8,182.0,9.411359574610687,0.9289967317396159,0.5971718162926833,0.10975532086963978
649231,2014J,201.0,5,0.8,182.0,9.411359574610687,0.9289967317396159,0.5971718162926833,0.10975532086963978
649291,2014J,201.0,5,1.0,182.0,11.872718327576681,0.9432900076436247,0.6645331303399441,0.17352298832526095
649345,2014J,201.0,5,1.0,182.0,11.872718327576681,0.9432900076436247,0.6645331303399441,0.17352298832526095
649444,2014J,19.0,1,0.0,0.0,4.073074741435078,0.8435147679614741,0.3038427186416507,0.0060643005081270065
649518,2014J,201.0,5,1.0,182.0,11.872718327576681,0.9432900076436247,0.6645331303399441,0.17352298832526095
649542,2014J,54.0,2,1.0,35.0,12.9587830480666,0.9479167459046037,0.6876878781159758,0.2009582626927773
649543,2014J,54.0,2,0.5,35.0,7.249694803979926,0.9088179022009042,0.5120803526981007,0.056794489458313724
649578,2014J,201.0,4,1.0,182.0,11.203063874009995,0.9400039368199057,0.6484966056831101,0.1562752398115187
649621,2014J,152.0,3,0.6666666666666666,98.0,8.335001259741663,0.920202967068513,0.5587086623027462,0.08251043516651714
649638,2014J,19.0,1,1.0,0.0,13.014016992892225,0.9481319623363588,0.6887815585935024,0.2023315543159954
649654,2014J,201.0,5,1.0,182.0,11.872718327576681,0.9432900076436247,0.6645331303399441,0.17352298832526095
649692,2014J,152.0,4,0.75,133.0,9.14322208225247,0.9269923675910531,0.588210955065259,0.10286905532938674
649742,2014J,201.0,5,1.0,182.0,11.872718327576681,0.9432900076436247,0.6645331303399441,0.17352298832526095
649749,2014J,201.0,5,1.0,182.0,11.872718327576681,0.9432900076436247,0.6645331303399441,0.17352298832526095
649795,2014J,201.0,5,1.0,182.0,11.872718327576681,0.9432900076436247,0.6645331303399441,0.17352298832526095
649824,2014J,201.0,5,0.8,182.0,9.411359574610687,0.9289967317396159,0.5971718162926833,0.10975532086963978
649905,2014J,201.0,5,1.0,182.0,11.872718327576681,0.9432900076436247,0.6645331303399441,0.17352298832526095
649962,2014J,201.0,5,0.8,182.0,9.411359574610687,0.9289967317396159,0.5971718162926833,0.10975532086963978
649980,2014J,110.0,3,1.0,91.0,12.430275864473238,0.9457634296463958,0.6768269112364681,0.18770485552034183
650114,2014J,201.0,5,0.8,182.0,9.411359574610687,0.9289967317396159,0.5971718162926833,0.10975532086963978
650161,2014J,201.0,5,1.0,182.0,11.872718327576681,0.9432900076436247,0.6645331303399441,0.17352298832526095
650247,2014J,201.0,5,1.0,182.0,11.872718327576681,0.9432900076436247,0.6645331303399441,0.17352298832526095
650269,2014J,201.0,5,0.8,182.0,9.411359574610687,0.9289967317396159,0.5971718162926833,0.10975532086963978
650354,2014J,110.0,3,0.6666666666666666,91.0,8.439520459795823,0.9211511789392633,0.5627511431774405,0.08509957049259294
650371,2014J,201.0,5,1.0,182.0,11.872718327576681,0.9432900076436247,0.6645331303399441,0.17352298832526095
650433,2014J,110.0,3,0.6666666666666666,91.0,8.439520459795823,0.9211511789392633,0.5627511431774405,0.08509957049259294
650451,2014J,54.0,2,1.0,35.0,12.9587830480666,0.9479167459046037,0.6876878781159758,0.2009582626927773
650531,2014J,201.0,5,0.8,182.0,9.411359574610687,0.9289967317396159,0.5971718162926833,0.10975532086963978
650565,2014J,201.0,5,0.8,182.0,9.411359574610687,0.9289967317396159,0.5971718162926833,0.10975532086963978
650606,2014J,201.0,5,0.8,182.0,9.411359574610687,0.9289967317396159,0.5971718162926833,0.10975532086963978
650797,2014J,201.0,5,1.0,182.0,11.872718327576681,0.9432900076436247,0.6645331303399441,0.17352298832526095
650953,2014J,201.0,5,0.8,182.0,9.411359574610687,0.9289967317396159,0.5971718162926833,0.10975532086963978
650958,2014J,201.0,5,1.0,182.0,11.872718327576681,0.9432900076436247,0.6645331303399441,0.17352298832526095
650961,2014J,54.0,2,0.5,35.0,7.249694803979926,0.9088179022009042,0.5120803526981007,0.056794489458313724
650979,2014J,201.0,5,0.6,182.0,7.460270394597564,0.9112738674779399,0.5218460657031242,0.06158394229354896
651004,2014J,54.0,1,1.0,0.0,13.014016992892225,0.9481319623363588,0.6887815585935024,0.2023315543159954
651008,2014J,201.0,5,0.8,182.0,9.411359574610687,0.9289967317396159,0.5971718162926833,0.10975532086963978
651027,2014J,201.0,5,0.4,182.0,5.913665705713,0.8893974338574564,0.4402213531947172,0.02970818788419758
651065,2014J,201.0,5,1.0,182.0,11.872718327576681,0.9432900076436247,0.6645331303399441,0.17352298832526095
651089,2014J,110.0,3,0.6666666666666666,91.0,8.439520459795823,0.9211511789392633,0.5627511431774405,0.08509957049259294
651148,2014J,201.0,5,1.0,182.0,11.872718327576681,0.9432900076436247,0.6645331303399441,0.17352298832526095
651177,2014J,201.0,5,0.8,182.0,9.411359574610687,0.9289967317396159,0.5971718162926833,0.10975532086963978
651209,2014J,201.0,5,0.4,182.0,5.913665705713,0.8893974338574564,0.4402213531947172,0.02970818788419758
651257,2014J,201.0,5,1.0,182.0,11.872718327576681,0.9432900076436247,0.6645331303399441,0.17352298832526095
651278,2014J,201.0,5,1.0,182.0,11.872718327576681,0.9432900076436247,0.6645331303399441,0.17352298832526095
651324,2014J,201.0,5,0.6,182.0,7.460270394597564,0.9112738674779399,0.5218460657031242,0.06158394229354896
651359,2014J,201.0,5,0.8,182.0,9.411359574610687,0.9289967317396159,0.5971718162926833,0.10975532086963978
651394,2014J,110.0,3,0.6666666666666666,91.0,8.439520459795823,0.9211511789392633,0.5627511431774405,0.08509957049259294
651415,2014J,201.0,5,1.0,182.0,11.872718327576681,0.9432900076436247,0.6645331303399441,0.17352298832526095
651429,2014J,201.0,5,0.8,182.0,9.411359574610687,0.9289967317396159,0.5971718162926833,0.10975532086963978
651544,2014J,201.0,5,0.8,182.0,9.411359574610687,0.9289967317396159,0.5971718162926833,0.10975532086963978
651605,2014J,201.0,5,1.0,182.0,11.872718327576681,0.9432900076436247,0.6645331303399441,0.17352298832526095
651609,2014J,19.0,1,0.0,0.0,4.073074741435078,0.8435147679614741,0.3038427186416507,0.0060643005081270065
651655,2014J,201.0,5,0.8,182.0,9.411359574610687,0.9289967317396159,0.5971718162926833,0.10975532086963978
651659,2014J,201.0,5,0.8,182.0,9.411359574610687,0.9289967317396159,0.5971718162926833,0.10975532086963978
651678,2014J,201.0,5,1.0,182.0,11.872718327576681,0.9432900076436247,0.6645331303399441,0.17352298832526095
651775,2014J,201.0,5,1.0,182.0,11.872718327576681,0.9432900076436247,0.6645331303399441,0.17352298832526095
651863,2014J,201.0,5,1.0,182.0,11.872718327576681,0.9432900076436247,0.6645331303399441,0.17352298832526095
651883,2014J,201.0,3,1.0,91.0,12.430275864473238,0.9457634296463958,0.6768269112364681,0.18770485552034183
651925,2014J,201.0,5,1.0,182.0,11.872718327576681,0.9432900076436247,0.6645331303399441,0.17352298832526095
651939,2014J,201.0,5,1.0,182.0,11.872718327576681,0.9432900076436247,0.6645331303399441,0.17352298832526095
651979,2014J,201.0,5,0.8,182.0,9.411359574610687,0.9289967317396159,0.5971718162926833,0.10975532086963978
651980,2014J,201.0,5,1.0,182.0,11.872718327576681,0.9432900076436247,0.6645331303399441,0.17352298832526095
651991,2014J,201.0,5,1.0,182.0,11.872718327576681,0.9432900076436247,0.6645331303399441,0.17352298832526095
652044,2014J,201.0,5,0.8,182.0,9.411359574610687,0.9289967317396159,0.5971718162926833,0.10975532086963978
652090,2014J,201.0,5,0.8,182.0,9.411359574610687,0.9289967317396159,0.5971718162926833,0.10975532086963978
652149,2014J,201.0,5,1.0,182.0,11.872718327576681,0.9432900076436247,0.6645331303399441,0.17352298832526095
652156,2014J,201.0,5,1.0,182.0,11.872718327576681,0.9432900076436247,0.6645331303399441,0.17352298832526095
652158,2014J,152.0,4,1.0,133.0,12.224230098094477,0.9448749135351181,0.6723884276206926,0.18248600271117035
652226,2014J,201.0,5,1.0,182.0,11.872718327576681,0.9432900076436247,0.6645331303399441,0.17352298832526095
652288,2014J,19.0,1,0.0,0.0,4.073074741435078,0.8435147679614741,0.3038427186416507,0.0060643005081270065
652390,2014J,201.0,5,0.8,182.0,9.411359574610687,0.9289967317396159,0.5971718162926833,0.10975532086963978
652522,2014J,54.0,2,0.5,35.0,7.249694803979926,0.9088179022009042,0.5120803526981007,0.056794489458313724
652553,2014J,201.0,5,0.8,182.0,9.411359574610687,0.9289967317396159,0.5971718162926833,0.10975532086963978
652556,2014J,201.0,5,0.8,182.0,9.411359574610687,0.9289967317396159,0.5971718162926833,0.10975532086963978
652572,2014J,201.0,5,0.8,182.0,9.411359574610687,0.9289967317396159,0.5971718162926833,0.10975532086963978
652585,2014J,54.0,2,1.0,35.0,12.9587830480666,0.9479167459046037,0.6876878781159758,0.2009582626927773
652586,2014J,201.0,5,1.0,182.0,11.872718327576681,0.9432900076436247,0.6645331303399441,0.17352298832526095
652605,2014J,201.0,5,1.0,182.0,11.872718327576681,0.9432900076436247,0.6645331303399441,0.17352298832526095
652803,2014J,19.0,1,0.0,0.0,4.073074741435078,0.8435147679614741,0.3038427186416507,0.0060643005081270065
652818,2014J,201.0,5,1.0,182.0,11.872718327576681,0.9432900076436247,0.6645331303399441,0.17352298832526095
652851,2014J,201.0,5,1.0,182.0,11.872718327576681,0.9432900076436247,0.6645331303399441,0.17352298832526095
652886,2014J,201.0,5,0.8,182.0,9.411359574610687,0.9289967317396159,0.5971718162926833,0.10975532086963978
652933,2014J,19.0,1,0.0,0.0,4.073074741435078,0.8435147679614741,0.3038427186416507,0.0060643005081270065
652969,2014J,201.0,4,1.0,147.0,11.923323161888911,0.9435237670141109,0.66568674656955,0.17481767124294167
653027,2014J,201.0,5,1.0,182.0,11.872718327576681,0.9432900076436247,0.6645331303399441,0.17352298832526095
653034,2014J,19.0,1,0.0,0.0,4.073074741435078,0.8435147679614741,0.3038427186416507,0.0060643005081270065
653052,2014J,201.0,5,0.6,182.0,7.460270394597564,0.9112738674779399,0.5218460657031242,0.06158394229354896
653059,2014J,19.0,1,0.0,0.0,4.073074741435078,0.8435147679614741,0.3038427186416507,0.0060643005081270065
653068,2014J,201.0,5,1.0,182.0,11.872718327576681,0.9432900076436247,0.6645331303399441,0.17352298832526095
653086,2014J,201.0,5,0.8,182.0,9.411359574610687,0.9289967317396159,0.5971718162926833,0.10975532086963978
653188,2014J,152.0,4,0.25,133.0,5.115107597331819,0.8732706094327163,0.38729501521735454,0.017157946806725156
653239,2014J,201.0,5,1.0,182.0,11.872718327576681,0.9432900076436247,0.6645331303399441,0.17352298832526095
653240,2014J,201.0,5,1.0,182.0,11.872718327576681,0.9432900076436247,0.6645331303399441,0.17352298832526095
653262,2014J,201.0,5,1.0,182.0,11.872718327576681,0.9432900076436247,0.6645331303399441,0.17352298832526095
653384,2014J,152.0,4,0.75,133.0,9.14322208225247,0.9269923675910531,0.588210955065259,0.10286905532938674
653385,2014J,19.0,1,0.0,0.0,4.073074741435078,0.8435147679614741,0.3038427186416507,0.0060643005081270065
653465,2014J,54.0,2,0.5,35.0,7.249694803979926,0.9088179022009042,0.5120803526981007,0.056794489458313724
653541,2014J,54.0,2,1.0,35.0,12.9587830480666,0.9479167459046037,0.6876878781159758,0.2009582626927773
653577,2014J,201.0,5,0.8,182.0,9.411359574610687,0.9289967317396159,0.5971718162926833,0.10975532086963978
653597,2014J,110.0,3,1.0,91.0,12.430275864473238,0.9457634296463958,0.6768269112364681,0.18770485552034183
653633,2014J,110.0,3,1.0,91.0,12.430275864473238,0.9457634296463958,0.6768269112364681,0.18770485552034183
653664,2014J,201.0,5,1.0,182.0,11.872718327576681,0.9432900076436247,0.6645331303399441,0.17352298832526095
653702,2014J,201.0,5,0.8,182.0,9.411359574610687,0.9289967317396159,0.5971718162926833,0.10975532086963978
653752,2014J,19.0,1,1.0,0.0,13.014016992892225,0.9481319623363588,0.6887815585935024,0.2023315543159954
653762,2014J,201.0,5,0.8,182.0,9.411359574610687,0.9289967317396159,0.5971718162926833,0.10975532086963978
653840,2014J,201.0,5,1.0,182.0,11.872718327576681,0.9432900076436247,0.6645331303399441,0.17352298832526095
653870,2014J,201.0,5,0.8,182.0,9.411359574610687,0.9289967317396159,0.5971718162926833,0.10975532086963978
653944,2014J,201.0,5,0.8,182.0,9.411359574610687,0.9289967317396159,0.5971718162926833,0.10975532086963978
653951,2014J,201.0,5,0.8,182.0,9.411359574610687,0.9289967317396159,0.5971718162926833,0.10975532086963978
653952,2014J,19.0,1,1.0,0.0,13.014016992892225,0.9481319623363588,0.6887815585935024,0.2023315543159954
653958,2014J,201.0,5,0.8,182.0,9.411359574610687,0.9289967317396159,0.5971718162926833,0.10975532086963978
654005,2014J,201.0,5,1.0,182.0,11.872718327576681,0.9432900076436247,0.6645331303399441,0.17352298832526095
654043,2014J,152.0,4,1.0,133.0,12.224230098094477,0.9448749135351181,0.6723884276206926,0.18248600271117035
654071,2014J,19.0,1,0.0,0.0,4.073074741435078,0.8435147679614741,0.3038427186416507,0.0060643005081270065
654206,2014J,201.0,5,1.0,182.0,11.872718327576681,0.9432900076436247,0.6645331303399441,0.17352298832526095
654214,2014J,19.0,1,0.0,0.0,4.073074741435078,0.8435147679614741,0.3038427186416507,0.0060643005081270065
654265,2014J,19.0,1,1.0,0.0,13.014016992892225,0.9481319623363588,0.6887815585935024,0.2023315543159954
654392,2014J,110.0,3,1.0,91.0,12.430275864473238,0.9457634296463958,0.6768269112364681,0.18770485552034183
654404,2014J,201.0,5,1.0,182.0,11.872718327576681,0.9432900076436247,0.6645331303399441,0.17352298832526095
654415,2014J,201.0,5,1.0,182.0,11.872718327576681,0.9432900076436247,0.6645331303399441,0.17352298832526095
654524,2014J,201.0,5,0.8,182.0,9.411359574610687,0.9289967317396159,0.5971718162926833,0.10975532086963978
654545,2014J,152.0,4,1.0,133.0,12.224230098094477,0.9448749135351181,0.6723884276206926,0.18248600271117035
654585,2014J,19.0,1,0.0,0.0,4.073074741435078,0.8435147679614741,0.3038427186416507,0.0060643005081270065
654657,2014J,201.0,5,0.8,182.0,9.411359574610687,0.9289967317396159,0.5971718162926833,0.10975532086963978
654678,2014J,19.0,1,1.0,0.0,13.014016992892225,0.9481319623363588,0.6887815585935024,0.2023315543159954
654856,2014J,201.0,5,1.0,182.0,11.872718327576681,0.9432900076436247,0.6645331303399441,0.17352298832526095
655084,2014J,201.0,5,1.0,182.0,11.872718327576681,0.9432900076436247,0.6645331303399441,0.17352298832526095
655152,2014J,19.0,1,1.0,0.0,13.014016992892225,0.9481319623363588,0.6887815585935024,0.2023315543159954
655155,2014J,54.0,2,1.0,35.0,12.9587830480666,0.9479167459046037,0.6876878781159758,0.2009582626927773
655230,2014J,152.0,4,0.75,133.0,9.14322208225247,0.9269923675910531,0.588210955065259,0.10286905532938674
655296,2014J,201.0,5,0.8,182.0,9.411359574610687,0.9289967317396159,0.5971718162926833,0.10975532086963978
655314,2014J,201.0,5,1.0,182.0,11.872718327576681,0.9432900076436247,0.6645331303399441,0.17352298832526095
655342,2014J,201.0,5,1.0,182.0,11.872718327576681,0.9432900076436247,0.6645331303399441,0.17352298832526095
655460,2014J,152.0,4,1.0,133.0,12.224230098094477,0.9448749135351181,0.6723884276206926,0.18248600271117035
655471,2014J,201.0,5,0.8,182.0,9.411359574610687,0.9289967317396159,0.5971718162926833,0.10975532086963978
655546,2014J,201.0,5,1.0,182.0,11.872718327576681,0.9432900076436247,0.6645331303399441,0.17352298832526095
655547,2014J,201.0,5,0.8,182.0,9.411359574610687,0.9289967317396159,0.5971718162926833,0.10975532086963978
655572,2014J,110.0,3,1.0,91.0,12.430275864473238,0.9457634296463958,0.6768269112364681,0.18770485552034183
655605,2014J,19.0,1,1.0,0.0,13.014016992892225,0.9481319623363588,0.6887815585935024,0.2023315543159954
655613,2014J,201.0,5,0.8,182.0,9.411359574610687,0.9289967317396159,0.5971718162926833,0.10975532086963978
655662,2014J,19.0,1,0.0,0.0,4.073074741435078,0.8435147679614741,0.3038427186416507,0.0060643005081270065
655668,2014J,201.0,5,1.0,182.0,11.872718327576681,0.9432900076436247,0.6645331303399441,0.17352298832526095
655828,2014J,201.0,5,1.0,182.0,11.872718327576681,0.9432900076436247,0.6645331303399441,0.17352298832526095
656067,2014J,201.0,5,1.0,182.0,11.872718327576681,0.9432900076436247,0.6645331303399441,0.17352298832526095
656089,2014J,110.0,3,1.0,91.0,12.430275864473238,0.9457634296463958,0.6768269112364681,0.18770485552034183
656122,2014J,19.0,1,0.0,0.0,4.073074741435078,0.8435147679614741,0.3038427186416507,0.0060643005081270065
656181,2014J,110.0,3,0.6666666666666666,91.0,8.439520459795823,0.9211511789392633,0.5627511431774405,0.08509957049259294
656187,2014J,201.0,5,1.0,182.0,11.872718327576681,0.9432900076436247,0.6645331303399441,0.17352298832526095
656190,2014J,201.0,5,0.8,182.0,9.411359574610687,0.9289967317396159,0.5971718162926833,0.10975532086963978
656194,2014J,201.0,5,1.0,182.0,11.872718327576681,0.9432900076436247,0.6645331303399441,0.17352298832526095
656196,2014J,201.0,5,1.0,182.0,11.872718327576681,0.9432900076436247,0.6645331303399441,0.17352298832526095
656197,2014J,201.0,5,0.8,182.0,9.411359574610687,0.9289967317396159,0.5971718162926833,0.10975532086963978
656200,2014J,201.0,5,1.0,182.0,11.872718327576681,0.9432900076436247,0.6645331303399441,0.17352298832526095
656204,2014J,110.0,3,1.0,91.0,12.430275864473238,0.9457634296463958,0.6768269112364681,0.18770485552034183
656206,2014J,201.0,5,1.0,182.0,11.872718327576681,0.9432900076436247,0.6645331303399441,0.17352298832526095
656208,2014J,201.0,5,0.8,182.0,9.411359574610687,0.9289967317396159,0.5971718162926833,0.10975532086963978
656217,2014J,201.0,5,0.8,182.0,9.411359574610687,0.9289967317396159,0.5971718162926833,0.10975532086963978
656222,2014J,54.0,2,1.0,35.0,12.9587830480666,0.9479167459046037,0.6876878781159758,0.2009582626927773
656227,2014J,201.0,5,1.0,182.0,11.872718327576681,0.9432900076436247,0.6645331303399441,0.17352298832526095
656253,2014J,201.0,5,1.0,182.0,11.872718327576681,0.9432900076436247,0.6645331303399441,0.17352298832526095
656276,2014J,19.0,1,0.0,0.0,4.073074741435078,0.8435147679614741,0.3038427186416507,0.0060643005081270065
656352,2014J,201.0,3,1.0,91.0,12.430275864473238,0.9457634296463958,0.6768269112364681,0.18770485552034183
656373,2014J,201.0,5,1.0,182.0,11.872718327576681,0.9432900076436247,0.6645331303399441,0.17352298832526095
656386,2014J,201.0,5,1.0,182.0,11.872718327576681,0.9432900076436247,0.6645331303399441,0.17352298832526095
656472,2014J,19.0,1,1.0,0.0,13.014016992892225,0.9481319623363588,0.6887815585935024,0.2023315543159954
656475,2014J,201.0,5,0.0,182.0,3.7158756714884817,0.8298281077751025,0.2709673646664444,0.003712309975669233
656481,2014J,201.0,5,1.0,182.0,11.872718327576681,0.9432900076436247,0.6645331303399441,0.17352298832526095
656494,2014J,201.0,5,1.0,182.0,11.872718327576681,0.9432900076436247,0.6645331303399441,0.17352298832526095
656522,2014J,201.0,5,1.0,182.0,11.872718327576681,0.9432900076436247,0.6645331303399441,0.17352298832526095
656540,2014J,201.0,5,1.0,182.0,11.872718327576681,0.9432900076436247,0.6645331303399441,0.17352298832526095
656549,2014J,201.0,5,0.2,182.0,4.687690958795674,0.8625472277207048,0.35520591209656366,0.011843675772569817
656557,2014J,201.0,5,1.0,182.0,11.872718327576681,0.9432900076436247,0.6645331303399441,0.17352298832526095
656566,2014J,201.0,5,1.0,182.0,11.872718327576681,0.9432900076436247,0.6645331303399441,0.17352298832526095
656681,2014J,201.0,5,1.0,182.0,11.872718327576681,0.9432900076436247,0.6645331303399441,0.17352298832526095
656698,2014J,201.0,5,0.8,182.0,9.411359574610687,0.9289967317396159,0.5971718162926833,0.10975532086963978
656711,2014J,201.0,5,0.8,182.0,9.411359574610687,0.9289967317396159,0.5971718162926833,0.10975532086963978
656755,2014J,152.0,3,0.6666666666666666,98.0,8.335001259741663,0.920202967068513,0.5587086623027462,0.08251043516651714
656784,2014J,152.0,4,1.0,133.0,12.224230098094477,0.9448749135351181,0.6723884276206926,0.18248600271117035
656873,2014J,201.0,5,0.8,182.0,9.411359574610687,0.9289967317396159,0.5971718162926833,0.10975532086963978
656915,2014J,201.0,5,1.0,182.0,11.872718327576681,0.9432900076436247,0.6645331303399441,0.17352298832526095
656990,2014J,201.0,5,1.0,182.0,11.872718327576681,0.9432900076436247,0.6645331303399441,0.17352298832526095
657032,2014J,201.0,5,0.8,182.0,9.411359574610687,0.9289967317396159,0.5971718162926833,0.10975532086963978
657099,2014J,201.0,5,0.8,182.0,9.411359574610687,0.9289967317396159,0.5971718162926833,0.10975532086963978
657290,2014J,201.0,5,0.8,182.0,9.411359574610687,0.9289967317396159,0.5971718162926833,0.10975532086963978
657293,2014J,201.0,5,1.0,182.0,11.872718327576681,0.9432900076436247,0.6645331303399441,0.17352298832526095
674201,2014J,19.0,1,0.0,0.0,4.073074741435078,0.8435147679614741,0.3038427186416507,0.0060643005081270065
674214,2014J,201.0,5,1.0,182.0,11.872718327576681,0.9432900076436247,0.6645331303399441,0.17352298832526095
674276,2014J,201.0,5,1.0,182.0,11.872718327576681,0.9432900076436247,0.6645331303399441,0.17352298832526095
674290,2014J,201.0,5,0.8,182.0,9.411359574610687,0.9289967317396159,0.5971718162926833,0.10975532086963978
674319,2014J,19.0,1,1.0,0.0,13.014016992892225,0.9481319623363588,0.6887815585935024,0.2023315543159954
674322,2014J,201.0,5,0.8,182.0,9.411359574610687,0.9289967317396159,0.5971718162926833,0.10975532086963978
674323,2014J,19.0,1,1.0,0.0,13.014016992892225,0.9481319623363588,0.6887815585935024,0.2023315543159954
674349,2014J,201.0,5,1.0,182.0,11.872718327576681,0.9432900076436247,0.6645331303399441,0.17352298832526095
674495,2014J,201.0,5,1.0,182.0,11.872718327576681,0.9432900076436247,0.6645331303399441,0.17352298832526095
674576,2014J,201.0,5,1.0,182.0,11.872718327576681,0.9432900076436247,0.6645331303399441,0.17352298832526095
674605,2014J,201.0,5,1.0,182.0,11.872718327576681,0.9432900076436247,0.6645331303399441,0.17352298832526095
674616,2014J,152.0,3,1.0,98.0,12.276333173535239,0.9451023317336233,0.6735220874686301,0.18380826658956162
674746,2014J,19.0,1,1.0,0.0,13.014016992892225,0.9481319623363588,0.6887815585935024,0.2023315543159954
674748,2014J,19.0,1,1.0,0.0,13.014016992892225,0.9481319623363588,0.6887815585935024,0.2023315543159954
674758,2014J,54.0,2,0.5,35.0,7.249694803979926,0.9088179022009042,0.5120803526981007,0.056794489458313724
674784,2014J,201.0,5,1.0,182.0,11.872718327576681,0.9432900076436247,0.6645331303399441,0.17352298832526095
674922,2014J,201.0,5,0.8,182.0,9.411359574610687,0.9289967317396159,0.5971718162926833,0.10975532086963978
674960,2014J,201.0,5,0.8,182.0,9.411359574610687,0.9289967317396159,0.5971718162926833,0.10975532086963978
675042,2014J,201.0,5,1.0,182.0,11.872718327576681,0.9432900076436247,0.6645331303399441,0.17352298832526095
675085,2014J,201.0,5,0.8,182.0,9.411359574610687,0.9289967317396159,0.5971718162926833,0.10975532086963978
675094,2014J,110.0,2,0.5,91.0,6.561798947989419,0.8997541568360601,0.4773830911600855,0.04204514481959004
675096,2014J,152.0,4,0.75,133.0,9.14322208225247,0.9269923675910531,0.588210955065259,0.10286905532938674
675159,2014J,201.0,5,1.0,182.0,11.872718327576681,0.9432900076436247,0.6645331303399441,0.17352298832526095
675165,2014J,19.0,1,0.0,0.0,4.073074741435078,0.8435147679614741,0.3038427186416507,0.0060643005081270065
675223,2014J,201.0,5,0.8,182.0,9.411359574610687,0.9289967317396159,0.5971718162926833,0.10975532086963978
675231,2014J,201.0,5,1.0,182.0,11.872718327576681,0.9432900076436247,0.6645331303399441,0.17352298832526095
675526,2014J,201.0,5,0.8,182.0,9.411359574610687,0.9289967317396159,0.5971718162926833,0.10975532086963978
675576,2014J,201.0,5,0.8,182.0,9.411359574610687,0.9289967317396159,0.5971718162926833,0.10975532086963978
675671,2014J,19.0,1,1.0,0.0,13.014016992892225,0.9481319623363588,0.6887815585935024,0.2023315543159954
675728,2014J,201.0,5,0.8,182.0,9.411359574610687,0.9289967317396159,0.5971718162926833,0.10975532086963978
675750,2014J,54.0,2,1.0,35.0,12.9587830480666,0.9479167459046037,0.6876878781159758,0.2009582626927773
675807,2014J,201.0,5,1.0,182.0,11.872718327576681,0.9432900076436247,0.6645331303399441,0.17352298832526095
675922,2014J,19.0,1,0.0,0.0,4.073074741435078,0.8435147679614741,0.3038427186416507,0.0060643005081270065
675929,2014J,152.0,4,0.5,133.0,6.838754618863119,0.9036115057154565,0.4918948381582844,0.047802715177777726
676151,2014J,201.0,5,0.8,182.0,9.411359574610687,0.9289967317396159,0.5971718162926833,0.10975532086963978
676169,2014J,201.0,5,1.0,182.0,11.872718327576681,0.9432900076436247,0.6645331303399441,0.17352298832526095
676176,2014J,201.0,5,1.0,182.0,11.872718327576681,0.9432900076436247,0.6645331303399441,0.17352298832526095
676258,2014J,19.0,1,1.0,0.0,13.014016992892225,0.9481319623363588,0.6887815585935024,0.2023315543159954
676322,2014J,201.0,5,1.0,182.0,11.872718327576681,0.9432900076436247,0.6645331303399441,0.17352298832526095
676401,2014J,201.0,5,1.0,182.0,11.872718327576681,0.9432900076436247,0.6645331303399441,0.17352298832526095
676420,2014J,19.0,1,0.0,0.0,4.073074741435078,0.8435147679614741,0.3038427186416507,0.0060643005081270065
676428,2014J,201.0,5,1.0,182.0,11.872718327576681,0.9432900076436247,0.6645331303399441,0.17352298832526095
676604,2014J,110.0,3,0.6666666666666666,91.0,8.439520459795823,0.9211511789392633,0.5627511431774405,0.08509957049259294
676633,2014J,201.0,5,0.8,182.0,9.411359574610687,0.9289967317396159,0.5971718162926833,0.10975532086963978
676705,2014J,201.0,5,0.8,182.0,9.411359574610687,0.9289967317396159,0.5971718162926833,0.10975532086963978
676750,2014J,201.0,5,1.0,182.0,11.872718327576681,0.9432900076436247,0.6645331303399441,0.17352298832526095
676898,2014J,201.0,5,1.0,182.0,11.872718327576681,0.9432900076436247,0.6645331303399441,0.17352298832526095
676948,2014J,201.0,5,1.0,182.0,11.872718327576681,0.9432900076436247,0.6645331303399441,0.17352298832526095
676962,2014J,201.0,5,1.0,182.0,11.872718327576681,0.9432900076436247,0.6645331303399441,0.17352298832526095
677004,2014J,152.0,4,0.75,133.0,9.14322208225247,0.9269923675910531,0.588210955065259,0.10286905532938674
677154,2014J,152.0,4,1.0,133.0,12.224230098094477,0.9448749135351181,0.6723884276206926,0.18248600271117035
677201,2014J,201.0,5,1.0,182.0,11.872718327576681,0.9432900076436247,0.6645331303399441,0.17352298832526095
677203,2014J,201.0,5,1.0,182.0,11.872718327576681,0.9432900076436247,0.6645331303399441,0.17352298832526095
677338,2014J,19.0,1,1.0,0.0,13.014016992892225,0.9481319623363588,0.6887815585935024,0.2023315543159954
677462,2014J,201.0,5,1.0,182.0,11.872718327576681,0.9432900076436247,0.6645331303399441,0.17352298832526095
677498,2014J,152.0,4,1.0,133.0,12.224230098094477,0.9448749135351181,0.6723884276206926,0.18248600271117035
677630,2014J,54.0,2,1.0,35.0,12.9587830480666,0.9479167459046037,0.6876878781159758,0.2009582626927773
677846,2014J,201.0,5,0.8,182.0,9.411359574610687,0.9289967317396159,0.5971718162926833,0.10975532086963978
677873,2014J,201.0,5,1.0,182.0,11.872718327576681,0.9432900076436247,0.6645331303399441,0.17352298832526095
677877,2014J,54.0,2,1.0,35.0,12.9587830480666,0.9479167459046037,0.6876878781159758,0.2009582626927773
677879,2014J,201.0,5,0.8,182.0,9.411359574610687,0.9289967317396159,0.5971718162926833,0.10975532086963978
677892,2014J,201.0,5,1.0,182.0,11.872718327576681,0.9432900076436247,0.6645331303399441,0.17352298832526095
677922,2014J,201.0,5,0.8,182.0,9.411359574610687,0.9289967317396159,0.5971718162926833,0.10975532086963978
677997,2014J,19.0,1,1.0,0.0,13.014016992892225,0.9481319623363588,0.6887815585935024,0.2023315543159954
678025,2014J,201.0,5,1.0,182.0,11.872718327576681,0.9432900076436247,0.6645331303399441,0.17352298832526095
678038,2014J,201.0,5,0.8,182.0,9.411359574610687,0.9289967317396159,0.5971718162926833,0.10975532086963978
678057,2014J,201.0,5,0.6,182.0,7.460270394597564,0.9112738674779399,0.5218460657031242,0.06158394229354896
678080,2014J,19.0,1,0.0,0.0,4.073074741435078,0.8435147679614741,0.3038427186416507,0.0060643005081270065
678085,2014J,54.0,2,1.0,35.0,12.9587830480666,0.9479167459046037,0.6876878781159758,0.2009582626927773
678105,2014J,201.0,5,1.0,182.0,11.872718327576681,0.9432900076436247,0.6645331303399441,0.17352298832526095
678107,2014J,19.0,1,0.0,0.0,4.073074741435078,0.8435147679614741,0.3038427186416507,0.0060643005081270065
678110,2014J,201.0,5,0.8,182.0,9.411359574610687,0.9289967317396159,0.5971718162926833,0.10975532086963978
678144,2014J,152.0,4,0.5,133.0,6.838754618863119,0.9036115057154565,0.4918948381582844,0.047802715177777726
678213,2014J,110.0,3,0.3333333333333333,91.0,5.730002002198576,0.8860622669964707,0.4287949851016118,0.02654161070825988
678244,2014J,201.0,5,1.0,182.0,11.872718327576681,0.9432900076436247,0.6645331303399441,0.17352298832526095
678246,2014J,201.0,5,1.0,182.0,11.872718327576681,0.9432900076436247,0.6645331303399441,0.17352298832526095
678278,2014J,152.0,4,0.5,133.0,6.838754618863119,0.9036115057154565,0.4918948381582844,0.047802715177777726
678283,2014J,54.0,2,0.5,35.0,7.249694803979926,0.9088179022009042,0.5120803526981007,0.056794489458313724
678314,2014J,201.0,5,1.0,182.0,11.872718327576681,0.9432900076436247,0.6645331303399441,0.17352298832526095
678327,2014J,19.0,1,1.0,0.0,13.014016992892225,0.9481319623363588,0.6887815585935024,0.2023315543159954
678335,2014J,54.0,2,0.5,35.0,7.249694803979926,0.9088179022009042,0.5120803526981007,0.056794489458313724
678367,2014J,110.0,3,1.0,91.0,12.430275864473238,0.9457634296463958,0.6768269112364681,0.18770485552034183
678373,2014J,201.0,5,1.0,182.0,11.872718327576681,0.9432900076436247,0.6645331303399441,0.17352298832526095
678444,2014J,110.0,3,1.0,91.0,12.430275864473238,0.9457634296463958,0.6768269112364681,0.18770485552034183
678575,2014J,152.0,4,1.0,133.0,12.224230098094477,0.9448749135351181,0.6723884276206926,0.18248600271117035
678578,2014J,54.0,1,0.0,0.0,4.073074741435078,0.8435147679614741,0.3038427186416507,0.0060643005081270065
678623,2014J,110.0,3,1.0,91.0,12.430275864473238,0.9457634296463958,0.6768269112364681,0.18770485552034183
678661,2014J,201.0,5,1.0,182.0,11.872718327576681,0.9432900076436247,0.6645331303399441,0.17352298832526095
678680,2014J,201.0,5,0.8,182.0,9.411359574610687,0.9289967317396159,0.5971718162926833,0.10975532086963978
678688,2014J,201.0,5,0.8,182.0,9.411359574610687,0.9289967317396159,0.5971718162926833,0.10975532086963978
678777,2014J,152.0,4,1.0,133.0,12.224230098094477,0.9448749135351181,0.6723884276206926,0.18248600271117035
678801,2014J,54.0,2,0.5,35.0,7.249694803979926,0.9088179022009042,0.5120803526981007,0.056794489458313724
678815,2014J,201.0,5,0.8,182.0,9.411359574610687,0.9289967317396159,0.5971718162926833,0.10975532086963978
678906,2014J,201.0,5,0.8,182.0,9.411359574610687,0.9289967317396159,0.5971718162926833,0.10975532086963978
678953,2014J,19.0,1,0.0,0.0,4.073074741435078,0.8435147679614741,0.3038427186416507,0.0060643005081270065
678955,2014J,201.0,5,0.8,182.0,9.411359574610687,0.9289967317396159,0.5971718162926833,0.10975532086963978
678995,2014J,201.0,5,1.0,182.0,11.872718327576681,0.9432900076436247,0.6645331303399441,0.17352298832526095
679059,2014J,201.0,5,0.8,182.0,9.411359574610687,0.9289967317396159,0.5971718162926833,0.10975532086963978
679174,2014J,201.0,5,1.0,182.0,11.872718327576681,0.9432900076436247,0.6645331303399441,0.17352298832526095
679218,2014J,201.0,5,0.6,182.0,7.460270394597564,0.9112738674779399,0.5218460657031242,0.06158394229354896
679232,2014J,201.0,5,0.8,182.0,9.411359574610687,0.9289967317396159,0.5971718162926833,0.10975532086963978
679439,2014J,54.0,2,1.0,35.0,12.9587830480666,0.9479167459046037,0.6876878781159758,0.2009582626927773
679457,2014J,54.0,2,0.5,35.0,7.249694803979926,0.9088179022009042,0.5120803526981007,0.056794489458313724
679559,2014J,201.0,5,1.0,182.0,11.872718327576681,0.9432900076436247,0.6645331303399441,0.17352298832526095
679716,2014J,201.0,5,1.0,182.0,11.872718327576681,0.9432900076436247,0.6645331303399441,0.17352298832526095
679724,2014J,54.0,2,1.0,35.0,12.9587830480666,0.9479167459046037,0.6876878781159758,0.2009582626927773
679798,2014J,201.0,5,0.6,182.0,7.460270394597564,0.9112738674779399,0.5218460657031242,0.06158394229354896
679828,2014J,201.0,5,1.0,182.0,11.872718327576681,0.9432900076436247,0.6645331303399441,0.17352298832526095
679918,2014J,201.0,5,0.6,182.0,7.460270394597564,0.9112738674779399,0.5218460657031242,0.06158394229354896
679967,2014J,201.0,5,1.0,182.0,11.872718327576681,0.9432900076436247,0.6645331303399441,0.17352298832526095
679971,2014J,201.0,5,0.8,182.0,9.411359574610687,0.9289967317396159,0.5971718162926833,0.10975532086963978
679989,2014J,54.0,2,1.0,35.0,12.9587830480666,0.9479167459046037,0.6876878781159758,0.2009582626927773
680009,2014J,201.0,5,0.8,182.0,9.411359574610687,0.9289967317396159,0.5971718162926833,0.10975532086963978
680146,2014J,201.0,5,0.8,182.0,9.411359574610687,0.9289967317396159,0.5971718162926833,0.10975532086963978
680162,2014J,201.0,5,1.0,182.0,11.872718327576681,0.9432900076436247,0.6645331303399441,0.17352298832526095
680174,2014J,201.0,5,1.0,182.0,11.872718327576681,0.9432900076436247,0.6645331303399441,0.17352298832526095
680219,2014J,201.0,5,1.0,182.0,11.872718327576681,0.9432900076436247,0.6645331303399441,0.17352298832526095
680290,2014J,201.0,5,0.6,182.0,7.460270394597564,0.9112738674779399,0.5218460657031242,0.06158394229354896
680453,2014J,201.0,5,0.8,182.0,9.411359574610687,0.9289967317396159,0.5971718162926833,0.10975532086963978
680471,2014J,201.0,5,1.0,182.0,11.872718327576681,0.9432900076436247,0.6645331303399441,0.17352298832526095
680530,2014J,201.0,5,1.0,182.0,11.872718327576681,0.9432900076436247,0.6645331303399441,0.17352298832526095
680541,2014J,201.0,5,1.0,182.0,11.872718327576681,0.9432900076436247,0.6645331303399441,0.17352298832526095
680545,2014J,201.0,5,0.8,182.0,9.411359574610687,0.9289967317396159,0.5971718162926833,0.10975532086963978
680559,2014J,201.0,5,1.0,182.0,11.872718327576681,0.9432900076436247,0.6645331303399441,0.17352298832526095
680591,2014J,110.0,3,1.0,91.0,12.430275864473238,0.9457634296463958,0.6768269112364681,0.18770485552034183
680723,2014J,201.0,5,0.8,182.0,9.411359574610687,0.9289967317396159,0.5971718162926833,0.10975532086963978
680787,2014J,201.0,5,0.8,182.0,9.411359574610687,0.9289967317396159,0.5971718162926833,0.10975532086963978
680798,2014J,201.0,5,1.0,182.0,11.872718327576681,0.9432900076436247,0.6645331303399441,0.17352298832526095
680862,2014J,201.0,5,1.0,182.0,11.872718327576681,0.9432900076436247,0.6645331303399441,0.17352298832526095
680878,2014J,19.0,1,0.0,0.0,4.073074741435078,0.8435147679614741,0.3038427186416507,0.0060643005081270065
680918,2014J,201.0,5,0.8,182.0,9.411359574610687,0.9289967317396159,0.5971718162926833,0.10975532086963978
680926,2014J,201.0,5,1.0,182.0,11.872718327576681,0.9432900076436247,0.6645331303399441,0.17352298832526095
680970,2014J,201.0,5,1.0,182.0,11.872718327576681,0.9432900076436247,0.6645331303399441,0.17352298832526095
681150,2014J,201.0,5,1.0,182.0,11.872718327576681,0.9432900076436247,0.6645331303399441,0.17352298832526095
681222,2014J,201.0,5,1.0,182.0,11.872718327576681,0.9432900076436247,0.6645331303399441,0.17352298832526095
681289,2014J,201.0,5,0.8,182.0,9.411359574610687,0.9289967317396159,0.5971718162926833,0.10975532086963978
681566,2014J,201.0,5,1.0,182.0,11.872718327576681,0.9432900076436247,0.6645331303399441,0.17352298832526095
681581,2014J,201.0,5,0.8,182.0,9.411359574610687,0.9289967317396159,0.5971718162926833,0.10975532086963978
681710,2014J,19.0,1,1.0,0.0,13.014016992892225,0.9481319623363588,0.6887815585935024,0.2023315543159954
681716,2014J,201.0,5,0.8,182.0,9.411359574610687,0.9289967317396159,0.5971718162926833,0.10975532086963978
681752,2014J,19.0,1,1.0,0.0,13.014016992892225,0.9481319623363588,0.6887815585935024,0.2023315543159954
681798,2014J,201.0,5,1.0,182.0,11.872718327576681,0.9432900076436247,0.6645331303399441,0.17352298832526095
681961,2014J,19.0,1,0.0,0.0,4.073074741435078,0.8435147679614741,0.3038427186416507,0.0060643005081270065
681984,2014J,201.0,5,0.8,182.0,9.411359574610687,0.9289967317396159,0.5971718162926833,0.10975532086963978
682051,2014J,201.0,5,1.0,182.0,11.872718327576681,0.9432900076436247,0.6645331303399441,0.17352298832526095
682056,2014J,54.0,2,1.0,35.0,12.9587830480666,0.9479167459046037,0.6876878781159758,0.2009582626927773
682058,2014J,201.0,5,1.0,182.0,11.872718327576681,0.9432900076436247,0.6645331303399441,0.17352298832526095
682107,2014J,201.0,5,0.8,182.0,9.411359574610687,0.9289967317396159,0.5971718162926833,0.10975532086963978
682223,2014J,201.0,5,1.0,182.0,11.872718327576681,0.9432900076436247,0.6645331303399441,0.17352298832526095
682316,2014J,201.0,5,1.0,182.0,11.872718327576681,0.9432900076436247,0.6645331303399441,0.17352298832526095
682343,2014J,201.0,5,0.8,182.0,9.411359574610687,0.9289967317396159,0.5971718162926833,0.10975532086963978
682364,2014J,54.0,2,1.0,35.0,12.9587830480666,0.9479167459046037,0.6876878781159758,0.2009582626927773
682375,2014J,19.0,1,0.0,0.0,4.073074741435078,0.8435147679614741,0.3038427186416507,0.0060643005081270065
682409,2014J,201.0,5,1.0,182.0,11.872718327576681,0.9432900076436247,0.6645331303399441,0.17352298832526095
682480,2014J,201.0,4,0.75,147.0,8.9181560517753,0.9252205383931431,0.5803859010671375,0.09713101904336122
682483,2014J,201.0,5,0.8,182.0,9.411359574610687,0.9289967317396159,0.5971718162926833,0.10975532086963978
682538,2014J,19.0,1,0.0,0.0,4.073074741435078,0.8435147679614741,0.3038427186416507,0.0060643005081270065
682627,2014J,201.0,5,0.8,182.0,9.411359574610687,0.9289967317396159,0.5971718162926833,0.10975532086963978
682728,2014J,19.0,1,1.0,0.0,13.014016992892225,0.9481319623363588,0.6887815585935024,0.2023315543159954
682731,2014J,19.0,1,1.0,0.0,13.014016992892225,0.9481319623363588,0.6887815585935024,0.2023315543159954
682887,2014J,201.0,5,0.8,182.0,9.411359574610687,0.9289967317396159,0.5971718162926833,0.10975532086963978
682913,2014J,152.0,4,0.75,133.0,9.14322208225247,0.9269923675910531,0.588210955065259,0.10286905532938674
683002,2014J,201.0,5,1.0,182.0,11.872718327576681,0.9432900076436247,0.6645331303399441,0.17352298832526095
683120,2014J,201.0,5,1.0,182.0,11.872718327576681,0.9432900076436247,0.6645331303399441,0.17352298832526095
683140,2014J,201.0,5,1.0,182.0,11.872718327576681,0.9432900076436247,0.6645331303399441,0.17352298832526095
683145,2014J,201.0,5,1.0,182.0,11.872718327576681,0.9432900076436247,0.6645331303399441,0.17352298832526095
683164,2014J,201.0,5,0.8,182.0,9.411359574610687,0.9289967317396159,0.5971718162926833,0.10975532086963978
683202,2014J,201.0,5,0.8,182.0,9.411359574610687,0.9289967317396159,0.5971718162926833,0.10975532086963978
683275,2014J,201.0,5,0.8,182.0,9.411359574610687,0.9289967317396159,0.5971718162926833,0.10975532086963978
683420,2014J,201.0,5,1.0,182.0,11.872718327576681,0.9432900076436247,0.6645331303399441,0.17352298832526095
683548,2014J,152.0,4,1.0,133.0,12.224230098094477,0.9448749135351181,0.6723884276206926,0.18248600271117035
683592,2014J,201.0,5,0.8,182.0,9.411359574610687,0.9289967317396159,0.5971718162926833,0.10975532086963978
683618,2014J,201.0,5,1.0,182.0,11.872718327576681,0.9432900076436247,0.6645331303399441,0.17352298832526095
683630,2014J,201.0,5,0.8,182.0,9.411359574610687,0.9289967317396159,0.5971718162926833,0.10975532086963978
683664,2014J,201.0,5,1.0,182.0,11.872718327576681,0.9432900076436247,0.6645331303399441,0.17352298832526095
683705,2014J,201.0,5,1.0,182.0,11.872718327576681,0.9432900076436247,0.6645331303399441,0.17352298832526095
683742,2014J,201.0,5,0.8,182.0,9.411359574610687,0.9289967317396159,0.5971718162926833,0.10975532086963978
683779,2014J,201.0,5,1.0,182.0,11.872718327576681,0.9432900076436247,0.6645331303399441,0.17352298832526095
683783,2014J,201.0,5,1.0,182.0,11.872718327576681,0.9432900076436247,0.6645331303399441,0.17352298832526095
683792,2014J,19.0,1,0.0,0.0,4.073074741435078,0.8435147679614741,0.3038427186416507,0.0060643005081270065
683817,2014J,201.0,5,1.0,182.0,11.872718327576681,0.9432900076436247,0.6645331303399441,0.17352298832526095
683838,2014J,201.0,5,0.8,182.0,9.411359574610687,0.9289967317396159,0.5971718162926833,0.10975532086963978
683935,2014J,201.0,5,1.0,182.0,11.872718327576681,0.9432900076436247,0.6645331303399441,0.17352298832526095
683947,2014J,19.0,1,1.0,0.0,13.014016992892225,0.9481319623363588,0.6887815585935024,0.2023315543159954
683987,2014J,201.0,5,0.8,182.0,9.411359574610687,0.9289967317396159,0.5971718162926833,0.10975532086963978
684055,2014J,201.0,5,1.0,182.0,11.872718327576681,0.9432900076436247,0.6645331303399441,0.17352298832526095
684072,2014J,201.0,5,1.0,182.0,11.872718327576681,0.9432900076436247,0.6645331303399441,0.17352298832526095
684098,2014J,54.0,2,0.5,35.0,7.249694803979926,0.9088179022009042,0.5120803526981007,0.056794489458313724
684184,2014J,201.0,5,1.0,182.0,11.872718327576681,0.9432900076436247,0.6645331303399441,0.17352298832526095
684250,2014J,201.0,5,0.8,182.0,9.411359574610687,0.9289967317396159,0.5971718162926833,0.10975532086963978
684273,2014J,201.0,5,1.0,182.0,11.872718327576681,0.9432900076436247,0.6645331303399441,0.17352298832526095
684319,2014J,201.0,5,1.0,182.0,11.872718327576681,0.9432900076436247,0.6645331303399441,0.17352298832526095
684329,2014J,201.0,5,0.8,182.0,9.411359574610687,0.9289967317396159,0.5971718162926833,0.10975532086963978
684375,2014J,201.0,5,1.0,182.0,11.872718327576681,0.9432900076436247,0.6645331303399441,0.17352298832526095
684420,2014J,201.0,5,0.6,182.0,7.460270394597564,0.9112738674779399,0.5218460657031242,0.06158394229354896
684459,2014J,152.0,4,1.0,133.0,12.224230098094477,0.9448749135351181,0.6723884276206926,0.18248600271117035
684615,2014J,201.0,5,1.0,182.0,11.872718327576681,0.9432900076436247,0.6645331303399441,0.17352298832526095
684681,2014J,54.0,2,0.5,35.0,7.249694803979926,0.9088179022009042,0.5120803526981007,0.056794489458313724
684687,2014J,201.0,5,0.8,182.0,9.411359574610687,0.9289967317396159,0.5971718162926833,0.10975532086963978
684704,2014J,201.0,5,1.0,182.0,11.872718327576681,0.9432900076436247,0.6645331303399441,0.17352298832526095
684736,2014J,19.0,1,0.0,0.0,4.073074741435078,0.8435147679614741,0.3038427186416507,0.0060643005081270065
684833,2014J,201.0,5,1.0,182.0,11.872718327576681,0.9432900076436247,0.6645331303399441,0.17352298832526095
684931,2014J,201.0,5,0.8,182.0,9.411359574610687,0.9289967317396159,0.5971718162926833,0.10975532086963978
684971,2014J,201.0,5,0.2,182.0,4.687690958795674,0.8625472277207048,0.35520591209656366,0.011843675772569817
685000,2014J,110.0,3,0.6666666666666666,91.0,8.439520459795823,0.9211511789392633,0.5627511431774405,0.08509957049259294
685009,2014J,201.0,5,0.8,182.0,9.411359574610687,0.9289967317396159,0.5971718162926833,0.10975532086963978
685052,2014J,110.0,2,1.0,91.0,11.7291736095353,0.9426162787196736,0.6612178200265028,0.16984316294290336
685079,2014J,152.0,4,0.75,133.0,9.14322208225247,0.9269923675910531,0.588210955065259,0.10286905532938674
685201,2014J,201.0,5,1.0,182.0,11.872718327576681,0.9432900076436247,0.6645331303399441,0.17352298832526095
685228,2014J,201.0,4,0.75,147.0,8.9181560517753,0.9252205383931431,0.5803859010671375,0.09713101904336122
685257,2014J,110.0,3,1.0,91.0,12.430275864473238,0.9457634296463958,0.6768269112364681,0.18770485552034183
685267,2014J,201.0,5,0.8,182.0,9.411359574610687,0.9289967317396159,0.5971718162926833,0.10975532086963978
685318,2014J,201.0,5,1.0,182.0,11.872718327576681,0.9432900076436247,0.6645331303399441,0.17352298832526095
685391,2014J,201.0,5,0.8,182.0,9.411359574610687,0.9289967317396159,0.5971718162926833,0.10975532086963978
685453,2014J,152.0,4,1.0,133.0,12.224230098094477,0.9448749135351181,0.6723884276206926,0.18248600271117035
685592,2014J,201.0,5,0.8,182.0,9.411359574610687,0.9289967317396159,0.5971718162926833,0.10975532086963978
685602,2014J,19.0,1,1.0,0.0,13.014016992892225,0.9481319623363588,0.6887815585935024,0.2023315543159954
685653,2014J,110.0,3,0.6666666666666666,91.0,8.439520459795823,0.9211511789392633,0.5627511431774405,0.08509957049259294
685702,2014J,201.0,5,0.8,182.0,9.411359574610687,0.9289967317396159,0.5971718162926833,0.10975532086963978
685776,2014J,19.0,1,1.0,0.0,13.014016992892225,0.9481319623363588,0.6887815585935024,0.2023315543159954
685779,2014J,201.0,5,0.8,182.0,9.411359574610687,0.9289967317396159,0.5971718162926833,0.10975532086963978
685812,2014J,201.0,5,1.0,182.0,11.872718327576681,0.9432900076436247,0.6645331303399441,0.17352298832526095
685829,2014J,201.0,5,1.0,182.0,11.872718327576681,0.9432900076436247,0.6645331303399441,0.17352298832526095
685830,2014J,201.0,5,0.8,182.0,9.411359574610687,0.9289967317396159,0.5971718162926833,0.10975532086963978
685842,2014J,201.0,5,0.8,182.0,9.411359574610687,0.9289967317396159,0.5971718162926833,0.10975532086963978
685900,2014J,19.0,1,1.0,0.0,13.014016992892225,0.9481319623363588,0.6887815585935024,0.2023315543159954
686074,2014J,201.0,5,0.8,182.0,9.411359574610687,0.9289967317396159,0.5971718162926833,0.10975532086963978
686093,2014J,19.0,1,0.0,0.0,4.073074741435078,0.8435147679614741,0.3038427186416507,0.0060643005081270065
686128,2014J,201.0,5,1.0,182.0,11.872718327576681,0.9432900076436247,0.6645331303399441,0.17352298832526095
686182,2014J,201.0,5,1.0,182.0,11.872718327576681,0.9432900076436247,0.6645331303399441,0.17352298832526095
686191,2014J,54.0,2,1.0,35.0,12.9587830480666,0.9479167459046037,0.6876878781159758,0.2009582626927773
686200,2014J,201.0,5,1.0,182.0,11.872718327576681,0.9432900076436247,0.6645331303399441,0.17352298832526095
686286,2014J,19.0,1,1.0,0.0,13.014016992892225,0.9481319623363588,0.6887815585935024,0.2023315543159954
686378,2014J,201.0,5,0.8,182.0,9.411359574610687,0.9289967317396159,0.5971718162926833,0.10975532086963978
686402,2014J,201.0,5,1.0,182.0,11.872718327576681,0.9432900076436247,0.6645331303399441,0.17352298832526095
686596,2014J,152.0,4,0.75,133.0,9.14322208225247,0.9269923675910531,0.588210955065259,0.10286905532938674
686667,2014J,201.0,5,1.0,182.0,11.872718327576681,0.9432900076436247,0.6645331303399441,0.17352298832526095
686670,2014J,201.0,5,0.8,182.0,9.411359574610687,0.9289967317396159,0.5971718162926833,0.10975532086963978
686688,2014J,110.0,3,1.0,91.0,12.430275864473238,0.9457634296463958,0.6768269112364681,0.18770485552034183
686703,2014J,19.0,1,1.0,0.0,13.014016992892225,0.9481319623363588,0.6887815585935024,0.2023315543159954
686725,2014J,201.0,5,1.0,182.0,11.872718327576681,0.9432900076436247,0.6645331303399441,0.17352298832526095
686752,2014J,19.0,1,1.0,0.0,13.014016992892225,0.9481319623363588,0.6887815585935024,0.2023315543159954
686762,2014J,201.0,5,0.8,182.0,9.411359574610687,0.9289967317396159,0.5971718162926833,0.10975532086963978
686791,2014J,201.0,5,0.8,182.0,9.411359574610687,0.9289967317396159,0.5971718162926833,0.10975532086963978
686822,2014J,201.0,5,0.8,182.0,9.411359574610687,0.9289967317396159,0.5971718162926833,0.10975532086963978
686837,2014J,201.0,5,1.0,182.0,11.872718327576681,0.9432900076436247,0.6645331303399441,0.17352298832526095
686938,2014J,201.0,5,1.0,182.0,11.872718327576681,0.9432900076436247,0.6645331303399441,0.17352298832526095
686940,2014J,201.0,5,0.8,182.0,9.411359574610687,0.9289967317396159,0.5971718162926833,0.10975532086963978
686953,2014J,110.0,3,1.0,91.0,12.430275864473238,0.9457634296463958,0.6768269112364681,0.18770485552034183
686987,2014J,201.0,5,1.0,182.0,11.872718327576681,0.9432900076436247,0.6645331303399441,0.17352298832526095
687030,2014J,54.0,2,0.5,35.0,7.249694803979926,0.9088179022009042,0.5120803526981007,0.056794489458313724
687037,2014J,201.0,5,1.0,182.0,11.872718327576681,0.9432900076436247,0.6645331303399441,0.17352298832526095
687060,2014J,201.0,5,0.8,182.0,9.411359574610687,0.9289967317396159,0.5971718162926833,0.10975532086963978
687122,2014J,201.0,5,0.8,182.0,9.411359574610687,0.9289967317396159,0.5971718162926833,0.10975532086963978
687154,2014J,19.0,1,1.0,0.0,13.014016992892225,0.9481319623363588,0.6887815585935024,0.2023315543159954
687157,2014J,201.0,5,0.8,182.0,9.411359574610687,0.9289967317396159,0.5971718162926833,0.10975532086963978
687173,2014J,201.0,5,1.0,182.0,11.872718327576681,0.9432900076436247,0.6645331303399441,0.17352298832526095
687185,2014J,201.0,5,1.0,182.0,11.872718327576681,0.9432900076436247,0.6645331303399441,0.17352298832526095
687217,2014J,19.0,1,1.0,0.0,13.014016992892225,0.9481319623363588,0.6887815585935024,0.2023315543159954
687256,2014J,19.0,1,0.0,0.0,4.073074741435078,0.8435147679614741,0.3038427186416507,0.0060643005081270065
687301,2014J,201.0,5,0.8,182.0,9.411359574610687,0.9289967317396159,0.5971718162926833,0.10975532086963978
687326,2014J,201.0,5,1.0,182.0,11.872718327576681,0.9432900076436247,0.6645331303399441,0.17352298832526095
687378,2014J,201.0,5,0.8,182.0,9.411359574610687,0.9289967317396159,0.5971718162926833,0.10975532086963978
687379,2014J,201.0,5,1.0,182.0,11.872718327576681,0.9432900076436247,0.6645331303399441,0.17352298832526095
687402,2014J,201.0,5,1.0,182.0,11.872718327576681,0.9432900076436247,0.6645331303399441,0.17352298832526095
687404,2014J,19.0,1,0.0,0.0,4.073074741435078,0.8435147679614741,0.3038427186416507,0.0060643005081270065
687406,2014J,201.0,5,1.0,182.0,11.872718327576681,0.9432900076436247,0.6645331303399441,0.17352298832526095
687421,2014J,201.0,5,1.0,182.0,11.872718327576681,0.9432900076436247,0.6645331303399441,0.17352298832526095
687533,2014J,201.0,5,0.8,182.0,9.411359574610687,0.9289967317396159,0.5971718162926833,0.10975532086963978
687566,2014J,201.0,5,1.0,182.0,11.872718327576681,0.9432900076436247,0.6645331303399441,0.17352298832526095
687575,2014J,201.0,5,1.0,182.0,11.872718327576681,0.9432900076436247,0.6645331303399441,0.17352298832526095
687683,2014J,201.0,5,1.0,182.0,11.872718327576681,0.9432900076436247,0.6645331303399441,0.17352298832526095
687688,2014J,201.0,5,1.0,182.0,11.872718327576681,0.9432900076436247,0.6645331303399441,0.17352298832526095
687769,2014J,201.0,5,0.8,182.0,9.411359574610687,0.9289967317396159,0.5971718162926833,0.10975532086963978
687978,2014J,19.0,1,0.0,0.0,4.073074741435078,0.8435147679614741,0.3038427186416507,0.0060643005081270065
688011,2014J,201.0,5,1.0,182.0,11.872718327576681,0.9432900076436247,0.6645331303399441,0.17352298832526095
688106,2014J,110.0,3,1.0,91.0,12.430275864473238,0.9457634296463958,0.6768269112364681,0.18770485552034183
688130,2014J,201.0,5,0.6,182.0,7.460270394597564,0.9112738674779399,0.5218460657031242,0.06158394229354896
688135,2014J,152.0,4,1.0,133.0,12.224230098094477,0.9448749135351181,0.6723884276206926,0.18248600271117035
688144,2014J,54.0,1,1.0,0.0,13.014016992892225,0.9481319623363588,0.6887815585935024,0.2023315543159954
688167,2014J,152.0,4,1.0,133.0,12.224230098094477,0.9448749135351181,0.6723884276206926,0.18248600271117035
688208,2014J,110.0,3,1.0,91.0,12.430275864473238,0.9457634296463958,0.6768269112364681,0.18770485552034183
688263,2014J,19.0,1,1.0,0.0,13.014016992892225,0.9481319623363588,0.6887815585935024,0.2023315543159954
688301,2014J,19.0,1,1.0,0.0,13.014016992892225,0.9481319623363588,0.6887815585935024,0.2023315543159954
688376,2014J,201.0,5,1.0,182.0,11.872718327576681,0.9432900076436247,0.6645331303399441,0.17352298832526095
688398,2014J,19.0,1,1.0,0.0,13.014016992892225,0.9481319623363588,0.6887815585935024,0.2023315543159954
688513,2014J,201.0,5,0.8,182.0,9.411359574610687,0.9289967317396159,0.5971718162926833,0.10975532086963978
688519,2014J,201.0,5,1.0,182.0,11.872718327576681,0.9432900076436247,0.6645331303399441,0.17352298832526095
688599,2014J,110.0,3,0.6666666666666666,91.0,8.439520459795823,0.9211511789392633,0.5627511431774405,0.08509957049259294
688638,2014J,201.0,5,1.0,182.0,11.872718327576681,0.9432900076436247,0.6645331303399441,0.17352298832526095
688954,2014J,201.0,5,0.8,182.0,9.411359574610687,0.9289967317396159,0.5971718162926833,0.10975532086963978
689069,2014J,110.0,3,0.6666666666666666,91.0,8.439520459795823,0.9211511789392633,0.5627511431774405,0.08509957049259294
689089,2014J,201.0,5,0.6,182.0,7.460270394597564,0.9112738674779399,0.5218460657031242,0.06158394229354896
689094,2014J,201.0,5,1.0,182.0,11.872718327576681,0.9432900076436247,0.6645331303399441,0.17352298832526095
689095,2014J,201.0,5,1.0,182.0,11.872718327576681,0.9432900076436247,0.6645331303399441,0.17352298832526095
689097,2014J,201.0,5,1.0,182.0,11.872718327576681,0.9432900076436247,0.6645331303399441,0.17352298832526095
689113,2014J,201.0,5,1.0,182.0,11.872718327576681,0.9432900076436247,0.6645331303399441,0.17352298832526095
689124,2014J,152.0,4,1.0,133.0,12.224230098094477,0.9448749135351181,0.6723884276206926,0.18248600271117035
689129,2014J,152.0,4,1.0,133.0,12.224230098094477,0.9448749135351181,0.6723884276206926,0.18248600271117035
689131,2014J,201.0,5,1.0,182.0,11.872718327576681,0.9432900076436247,0.6645331303399441,0.17352298832526095
689132,2014J,201.0,5,1.0,182.0,11.872718327576681,0.9432900076436247,0.6645331303399441,0.17352298832526095
689139,2014J,201.0,5,1.0,182.0,11.872718327576681,0.9432900076436247,0.6645331303399441,0.17352298832526095
689141,2014J,201.0,5,0.8,182.0,9.411359574610687,0.9289967317396159,0.5971718162926833,0.10975532086963978
689147,2014J,201.0,5,1.0,182.0,11.872718327576681,0.9432900076436247,0.6645331303399441,0.17352298832526095
689148,2014J,201.0,5,1.0,182.0,11.872718327576681,0.9432900076436247,0.6645331303399441,0.17352298832526095
689157,2014J,201.0,5,1.0,182.0,11.872718327576681,0.9432900076436247,0.6645331303399441,0.17352298832526095
689178,2014J,54.0,2,1.0,35.0,12.9587830480666,0.9479167459046037,0.6876878781159758,0.2009582626927773
689185,2014J,152.0,4,1.0,133.0,12.224230098094477,0.9448749135351181,0.6723884276206926,0.18248600271117035
689187,2014J,201.0,5,0.8,182.0,9.411359574610687,0.9289967317396159,0.5971718162926833,0.10975532086963978
689228,2014J,110.0,3,1.0,91.0,12.430275864473238,0.9457634296463958,0.6768269112364681,0.18770485552034183
689230,2014J,201.0,5,1.0,182.0,11.872718327576681,0.9432900076436247,0.6645331303399441,0.17352298832526095
689265,2014J,201.0,5,1.0,182.0,11.872718327576681,0.9432900076436247,0.6645331303399441,0.17352298832526095
689267,2014J,201.0,5,1.0,182.0,11.872718327576681,0.9432900076436247,0.6645331303399441,0.17352298832526095
689274,2014J,201.0,5,1.0,182.0,11.872718327576681,0.9432900076436247,0.6645331303399441,0.17352298832526095
689287,2014J,201.0,5,0.8,182.0,9.411359574610687,0.9289967317396159,0.5971718162926833,0.10975532086963978
689329,2014J,110.0,2,1.0,56.0,12.483257164393066,0.9459872879951893,0.677949123051539,0.18904230939679062
689333,2014J,201.0,4,1.0,147.0,11.923323161888911,0.9435237670141109,0.66568674656955,0.17481767124294167
689397,2014J,201.0,4,1.0,147.0,11.923323161888911,0.9435237670141109,0.66568674656955,0.17481767124294167
689406,2014J,152.0,4,0.75,133.0,9.14322208225247,0.9269923675910531,0.588210955065259,0.10286905532938674
689487,2014J,54.0,2,1.0,35.0,12.9587830480666,0.9479167459046037,0.6876878781159758,0.2009582626927773
689493,2014J,110.0,3,1.0,91.0,12.430275864473238,0.9457634296463958,0.6768269112364681,0.18770485552034183
689563,2014J,201.0,5,1.0,182.0,11.872718327576681,0.9432900076436247,0.6645331303399441,0.17352298832526095
689662,2014J,201.0,5,1.0,182.0,11.872718327576681,0.9432900076436247,0.6645331303399441,0.17352298832526095
689665,2014J,201.0,5,1.0,182.0,11.872718327576681,0.9432900076436247,0.6645331303399441,0.17352298832526095
689727,2014J,201.0,5,1.0,182.0,11.872718327576681,0.9432900076436247,0.6645331303399441,0.17352298832526095
689768,2014J,201.0,5,1.0,182.0,11.872718327576681,0.9432900076436247,0.6645331303399441,0.17352298832526095
689808,2014J,54.0,2,1.0,35.0,12.9587830480666,0.9479167459046037,0.6876878781159758,0.2009582626927773
689828,2014J,201.0,5,0.8,182.0,9.411359574610687,0.9289967317396159,0.5971718162926833,0.10975532086963978
689896,2014J,110.0,3,0.6666666666666666,91.0,8.439520459795823,0.9211511789392633,0.5627511431774405,0.08509957049259294
689925,2014J,110.0,3,1.0,91.0,12.430275864473238,0.9457634296463958,0.6768269112364681,0.18770485552034183
689936,2014J,201.0,5,0.8,182.0,9.411359574610687,0.9289967317396159,0.5971718162926833,0.10975532086963978
689975,2014J,201.0,5,1.0,182.0,11.872718327576681,0.9432900076436247,0.6645331303399441,0.17352298832526095
690003,2014J,201.0,5,1.0,182.0,11.872718327576681,0.9432900076436247,0.6645331303399441,0.17352298832526095
690089,2014J,201.0,5,1.0,182.0,11.872718327576681,0.9432900076436247,0.6645331303399441,0.17352298832526095
690116,2014J,201.0,5,1.0,182.0,11.872718327576681,0.9432900076436247,0.6645331303399441,0.17352298832526095
690211,2014J,201.0,5,0.8,182.0,9.411359574610687,0.9289967317396159,0.5971718162926833,0.10975532086963978
690318,2014J,201.0,5,1.0,182.0,11.872718327576681,0.9432900076436247,0.6645331303399441,0.17352298832526095
690319,2014J,201.0,5,1.0,182.0,11.872718327576681,0.9432900076436247,0.6645331303399441,0.17352298832526095
690359,2014J,201.0,5,0.8,182.0,9.411359574610687,0.9289967317396159,0.5971718162926833,0.10975532086963978
690366,2014J,152.0,4,0.75,133.0,9.14322208225247,0.9269923675910531,0.588210955065259,0.10286905532938674
690384,2014J,201.0,5,0.8,182.0,9.411359574610687,0.9289967317396159,0.5971718162926833,0.10975532086963978
690430,2014J,54.0,2,0.5,35.0,7.249694803979926,0.9088179022009042,0.5120803526981007,0.056794489458313724
690469,2014J,201.0,5,0.8,182.0,9.411359574610687,0.9289967317396159,0.5971718162926833,0.10975532086963978
690548,2014J,19.0,1,1.0,0.0,13.014016992892225,0.9481319623363588,0.6887815585935024,0.2023315543159954
690554,2014J,19.0,1,0.0,0.0,4.073074741435078,0.8435147679614741,0.3038427186416507,0.0060643005081270065
690766,2014J,201.0,5,1.0,182.0,11.872718327576681,0.9432900076436247,0.6645331303399441,0.17352298832526095
690767,2014J,152.0,4,1.0,133.0,12.224230098094477,0.9448749135351181,0.6723884276206926,0.18248600271117035
690902,2014J,201.0,5,1.0,182.0,11.872718327576681,0.9432900076436247,0.6645331303399441,0.17352298832526095
690940,2014J,19.0,1,1.0,0.0,13.014016992892225,0.9481319623363588,0.6887815585935024,0.2023315543159954
690967,2014J,201.0,5,1.0,182.0,11.872718327576681,0.9432900076436247,0.6645331303399441,0.17352298832526095
691006,2014J,110.0,3,1.0,91.0,12.430275864473238,0.9457634296463958,0.6768269112364681,0.18770485552034183
691026,2014J,201.0,5,0.8,182.0,9.411359574610687,0.9289967317396159,0.5971718162926833,0.10975532086963978
691028,2014J,19.0,1,1.0,0.0,13.014016992892225,0.9481319623363588,0.6887815585935024,0.2023315543159954
691094,2014J,201.0,5,1.0,182.0,11.872718327576681,0.9432900076436247,0.6645331303399441,0.17352298832526095
691106,2014J,201.0,5,0.8,182.0,9.411359574610687,0.9289967317396159,0.5971718162926833,0.10975532086963978
691122,2014J,201.0,5,1.0,182.0,11.872718327576681,0.9432900076436247,0.6645331303399441,0.17352298832526095
691286,2014J,19.0,1,1.0,0.0,13.014016992892225,0.9481319623363588,0.6887815585935024,0.2023315543159954
691312,2014J,201.0,5,1.0,182.0,11.872718327576681,0.9432900076436247,0.6645331303399441,0.17352298832526095
691343,2014J,19.0,1,1.0,0.0,13.014016992892225,0.9481319623363588,0.6887815585935024,0.2023315543159954
691353,2014J,54.0,2,1.0,35.0,12.9587830480666,0.9479167459046037,0.6876878781159758,0.2009582626927773
691411,2014J,54.0,2,0.5,35.0,7.249694803979926,0.9088179022009042,0.5120803526981007,0.056794489458313724
691413,2014J,201.0,5,0.8,182.0,9.411359574610687,0.9289967317396159,0.5971718162926833,0.10975532086963978
691514,2014J,201.0,5,1.0,182.0,11.872718327576681,0.9432900076436247,0.6645331303399441,0.17352298832526095
691683,2014J,201.0,5,1.0,182.0,11.872718327576681,0.9432900076436247,0.6645331303399441,0.17352298832526095
691717,2014J,201.0,5,1.0,182.0,11.872718327576681,0.9432900076436247,0.6645331303399441,0.17352298832526095
691835,2014J,201.0,5,0.8,182.0,9.411359574610687,0.9289967317396159,0.5971718162926833,0.10975532086963978
691851,2014J,201.0,5,1.0,182.0,11.872718327576681,0.9432900076436247,0.6645331303399441,0.17352298832526095
691856,2014J,201.0,5,1.0,182.0,11.872718327576681,0.9432900076436247,0.6645331303399441,0.17352298832526095
691869,2014J,201.0,5,1.0,182.0,11.872718327576681,0.9432900076436247,0.6645331303399441,0.17352298832526095
691907,2014J,201.0,5,1.0,182.0,11.872718327576681,0.9432900076436247,0.6645331303399441,0.17352298832526095
691997,2014J,201.0,5,1.0,182.0,11.872718327576681,0.9432900076436247,0.6645331303399441,0.17352298832526095
692164,2014J,201.0,5,0.8,182.0,9.411359574610687,0.9289967317396159,0.5971718162926833,0.10975532086963978
692175,2014J,201.0,5,0.8,182.0,9.411359574610687,0.9289967317396159,0.5971718162926833,0.10975532086963978
692181,2014J,201.0,5,0.8,182.0,9.411359574610687,0.9289967317396159,0.5971718162926833,0.10975532086963978
692196,2014J,201.0,5,0.8,182.0,9.411359574610687,0.9289967317396159,0.5971718162926833,0.10975532086963978
692207,2014J,201.0,5,0.8,182.0,9.411359574610687,0.9289967317396159,0.5971718162926833,0.10975532086963978
692215,2014J,201.0,5,1.0,182.0,11.872718327576681,0.9432900076436247,0.6645331303399441,0.17352298832526095
692355,2014J,201.0,5,1.0,182.0,11.872718327576681,0.9432900076436247,0.6645331303399441,0.17352298832526095
692384,2014J,110.0,3,0.6666666666666666,91.0,8.439520459795823,0.9211511789392633,0.5627511431774405,0.08509957049259294
692473,2014J,201.0,5,1.0,182.0,11.872718327576681,0.9432900076436247,0.6645331303399441,0.17352298832526095
692474,2014J,110.0,3,1.0,91.0,12.430275864473238,0.9457634296463958,0.6768269112364681,0.18770485552034183
692479,2014J,54.0,2,0.5,35.0,7.249694803979926,0.9088179022009042,0.5120803526981007,0.056794489458313724
692484,2014J,201.0,5,0.8,182.0,9.411359574610687,0.9289967317396159,0.5971718162926833,0.10975532086963978
692496,2014J,110.0,2,1.0,91.0,11.7291736095353,0.9426162787196736,0.6612178200265028,0.16984316294290336
692502,2014J,201.0,5,1.0,182.0,11.872718327576681,0.9432900076436247,0.6645331303399441,0.17352298832526095
692518,2014J,201.0,5,1.0,182.0,11.872718327576681,0.9432900076436247,0.6645331303399441,0.17352298832526095
692521,2014J,201.0,3,1.0,91.0,12.430275864473238,0.9457634296463958,0.6768269112364681,0.18770485552034183
692522,2014J,201.0,5,1.0,182.0,11.872718327576681,0.9432900076436247,0.6645331303399441,0.17352298832526095
692525,2014J,201.0,5,1.0,182.0,11.872718327576681,0.9432900076436247,0.6645331303399441,0.17352298832526095
692544,2014J,201.0,5,0.8,182.0,9.411359574610687,0.9289967317396159,0.5971718162926833,0.10975532086963978
692553,2014J,110.0,3,1.0,91.0,12.430275864473238,0.9457634296463958,0.6768269112364681,0.18770485552034183
692572,2014J,201.0,5,0.8,182.0,9.411359574610687,0.9289967317396159,0.5971718162926833,0.10975532086963978
692609,2014J,201.0,5,1.0,182.0,11.872718327576681,0.9432900076436247,0.6645331303399441,0.17352298832526095
692629,2014J,19.0,1,1.0,0.0,13.014016992892225,0.9481319623363588,0.6887815585935024,0.2023315543159954
692647,2014J,54.0,2,1.0,35.0,12.9587830480666,0.9479167459046037,0.6876878781159758,0.2009582626927773
692805,2014J,201.0,5,0.8,182.0,9.411359574610687,0.9289967317396159,0.5971718162926833,0.10975532086963978
692826,2014J,19.0,1,0.0,0.0,4.073074741435078,0.8435147679614741,0.3038427186416507,0.0060643005081270065
692827,2014J,201.0,5,0.8,182.0,9.411359574610687,0.9289967317396159,0.5971718162926833,0.10975532086963978
692897,2014J,19.0,1,0.0,0.0,4.073074741435078,0.8435147679614741,0.3038427186416507,0.0060643005081270065
692907,2014J,201.0,5,0.8,182.0,9.411359574610687,0.9289967317396159,0.5971718162926833,0.10975532086963978
692908,2014J,201.0,5,0.8,182.0,9.411359574610687,0.9289967317396159,0.5971718162926833,0.10975532086963978
692918,2014J,201.0,5,0.8,182.0,9.411359574610687,0.9289967317396159,0.5971718162926833,0.10975532086963978
692920,2014J,201.0,5,0.8,182.0,9.411359574610687,0.9289967317396159,0.5971718162926833,0.10975532086963978
692936,2014J,201.0,5,1.0,182.0,11.872718327576681,0.9432900076436247,0.6645331303399441,0.17352298832526095
692943,2014J,201.0,5,0.8,182.0,9.411359574610687,0.9289967317396159,0.5971718162926833,0.10975532086963978
693091,2014J,201.0,5,1.0,182.0,11.872718327576681,0.9432900076436247,0.6645331303399441,0.17352298832526095
693098,2014J,201.0,5,1.0,182.0,11.872718327576681,0.9432900076436247,0.6645331303399441,0.17352298832526095
693213,2014J,201.0,5,1.0,182.0,11.872718327576681,0.9432900076436247,0.6645331303399441,0.17352298832526095
693230,2014J,201.0,5,0.8,182.0,9.411359574610687,0.9289967317396159,0.5971718162926833,0.10975532086963978
693297,2014J,110.0,3,1.0,91.0,12.430275864473238,0.9457634296463958,0.6768269112364681,0.18770485552034183
693380,2014J,201.0,5,1.0,182.0,11.872718327576681,0.9432900076436247,0.6645331303399441,0.17352298832526095
693514,2014J,201.0,5,1.0,182.0,11.872718327576681,0.9432900076436247,0.6645331303399441,0.17352298832526095
693635,2014J,201.0,5,0.8,182.0,9.411359574610687,0.9289967317396159,0.5971718162926833,0.10975532086963978
693682,2014J,201.0,5,0.8,182.0,9.411359574610687,0.9289967317396159,0.5971718162926833,0.10975532086963978
693692,2014J,54.0,2,0.5,35.0,7.249694803979926,0.9088179022009042,0.5120803526981007,0.056794489458313724
693752,2014J,201.0,5,0.8,182.0,9.411359574610687,0.9289967317396159,0.5971718162926833,0.10975532086963978
693793,2014J,201.0,5,0.8,182.0,9.411359574610687,0.9289967317396159,0.5971718162926833,0.10975532086963978
693871,2014J,110.0,2,1.0,56.0,12.483257164393066,0.9459872879951893,0.677949123051539,0.18904230939679062
693899,2014J,110.0,3,0.6666666666666666,91.0,8.439520459795823,0.9211511789392633,0.5627511431774405,0.08509957049259294
694078,2014J,201.0,5,1.0,182.0,11.872718327576681,0.9432900076436247,0.6645331303399441,0.17352298832526095
694155,2014J,201.0,5,1.0,182.0,11.872718327576681,0.9432900076436247,0.6645331303399441,0.17352298832526095
694190,2014J,201.0,5,1.0,182.0,11.872718327576681,0.9432900076436247,0.6645331303399441,0.17352298832526095
694338,2014J,201.0,5,0.8,182.0,9.411359574610687,0.9289967317396159,0.5971718162926833,0.10975532086963978
694339,2014J,19.0,1,0.0,0.0,4.073074741435078,0.8435147679614741,0.3038427186416507,0.0060643005081270065
694341,2014J,201.0,5,0.8,182.0,9.411359574610687,0.9289967317396159,0.5971718162926833,0.10975532086963978
694342,2014J,201.0,5,0.8,182.0,9.411359574610687,0.9289967317396159,0.5971718162926833,0.10975532086963978
694349,2014J,201.0,5,1.0,182.0,11.872718327576681,0.9432900076436247,0.6645331303399441,0.17352298832526095
694380,2014J,19.0,1,0.0,0.0,4.073074741435078,0.8435147679614741,0.3038427186416507,0.0060643005081270065
694404,2014J,19.0,1,1.0,0.0,13.014016992892225,0.9481319623363588,0.6887815585935024,0.2023315543159954
694473,2014J,201.0,5,0.8,182.0,9.411359574610687,0.9289967317396159,0.5971718162926833,0.10975532086963978
694476,2014J,110.0,3,0.6666666666666666,91.0,8.439520459795823,0.9211511789392633,0.5627511431774405,0.08509957049259294
694490,2014J,201.0,5,0.8,182.0,9.411359574610687,0.9289967317396159,0.5971718162926833,0.10975532086963978
694526,2014J,201.0,5,0.8,182.0,9.411359574610687,0.9289967317396159,0.5971718162926833,0.10975532086963978
694554,2014J,54.0,2,1.0,35.0,12.9587830480666,0.9479167459046037,0.6876878781159758,0.2009582626927773
694561,2014J,201.0,5,1.0,182.0,11.872718327576681,0.9432900076436247,0.6645331303399441,0.17352298832526095
694576,2014J,201.0,5,0.8,182.0,9.411359574610687,0.9289967317396159,0.5971718162926833,0.10975532086963978
694616,2014J,110.0,3,0.6666666666666666,91.0,8.439520459795823,0.9211511789392633,0.5627511431774405,0.08509957049259294
694706,2014J,201.0,5,1.0,182.0,11.872718327576681,0.9432900076436247,0.6645331303399441,0.17352298832526095
694792,2014J,201.0,5,1.0,182.0,11.872718327576681,0.9432900076436247,0.6645331303399441,0.17352298832526095
694823,2014J,201.0,5,0.8,182.0,9.411359574610687,0.9289967317396159,0.5971718162926833,0.10975532086963978
694857,2014J,54.0,2,0.5,35.0,7.249694803979926,0.9088179022009042,0.5120803526981007,0.056794489458313724
694974,2014J,110.0,3,1.0,91.0,12.430275864473238,0.9457634296463958,0.6768269112364681,0.18770485552034183
694981,2014J,201.0,5,1.0,182.0,11.872718327576681,0.9432900076436247,0.6645331303399441,0.17352298832526095
694983,2014J,201.0,5,0.8,182.0,9.411359574610687,0.9289967317396159,0.5971718162926833,0.10975532086963978
695001,2014J,201.0,5,1.0,182.0,11.872718327576681,0.9432900076436247,0.6645331303399441,0.17352298832526095
695014,2014J,201.0,5,1.0,182.0,11.872718327576681,0.9432900076436247,0.6645331303399441,0.17352298832526095
695021,2014J,201.0,5,1.0,182.0,11.872718327576681,0.9432900076436247,0.6645331303399441,0.17352298832526095
695027,2014J,201.0,4,1.0,147.0,11.923323161888911,0.9435237670141109,0.66568674656955,0.17481767124294167
695031,2014J,201.0,4,1.0,147.0,11.923323161888911,0.9435237670141109,0.66568674656955,0.17481767124294167
695044,2014J,201.0,5,1.0,182.0,11.872718327576681,0.9432900076436247,0.6645331303399441,0.17352298832526095
695047,2014J,201.0,5,1.0,182.0,11.872718327576681,0.9432900076436247,0.6645331303399441,0.17352298832526095
695049,2014J,201.0,5,1.0,182.0,11.872718327576681,0.9432900076436247,0.6645331303399441,0.17352298832526095
695054,2014J,201.0,5,1.0,182.0,11.872718327576681,0.9432900076436247,0.6645331303399441,0.17352298832526095
695070,2014J,201.0,5,1.0,182.0,11.872718327576681,0.9432900076436247,0.6645331303399441,0.17352298832526095
695075,2014J,201.0,5,1.0,182.0,11.872718327576681,0.9432900076436247,0.6645331303399441,0.17352298832526095
695084,2014J,201.0,5,1.0,182.0,11.872718327576681,0.9432900076436247,0.6645331303399441,0.17352298832526095
695144,2014J,201.0,5,1.0,182.0,11.872718327576681,0.9432900076436247,0.6645331303399441,0.17352298832526095
695148,2014J,201.0,5,0.8,182.0,9.411359574610687,0.9289967317396159,0.5971718162926833,0.10975532086963978
695205,2014J,201.0,5,1.0,182.0,11.872718327576681,0.9432900076436247,0.6645331303399441,0.17352298832526095
695235,2014J,201.0,5,1.0,182.0,11.872718327576681,0.9432900076436247,0.6645331303399441,0.17352298832526095
695247,2014J,201.0,5,1.0,182.0,11.872718327576681,0.9432900076436247,0.6645331303399441,0.17352298832526095
695256,2014J,201.0,5,1.0,182.0,11.872718327576681,0.9432900076436247,0.6645331303399441,0.17352298832526095
695259,2014J,201.0,5,1.0,182.0,11.872718327576681,0.9432900076436247,0.6645331303399441,0.17352298832526095
695278,2014J,201.0,5,1.0,182.0,11.872718327576681,0.9432900076436247,0.6645331303399441,0.17352298832526095
695298,2014J,110.0,3,0.6666666666666666,91.0,8.439520459795823,0.9211511789392633,0.5627511431774405,0.08509957049259294
695405,2014J,110.0,3,0.6666666666666666,91.0,8.439520459795823,0.9211511789392633,0.5627511431774405,0.08509957049259294
695434,2014J,201.0,5,0.8,182.0,9.411359574610687,0.9289967317396159,0.5971718162926833,0.10975532086963978
695461,2014J,110.0,3,0.6666666666666666,91.0,8.439520459795823,0.9211511789392633,0.5627511431774405,0.08509957049259294
695475,2014J,201.0,5,1.0,182.0,11.872718327576681,0.9432900076436247,0.6645331303399441,0.17352298832526095
695484,2014J,201.0,5,1.0,182.0,11.872718327576681,0.9432900076436247,0.6645331303399441,0.17352298832526095
695510,2014J,201.0,5,1.0,182.0,11.872718327576681,0.9432900076436247,0.6645331303399441,0.17352298832526095
695516,2014J,54.0,2,0.5,35.0,7.249694803979926,0.9088179022009042,0.5120803526981007,0.056794489458313724
695528,2014J,54.0,1,1.0,0.0,13.014016992892225,0.9481319623363588,0.6887815585935024,0.2023315543159954
695535,2014J,201.0,5,1.0,182.0,11.872718327576681,0.9432900076436247,0.6645331303399441,0.17352298832526095
695613,2014J,201.0,5,0.8,182.0,9.411359574610687,0.9289967317396159,0.5971718162926833,0.10975532086963978
695631,2014J,201.0,5,1.0,182.0,11.872718327576681,0.9432900076436247,0.6645331303399441,0.17352298832526095
695654,2014J,201.0,4,1.0,147.0,11.923323161888911,0.9435237670141109,0.66568674656955,0.17481767124294167
695941,2014J,19.0,1,1.0,0.0,13.014016992892225,0.9481319623363588,0.6887815585935024,0.2023315543159954
695972,2014J,201.0,5,1.0,182.0,11.872718327576681,0.9432900076436247,0.6645331303399441,0.17352298832526095
695981,2014J,19.0,1,1.0,0.0,13.014016992892225,0.9481319623363588,0.6887815585935024,0.2023315543159954
696007,2014J,201.0,5,1.0,182.0,11.872718327576681,0.9432900076436247,0.6645331303399441,0.17352298832526095
696152,2014J,201.0,5,1.0,182.0,11.872718327576681,0.9432900076436247,0.6645331303399441,0.17352298832526095
696203,2014J,201.0,5,0.6,182.0,7.460270394597564,0.9112738674779399,0.5218460657031242,0.06158394229354896
696301,2014J,201.0,5,0.8,182.0,9.411359574610687,0.9289967317396159,0.5971718162926833,0.10975532086963978
696316,2014J,110.0,3,0.6666666666666666,91.0,8.439520459795823,0.9211511789392633,0.5627511431774405,0.08509957049259294
696348,2014J,54.0,2,0.5,35.0,7.249694803979926,0.9088179022009042,0.5120803526981007,0.056794489458313724
696440,2014J,201.0,5,1.0,182.0,11.872718327576681,0.9432900076436247,0.6645331303399441,0.17352298832526095
696595,2014J,19.0,1,0.0,0.0,4.073074741435078,0.8435147679614741,0.3038427186416507,0.0060643005081270065
696616,2014J,201.0,5,1.0,182.0,11.872718327576681,0.9432900076436247,0.6645331303399441,0.17352298832526095
696684,2014J,201.0,5,1.0,182.0,11.872718327576681,0.9432900076436247,0.6645331303399441,0.17352298832526095
696692,2014J,54.0,2,1.0,35.0,12.9587830480666,0.9479167459046037,0.6876878781159758,0.2009582626927773
696716,2014J,19.0,1,0.0,0.0,4.073074741435078,0.8435147679614741,0.3038427186416507,0.0060643005081270065
696724,2014J,201.0,5,0.8,182.0,9.411359574610687,0.9289967317396159,0.5971718162926833,0.10975532086963978
696799,2014J,110.0,2,0.5,56.0,6.98366538476372,0.9055139160213678,0.49919002997153505,0.05091595211470496
696803,2014J,110.0,3,1.0,91.0,12.430275864473238,0.9457634296463958,0.6768269112364681,0.18770485552034183
696804,2014J,201.0,5,1.0,182.0,11.872718327576681,0.9432900076436247,0.6645331303399441,0.17352298832526095
696844,2014J,201.0,5,0.8,182.0,9.411359574610687,0.9289967317396159,0.5971718162926833,0.10975532086963978
696850,2014J,201.0,5,0.8,182.0,9.411359574610687,0.9289967317396159,0.5971718162926833,0.10975532086963978
696890,2014J,19.0,1,1.0,0.0,13.014016992892225,0.9481319623363588,0.6887815585935024,0.2023315543159954
697119,2014J,19.0,1,1.0,0.0,13.014016992892225,0.9481319623363588,0.6887815585935024,0.2023315543159954
697136,2014J,19.0,1,1.0,0.0,13.014016992892225,0.9481319623363588,0.6887815585935024,0.2023315543159954
697345,2014J,110.0,3,0.6666666666666666,91.0,8.439520459795823,0.9211511789392633,0.5627511431774405,0.08509957049259294
697417,2014J,201.0,5,1.0,182.0,11.872718327576681,0.9432900076436247,0.6645331303399441,0.17352298832526095
697428,2014J,152.0,4,1.0,133.0,12.224230098094477,0.9448749135351181,0.6723884276206926,0.18248600271117035
697525,2014J,54.0,2,1.0,35.0,12.9587830480666,0.9479167459046037,0.6876878781159758,0.2009582626927773
697542,2014J,54.0,2,1.0,35.0,12.9587830480666,0.9479167459046037,0.6876878781159758,0.2009582626927773
697561,2014J,201.0,5,0.8,182.0,9.411359574610687,0.9289967317396159,0.5971718162926833,0.10975532086963978
697562,2014J,201.0,5,1.0,182.0,11.872718327576681,0.9432900076436247,0.6645331303399441,0.17352298832526095
697574,2014J,201.0,5,1.0,182.0,11.872718327576681,0.9432900076436247,0.6645331303399441,0.17352298832526095
697578,2014J,201.0,5,0.8,182.0,9.411359574610687,0.9289967317396159,0.5971718162926833,0.10975532086963978
697649,2014J,201.0,5,1.0,182.0,11.872718327576681,0.9432900076436247,0.6645331303399441,0.17352298832526095
697653,2014J,152.0,4,1.0,133.0,12.224230098094477,0.9448749135351181,0.6723884276206926,0.18248600271117035
697754,2014J,201.0,5,0.8,182.0,9.411359574610687,0.9289967317396159,0.5971718162926833,0.10975532086963978
697857,2014J,201.0,5,0.8,182.0,9.411359574610687,0.9289967317396159,0.5971718162926833,0.10975532086963978
697893,2014J,19.0,1,0.0,0.0,4.073074741435078,0.8435147679614741,0.3038427186416507,0.0060643005081270065
697909,2014J,54.0,2,0.5,35.0,7.249694803979926,0.9088179022009042,0.5120803526981007,0.056794489458313724
697912,2014J,19.0,1,1.0,0.0,13.014016992892225,0.9481319623363588,0.6887815585935024,0.2023315543159954
697959,2014J,201.0,5,1.0,182.0,11.872718327576681,0.9432900076436247,0.6645331303399441,0.17352298832526095
697960,2014J,201.0,5,0.8,182.0,9.411359574610687,0.9289967317396159,0.5971718162926833,0.10975532086963978
697964,2014J,201.0,5,0.8,182.0,9.411359574610687,0.9289967317396159,0.5971718162926833,0.10975532086963978
698010,2014J,152.0,4,0.75,133.0,9.14322208225247,0.9269923675910531,0.588210955065259,0.10286905532938674
698170,2014J,201.0,5,0.8,182.0,9.411359574610687,0.9289967317396159,0.5971718162926833,0.10975532086963978
698180,2014J,201.0,5,0.8,182.0,9.411359574610687,0.9289967317396159,0.5971718162926833,0.10975532086963978
698198,2014J,110.0,3,1.0,91.0,12.430275864473238,0.9457634296463958,0.6768269112364681,0.18770485552034183
698199,2014J,201.0,5,1.0,182.0,11.872718327576681,0.9432900076436247,0.6645331303399441,0.17352298832526095
698200,2014J,54.0,1,1.0,0.0,13.014016992892225,0.9481319623363588,0.6887815585935024,0.2023315543159954
698201,2014J,201.0,5,1.0,182.0,11.872718327576681,0.9432900076436247,0.6645331303399441,0.17352298832526095
698203,2014J,201.0,5,1.0,182.0,11.872718327576681,0.9432900076436247,0.6645331303399441,0.17352298832526095
698204,2014J,201.0,5,1.0,182.0,11.872718327576681,0.9432900076436247,0.6645331303399441,0.17352298832526095
698205,2014J,54.0,2,1.0,35.0,12.9587830480666,0.9479167459046037,0.6876878781159758,0.2009582626927773
698206,2014J,201.0,4,0.75,147.0,8.9181560517753,0.9252205383931431,0.5803859010671375,0.09713101904336122
698207,2014J,201.0,5,1.0,182.0,11.872718327576681,0.9432900076436247,0.6645331303399441,0.17352298832526095
698208,2014J,152.0,4,0.75,133.0,9.14322208225247,0.9269923675910531,0.588210955065259,0.10286905532938674
698256,2014J,201.0,5,0.8,182.0,9.411359574610687,0.9289967317396159,0.5971718162926833,0.10975532086963978
698345,2014J,201.0,5,0.8,182.0,9.411359574610687,0.9289967317396159,0.5971718162926833,0.10975532086963978
698357,2014J,110.0,3,0.6666666666666666,91.0,8.439520459795823,0.9211511789392633,0.5627511431774405,0.08509957049259294
698362,2014J,201.0,5,0.8,182.0,9.411359574610687,0.9289967317396159,0.5971718162926833,0.10975532086963978
698369,2014J,201.0,5,1.0,182.0,11.872718327576681,0.9432900076436247,0.6645331303399441,0.17352298832526095
698420,2014J,201.0,5,1.0,182.0,11.872718327576681,0.9432900076436247,0.6645331303399441,0.17352298832526095
698432,2014J,110.0,3,0.6666666666666666,91.0,8.439520459795823,0.9211511789392633,0.5627511431774405,0.08509957049259294
698463,2014J,201.0,5,1.0,182.0,11.872718327576681,0.9432900076436247,0.6645331303399441,0.17352298832526095
698471,2014J,201.0,5,1.0,182.0,11.872718327576681,0.9432900076436247,0.6645331303399441,0.17352298832526095
698494,2014J,201.0,5,1.0,182.0,11.872718327576681,0.9432900076436247,0.6645331303399441,0.17352298832526095
698507,2014J,201.0,5,0.8,182.0,9.411359574610687,0.9289967317396159,0.5971718162926833,0.10975532086963978
698509,2014J,201.0,5,1.0,182.0,11.872718327576681,0.9432900076436247,0.6645331303399441,0.17352298832526095
699007,2014J,201.0,5,1.0,182.0,11.872718327576681,0.9432900076436247,0.6645331303399441,0.17352298832526095
699153,2014J,201.0,5,1.0,182.0,11.872718327576681,0.9432900076436247,0.6645331303399441,0.17352298832526095
699435,2014J,201.0,5,1.0,182.0,11.872718327576681,0.9432900076436247,0.6645331303399441,0.17352298832526095
699436,2014J,201.0,5,1.0,182.0,11.872718327576681,0.9432900076436247,0.6645331303399441,0.17352298832526095
699437,2014J,201.0,5,1.0,182.0,11.872718327576681,0.9432900076436247,0.6645331303399441,0.17352298832526095
699488,2014J,201.0,5,1.0,182.0,11.872718327576681,0.9432900076436247,0.6645331303399441,0.17352298832526095
699498,2014J,201.0,5,0.8,182.0,9.411359574610687,0.9289967317396159,0.5971718162926833,0.10975532086963978
699503,2014J,201.0,5,1.0,182.0,11.872718327576681,0.9432900076436247,0.6645331303399441,0.17352298832526095
699651,2014J,201.0,5,1.0,182.0,11.872718327576681,0.9432900076436247,0.6645331303399441,0.17352298832526095
699656,2014J,201.0,5,0.8,182.0,9.411359574610687,0.9289967317396159,0.5971718162926833,0.10975532086963978
700079,2014J,201.0,5,1.0,182.0,11.872718327576681,0.9432900076436247,0.6645331303399441,0.17352298832526095
700086,2014J,201.0,5,0.8,182.0,9.411359574610687,0.9289967317396159,0.5971718162926833,0.10975532086963978
700441,2014J,201.0,5,1.0,182.0,11.872718327576681,0.9432900076436247,0.6645331303399441,0.17352298832526095
700458,2014J,19.0,1,1.0,0.0,13.014016992892225,0.9481319623363588,0.6887815585935024,0.2023315543159954
700815,2014J,152.0,4,1.0,133.0,12.224230098094477,0.9448749135351181,0.6723884276206926,0.18248600271117035
700820,2014J,201.0,5,0.8,182.0,9.411359574610687,0.9289967317396159,0.5971718162926833,0.10975532086963978
1008675,2013B,187.0,11,1.0,168.0,17.244653822913648,0.96060219705257,0.7547533150848543,0.29943824462005353
1098728,2013B,187.0,9,1.0,168.0,15.354220586642985,0.9558600617834357,0.7290548653243458,0.2581246513464444
1105438,2013J,166.0,8,1.0,147.0,15.040100034768518,0.9549592523886019,0.7242589755840351,0.2509257470685547
1118432,2014J,201.0,5,0.8,182.0,9.411359574610687,0.9289967317396159,0.5971718162926833,0.10975532086963978
1127413,2014B,194.0,11,1.0,182.0,16.820166071444753,0.9596282638177619,0.7494129870007343,0.29046306865897914
1170618,2013J,208.0,9,1.0,161.0,15.546759352164505,0.956394615947804,0.7319136690847253,0.26249055268643207
1332999,2014B,194.0,11,1.0,182.0,16.820166071444753,0.9596282638177619,0.7494129870007343,0.29046306865897914
1340766,2013J,208.0,11,1.0,189.0,16.61185680660673,0.9591324981908782,0.7467070380717318,0.2859948363016298
1341507,2014B,194.0,11,1.0,182.0,16.820166071444753,0.9596282638177619,0.7494129870007343,0.29046306865897914
1393589,2014B,194.0,10,1.0,182.0,15.871461755491081,0.9572673649561123,0.7366017948547608,0.2697724508753238
1399285,2013J,208.0,11,1.0,189.0,16.61185680660673,0.9591324981908782,0.7467070380717318,0.2859948363016298
1405594,2013J,208.0,11,0.9090909090909091,189.0,14.947051931008295,0.9546853162919468,0.7228059186680567,0.2487753157766856
1406920,2014B,194.0,10,1.0,182.0,15.871461755491081,0.9572673649561123,0.7366017948547608,0.2697724508753238
1411627,2013J,208.0,10,1.0,189.0,15.674901714636082,0.9567432660170225,0.7337834276067934,0.2653764771134667
1413989,2013J,47.0,4,1.0,28.0,14.736794403662826,0.954053872025248,0.7194660232452912,0.24388604657735857
1419671,2014J,19.0,1,0.0,0.0,4.073074741435078,0.8435147679614741,0.3038427186416507,0.0060643005081270065
1421720,2013J,208.0,11,1.0,189.0,16.61185680660673,0.9591324981908782,0.7467070380717318,0.2859948363016298
1432518,2014J,110.0,3,1.0,91.0,12.430275864473238,0.9457634296463958,0.6768269112364681,0.18770485552034183
1436591,2013B,187.0,11,1.0,168.0,17.244653822913648,0.96060219705257,0.7547533150848543,0.29943824462005353
1440341,2013J,208.0,11,1.0,189.0,16.61185680660673,0.9591324981908782,0.7467070380717318,0.2859948363016298
1453140,2014J,110.0,3,0.6666666666666666,91.0,8.439520459795823,0.9211511789392633,0.5627511431774405,0.08509957049259294
1453691,2014B,117.0,6,1.0,105.0,14.431006533497468,0.9531034804844484,0.7144640619516958,0.23670185660004425
1467014,2013J,208.0,11,1.0,189.0,16.61185680660673,0.9591324981908782,0.7467070380717318,0.2859948363016298
1480800,2013B,187.0,11,1.0,168.0,17.244653822913648,0.96060219705257,0.7547533150848543,0.29943824462005353
1486048,2014J,110.0,3,0.6666666666666666,91.0,8.439520459795823,0.9211511789392633,0.5627511431774405,0.08509957049259294
1493476,2013B,187.0,9,1.0,168.0,15.354220586642985,0.9558600617834357,0.7290548653243458,0.2581246513464444
1502193,2014B,194.0,10,1.0,182.0,15.871461755491081,0.9572673649561123,0.7366017948547608,0.2697724508753238
1503056,2013J,208.0,11,1.0,189.0,16.61185680660673,0.9591324981908782,0.7467070380717318,0.2859948363016298
1521540,2013B,187.0,11,1.0,168.0,17.244653822913648,0.96060219705257,0.7547533150848543,0.29943824462005353
1521687,2013J,54.0,3,1.0,35.0,13.733384253463113,0.9507808401984322,0.7023651422057456,0.21999491462114137
1525567,2014B,194.0,11,1.0,182.0,16.820166071444753,0.9596282638177619,0.7494129870007343,0.29046306865897914
1526770,2014J,201.0,5,1.0,182.0,11.872718327576681,0.9432900076436247,0.6645331303399441,0.17352298832526095
1533277,2014J,201.0,5,0.6,182.0,7.460270394597564,0.9112738674779399,0.5218460657031242,0.06158394229354896
1536122,2014J,201.0,5,1.0,182.0,11.872718327576681,0.9432900076436247,0.6645331303399441,0.17352298832526095
1536591,2013B,124.0,11,0.9090909090909091,112.0,17.143072020162073,0.9603734317765946,0.7534960138814601,0.29730629903984296
1536774,2013J,208.0,11,1.0,189.0,16.61185680660673,0.9591324981908782,0.7467070380717318,0.2859948363016298
1540042,2014B,194.0,10,1.0,182.0,15.871461755491081,0.9572673649561123,0.7366017948547608,0.2697724508753238
1541133,2013J,208.0,10,1.0,189.0,15.674901714636082,0.9567432660170225,0.7337834276067934,0.2653764771134667
1547646,2014J,201.0,5,1.0,182.0,11.872718327576681,0.9432900076436247,0.6645331303399441,0.17352298832526095
1559428,2014B,117.0,5,1.0,77.0,14.313033017381674,0.9527262248120363,0.7124868260819801,0.23390720209740792
1560989,2014J,201.0,6,1.0,189.0,12.426574174533352,0.9457477197896044,0.676748216855094,0.18761134039246355
1563696,2014J,201.0,5,1.0,182.0,11.872718327576681,0.9432900076436247,0.6645331303399441,0.17352298832526095
1564706,2014J,201.0,5,0.8,182.0,9.411359574610687,0.9289967317396159,0.5971718162926833,0.10975532086963978
1574398,2013B,187.0,11,1.0,168.0,17.244653822913648,0.96060219705257,0.7547533150848543,0.29943824462005353
1585768,2014J,110.0,3,0.6666666666666666,91.0,8.439520459795823,0.9211511789392633,0.5627511431774405,0.08509957049259294
1588208,2014B,47.0,2,1.0,35.0,12.9587830480666,0.9479167459046037,0.6876878781159758,0.2009582626927773
1594621,2013J,208.0,9,1.0,189.0,14.7907935051416,0.9542177149466892,0.7203313634239693,0.2451456819031239
1611973,2014B,194.0,10,1.0,182.0,15.871461755491081,0.9572673649561123,0.7366017948547608,0.2697724508753238
1623795,2014J,201.0,5,0.8,182.0,9.411359574610687,0.9289967317396159,0.5971718162926833,0.10975532086963978
1624443,2014B,194.0,11,1.0,182.0,16.820166071444753,0.9596282638177619,0.7494129870007343,0.29046306865897914
1624707,2013J,208.0,11,1.0,189.0,16.61185680660673,0.9591324981908782,0.7467070380717318,0.2859948363016298
1625718,2014B,194.0,11,1.0,182.0,16.820166071444753,0.9596282638177619,0.7494129870007343,0.29046306865897914
1626021,2014B,194.0,10,0.9,154.0,14.853076922852111,0.9544052490000132,0.7213229236467263,0.24659517545604492
1627017,2013J,208.0,10,1.0,189.0,15.674901714636082,0.9567432660170225,0.7337834276067934,0.2653764771134667
1633695,2014B,152.0,6,1.0,140.0,13.559264121749717,0.9501648122077447,0.6991858024266003,0.21575868670453618
1656979,2014J,201.0,5,0.8,182.0,9.411359574610687,0.9289967317396159,0.5971718162926833,0.10975532086963978
1659662,2013B,187.0,11,1.0,168.0,17.244653822913648,0.96060219705257,0.7547533150848543,0.29943824462005353
1664280,2014J,201.0,5,1.0,182.0,11.872718327576681,0.9432900076436247,0.6645331303399441,0.17352298832526095
1678401,2013B,187.0,10,1.0,168.0,16.272007212919746,0.9582970061986397,0.7421657693137035,0.2786146453445147
1695710,2013J,208.0,11,1.0,189.0,16.61185680660673,0.9591324981908782,0.7467070380717318,0.2859948363016298
1719114,2014B,194.0,11,1.0,182.0,16.820166071444753,0.9596282638177619,0.7494129870007343,0.29046306865897914
1721462,2013B,187.0,10,1.0,168.0,16.272007212919746,0.9582970061986397,0.7421657693137035,0.2786146453445147
1723749,2014J,201.0,4,1.0,182.0,11.203063874009995,0.9400039368199057,0.6484966056831101,0.1562752398115187
1726951,2013J,208.0,11,1.0,189.0,16.61185680660673,0.9591324981908782,0.7467070380717318,0.2859948363016298
1728437,2013B,187.0,11,1.0,168.0,17.244653822913648,0.96060219705257,0.7547533150848543,0.29943824462005353
1730702,2013B,89.0,8,1.0,77.0,17.036160796933082,0.9601297778476986,0.7521588589092654,0.2950517388854798
1731564,2013J,208.0,9,1.0,189.0,14.7907935051416,0.9542177149466892,0.7203313634239693,0.2451456819031239
1732219,2014B,194.0,11,1.0,182.0,16.820166071444753,0.9596282638177619,0.7494129870007343,0.29046306865897914
1732956,2014J,201.0,5,0.8,182.0,9.411359574610687,0.9289967317396159,0.5971718162926833,0.10975532086963978
1733023,2014J,201.0,5,1.0,182.0,11.872718327576681,0.9432900076436247,0.6645331303399441,0.17352298832526095
1747892,2013B,187.0,11,1.0,168.0,17.244653822913648,0.96060219705257,0.7547533150848543,0.29943824462005353
1752834,2014J,201.0,5,1.0,182.0,11.872718327576681,0.9432900076436247,0.6645331303399441,0.17352298832526095
1753965,2013B,187.0,11,1.0,168.0,17.244653822913648,0.96060219705257,0.7547533150848543,0.29943824462005353
1757561,2014J,110.0,3,1.0,91.0,12.430275864473238,0.9457634296463958,0.6768269112364681,0.18770485552034183
1759851,2014B,194.0,12,1.0,182.0,17.82557845203511,0.9618613404476298,0.7617058448707849,0.3114397857484351
1763653,2014B,194.0,10,1.0,182.0,15.871461755491081,0.9572673649561123,0.7366017948547608,0.2697724508753238
1770733,2013B,187.0,11,1.0,168.0,17.244653822913648,0.96060219705257,0.7547533150848543,0.29943824462005353
1771053,2013J,19.0,2,1.0,0.0,13.79191976449924,0.9509845301098991,0.7034191145616472,0.221413229595313
1776925,2013B,124.0,6,1.0,77.0,15.16858346428865,0.9553321129442945,0.7262407867322662,0.2538816408834029
1778145,2013J,208.0,10,1.0,189.0,15.674901714636082,0.9567432660170225,0.7337834276067934,0.2653764771134667
1780949,2014B,152.0,9,1.0,140.0,16.138983511439626,0.9579606022573045,0.7403439614947853,0.2756953560030644
1781804,2013J,54.0,1,1.0,0.0,13.014016992892225,0.9481319623363588,0.6887815585935024,0.2023315543159954
1782665,2014B,82.0,4,1.0,70.0,13.675097178185805,0.9505763260111401,0.7013082668595051,0.2185796978319925
1784816,2014J,201.0,5,1.0,182.0,11.872718327576681,0.9432900076436247,0.6645331303399441,0.17352298832526095
1786380,2014B,194.0,11,1.0,182.0,16.820166071444753,0.9596282638177619,0.7494129870007343,0.29046306865897914
1789199,2013B,187.0,11,1.0,168.0,17.244653822913648,0.96060219705257,0.7547533150848543,0.29943824462005353
1797168,2013J,208.0,10,1.0,189.0,15.674901714636082,0.9567432660170225,0.7337834276067934,0.2653764771134667
1797614,2013B,187.0,11,1.0,168.0,17.244653822913648,0.96060219705257,0.7547533150848543,0.29943824462005353
1813493,2014J,152.0,4,0.75,133.0,9.14322208225247,0.9269923675910531,0.588210955065259,0.10286905532938674
1829654,2014B,194.0,11,0.9090909090909091,182.0,15.134484885402992,0.9552337614209082,0.7257175824849951,0.2530986961619158
1832218,2014J,201.0,5,0.8,182.0,9.411359574610687,0.9289967317396159,0.5971718162926833,0.10975532086963978
1835389,2014J,201.0,5,0.8,182.0,9.411359574610687,0.9289967317396159,0.5971718162926833,0.10975532086963978
1840034,2014B,194.0,10,1.0,182.0,15.871461755491081,0.9572673649561123,0.7366017948547608,0.2697724508753238
1843123,2014J,201.0,5,1.0,182.0,11.872718327576681,0.9432900076436247,0.6645331303399441,0.17352298832526095
1847146,2013B,187.0,11,1.0,168.0,17.244653822913648,0.96060219705257,0.7547533150848543,0.29943824462005353
1858523,2013B,187.0,9,0.7777777777777778,168.0,11.860940060049296,0.9432353223882232,0.6642635028571289,0.17322145295882366
1863244,2014B,40.0,2,1.0,28.0,13.121283519950303,0.9485448817778594,0.690884095136094,0.204991828608527
1864697,2014B,194.0,10,1.0,182.0,15.871461755491081,0.9572673649561123,0.7366017948547608,0.2697724508753238
1866742,2014B,194.0,11,1.0,182.0,16.820166071444753,0.9596282638177619,0.7494129870007343,0.29046306865897914
1874935,2014J,201.0,5,0.8,182.0,9.411359574610687,0.9289967317396159,0.5971718162926833,0.10975532086963978
1877634,2014B,194.0,11,1.0,182.0,16.820166071444753,0.9596282638177619,0.7494129870007343,0.29046306865897914
1886295,2013J,208.0,11,1.0,189.0,16.61185680660673,0.9591324981908782,0.7467070380717318,0.2859948363016298
1889565,2013J,208.0,11,1.0,189.0,16.61185680660673,0.9591324981908782,0.7467070380717318,0.2859948363016298
1891028,2014J,54.0,2,0.5,35.0,7.249694803979926,0.9088179022009042,0.5120803526981007,0.056794489458313724
1903095,2014J,201.0,5,0.8,182.0,9.411359574610687,0.9289967317396159,0.5971718162926833,0.10975532086963978
1903527,2013B,187.0,11,1.0,168.0,17.244653822913648,0.96060219705257,0.7547533150848543,0.29943824462005353
1903677,2013J,208.0,11,1.0,189.0,16.61185680660673,0.9591324981908782,0.7467070380717318,0.2859948363016298
1904710,2013B,19.0,1,1.0,0.0,13.014016992892225,0.9481319623363588,0.6887815585935024,0.2023315543159954
1910175,2013J,208.0,11,1.0,189.0,16.61185680660673,0.9591324981908782,0.7467070380717318,0.2859948363016298
1912438,2013B,187.0,11,1.0,168.0,17.244653822913648,0.96060219705257,0.7547533150848543,0.29943824462005353
1923618,2013B,187.0,11,1.0,168.0,17.244653822913648,0.96060219705257,0.7547533150848543,0.29943824462005353
1926542,2014J,201.0,5,0.8,182.0,9.411359574610687,0.9289967317396159,0.5971718162926833,0.10975532086963978
1928536,2014J,201.0,4,0.75,182.0,8.379431684429786,0.9206088166235349,0.5604358500967154,0.08360916647024216
1930367,2013B,187.0,10,1.0,168.0,16.272007212919746,0.9582970061986397,0.7421657693137035,0.2786146453445147
1932474,2014B,194.0,11,1.0,182.0,16.820166071444753,0.9596282638177619,0.7494129870007343,0.29046306865897914
1935487,2013J,96.0,4,1.0,77.0,13.505738003747421,0.9499723295010419,0.6981949260188494,0.2144512906576205
1937822,2014J,201.0,5,1.0,182.0,11.872718327576681,0.9432900076436247,0.6645331303399441,0.17352298832526095
1937864,2013B,187.0,11,1.0,168.0,17.244653822913648,0.96060219705257,0.7547533150848543,0.29943824462005353
1939695,2013J,208.0,11,1.0,189.0,16.61185680660673,0.9591324981908782,0.7467070380717318,0.2859948363016298
1941248,2013J,208.0,11,1.0,189.0,16.61185680660673,0.9591324981908782,0.7467070380717318,0.2859948363016298
1946308,2013J,208.0,11,1.0,189.0,16.61185680660673,0.9591324981908782,0.7467070380717318,0.2859948363016298
1955634,2014B,194.0,10,1.0,182.0,15.871461755491081,0.9572673649561123,0.7366017948547608,0.2697724508753238
1957682,2014B,194.0,11,1.0,182.0,16.820166071444753,0.9596282638177619,0.7494129870007343,0.29046306865897914
1963287,2013J,54.0,2,1.0,35.0,12.9587830480666,0.9479167459046037,0.6876878781159758,0.2009582626927773
1967937,2014B,82.0,3,1.0,70.0,12.903783526529546,0.9477006613251653,0.6865912837805365,0.19958849829243266
1971393,2013B,187.0,11,1.0,168.0,17.244653822913648,0.96060219705257,0.7547533150848543,0.29943824462005353
1972832,2014J,201.0,5,0.8,182.0,9.411359574610687,0.9289967317396159,0.5971718162926833,0.10975532086963978
1989014,2014J,201.0,5,1.0,182.0,11.872718327576681,0.9432900076436247,0.6645331303399441,0.17352298832526095
1990650,2013J,19.0,1,1.0,0.0,13.014016992892225,0.9481319623363588,0.6887815585935024,0.2023315543159954
1993672,2013J,54.0,5,0.6,35.0,9.69189455617086,0.930979302175945,0.6061500984308187,0.11700401679947495
1997796,2013B,187.0,11,1.0,168.0,17.244653822913648,0.96060219705257,0.7547533150848543,0.29943824462005353
1998790,2013J,208.0,8,1.0,189.0,13.956551466442034,0.9515484770924864,0.7063442752943645,0.22538632162984673
2001687,2013J,208.0,10,1.0,189.0,15.674901714636082,0.9567432660170225,0.7337834276067934,0.2653764771134667
2002046,2013J,208.0,10,1.0,189.0,15.674901714636082,0.9567432660170225,0.7337834276067934,0.2653764771134667
2002415,2014B,194.0,10,1.0,182.0,15.871461755491081,0.9572673649561123,0.7366017948547608,0.2697724508753238
2006283,2013J,208.0,11,1.0,189.0,16.61185680660673,0.9591324981908782,0.7467070380717318,0.2859948363016298
2009239,2014J,201.0,5,1.0,182.0,11.872718327576681,0.9432900076436247,0.6645331303399441,0.17352298832526095
2019837,2013B,89.0,4,1.0,70.0,13.675097178185805,0.9505763260111401,0.7013082668595051,0.2185796978319925
2022801,2014B,194.0,11,1.0,182.0,16.820166071444753,0.9596282638177619,0.7494129870007343,0.29046306865897914
2023366,2013B,187.0,11,1.0,168.0,17.244653822913648,0.96060219705257,0.7547533150848543,0.29943824462005353
2023561,2013J,54.0,1,1.0,0.0,13.014016992892225,0.9481319623363588,0.6887815585935024,0.2023315543159954
2029037,2013J,208.0,11,1.0,189.0,16.61185680660673,0.9591324981908782,0.7467070380717318,0.2859948363016298
2034300,2013J,208.0,11,1.0,189.0,16.61185680660673,0.9591324981908782,0.7467070380717318,0.2859948363016298
2034350,2013B,19.0,1,1.0,0.0,13.014016992892225,0.9481319623363588,0.6887815585935024,0.2023315543159954
2035022,2013B,187.0,5,1.0,133.0,12.954923970652288,0.9479016424393844,0.6876111817027747,0.20086222688506467
2035574,2014J,201.0,5,1.0,182.0,11.872718327576681,0.9432900076436247,0.6645331303399441,0.17352298832526095
2044036,2013J,96.0,4,1.0,77.0,13.505738003747421,0.9499723295010419,0.6981949260188494,0.2144512906576205
2045569,2014J,19.0,1,0.0,0.0,4.073074741435078,0.8435147679614741,0.3038427186416507,0.0060643005081270065
2049740,2014J,54.0,2,0.5,35.0,7.249694803979926,0.9088179022009042,0.5120803526981007,0.056794489458313724
2056947,2013J,19.0,1,1.0,0.0,13.014016992892225,0.9481319623363588,0.6887815585935024,0.2023315543159954
2061889,2013J,208.0,6,1.0,77.0,15.16858346428865,0.9553321129442945,0.7262407867322662,0.2538816408834029
2062995,2013J,208.0,9,1.0,189.0,14.7907935051416,0.9542177149466892,0.7203313634239693,0.2451456819031239
2072166,2013J,166.0,5,1.0,147.0,12.63603055572936,0.9466225687239788,0.6811425028775445,0.19288818748516023
2078479,2013J,208.0,11,1.0,189.0,16.61185680660673,0.9591324981908782,0.7467070380717318,0.2859948363016298
2078768,2013J,208.0,10,1.0,189.0,15.674901714636082,0.9567432660170225,0.7337834276067934,0.2653764771134667
2080885,2014B,194.0,11,1.0,182.0,16.820166071444753,0.9596282638177619,0.7494129870007343,0.29046306865897914
2081955,2014B,194.0,11,1.0,182.0,16.820166071444753,0.9596282638177619,0.7494129870007343,0.29046306865897914
2082318,2014B,194.0,10,1.0,182.0,15.871461755491081,0.9572673649561123,0.7366017948547608,0.2697724508753238
2083576,2013J,208.0,11,1.0,189.0,16.61185680660673,0.9591324981908782,0.7467070380717318,0.2859948363016298
2087747,2014B,194.0,11,1.0,182.0,16.820166071444753,0.9596282638177619,0.7494129870007343,0.29046306865897914
2091096,2014J,201.0,5,1.0,182.0,11.872718327576681,0.9432900076436247,0.6645331303399441,0.17352298832526095
2091193,2014J,201.0,5,1.0,182.0,11.872718327576681,0.9432900076436247,0.6645331303399441,0.17352298832526095
2092834,2013B,124.0,6,1.0,105.0,14.431006533497468,0.9531034804844484,0.7144640619516958,0.23670185660004425
2094350,2014B,152.0,7,1.0,140.0,14.36975861757076,0.9529083764359935,0.7134409151339833,0.23525254883637753
2095379,2013J,208.0,11,1.0,189.0,16.61185680660673,0.9591324981908782,0.7467070380717318,0.2859948363016298
2097916,2013B,187.0,11,1.0,168.0,17.244653822913648,0.96060219705257,0.7547533150848543,0.29943824462005353
2103305,2014J,54.0,2,1.0,35.0,12.9587830480666,0.9479167459046037,0.6876878781159758,0.2009582626927773
2104426,2014B,194.0,9,1.0,182.0,14.97626701104141,0.9547716843809574,0.7232637765324275,0.2494513853872069
2108614,2014B,194.0,11,1.0,182.0,16.820166071444753,0.9596282638177619,0.7494129870007343,0.29046306865897914
2111015,2013J,208.0,11,1.0,189.0,16.61185680660673,0.9591324981908782,0.7467070380717318,0.2859948363016298
2111666,2013J,96.0,4,1.0,77.0,13.505738003747421,0.9499723295010419,0.6981949260188494,0.2144512906576205
2115250,2014J,201.0,5,0.8,182.0,9.411359574610687,0.9289967317396159,0.5971718162926833,0.10975532086963978
2115711,2013J,208.0,10,1.0,189.0,15.674901714636082,0.9567432660170225,0.7337834276067934,0.2653764771134667
2128304,2013J,208.0,10,1.0,189.0,15.674901714636082,0.9567432660170225,0.7337834276067934,0.2653764771134667
2132811,2013B,187.0,10,1.0,168.0,16.272007212919746,0.9582970061986397,0.7421657693137035,0.2786146453445147
2132966,2013J,208.0,11,1.0,189.0,16.61185680660673,0.9591324981908782,0.7467070380717318,0.2859948363016298
2133207,2014B,117.0,7,1.0,105.0,15.293608755825733,0.9556890600243851,0.7281423683403853,0.2567428969729942
2140444,2013J,208.0,10,1.0,189.0,15.674901714636082,0.9567432660170225,0.7337834276067934,0.2653764771134667
2147687,2013J,54.0,3,1.0,35.0,13.733384253463113,0.9507808401984322,0.7023651422057456,0.21999491462114137
2147929,2013J,208.0,10,1.0,189.0,15.674901714636082,0.9567432660170225,0.7337834276067934,0.2653764771134667
2148859,2014B,194.0,11,1.0,182.0,16.820166071444753,0.9596282638177619,0.7494129870007343,0.29046306865897914
2149487,2014J,201.0,5,1.0,182.0,11.872718327576681,0.9432900076436247,0.6645331303399441,0.17352298832526095
2153026,2013J,96.0,4,1.0,77.0,13.505738003747421,0.9499723295010419,0.6981949260188494,0.2144512906576205
2153200,2014B,117.0,6,1.0,105.0,14.431006533497468,0.9531034804844484,0.7144640619516958,0.23670185660004425
2160453,2013J,208.0,10,1.0,189.0,15.674901714636082,0.9567432660170225,0.7337834276067934,0.2653764771134667
2164251,2014B,194.0,11,1.0,182.0,16.820166071444753,0.9596282638177619,0.7494129870007343,0.29046306865897914
2164944,2013J,208.0,11,1.0,189.0,16.61185680660673,0.9591324981908782,0.7467070380717318,0.2859948363016298
2172163,2014J,201.0,5,1.0,182.0,11.872718327576681,0.9432900076436247,0.6645331303399441,0.17352298832526095
2173572,2013B,187.0,9,1.0,168.0,15.354220586642985,0.9558600617834357,0.7290548653243458,0.2581246513464444
2174835,2013J,208.0,11,1.0,189.0,16.61185680660673,0.9591324981908782,0.7467070380717318,0.2859948363016298
2177423,2014J,19.0,1,1.0,0.0,13.014016992892225,0.9481319623363588,0.6887815585935024,0.2023315543159954
2181205,2014B,194.0,10,1.0,182.0,15.871461755491081,0.9572673649561123,0.7366017948547608,0.2697724508753238
2187146,2013J,208.0,11,1.0,189.0,16.61185680660673,0.9591324981908782,0.7467070380717318,0.2859948363016298
2187308,2014J,201.0,5,0.8,182.0,9.411359574610687,0.9289967317396159,0.5971718162926833,0.10975532086963978
2192113,2014J,19.0,1,0.0,0.0,4.073074741435078,0.8435147679614741,0.3038427186416507,0.0060643005081270065
2196054,2013J,208.0,10,1.0,189.0,15.674901714636082,0.9567432660170225,0.7337834276067934,0.2653764771134667
2205383,2013B,187.0,11,0.9090909090909091,168.0,15.516431379352976,0.9563112755975214,0.7314673324186043,0.2618052152027917
2207474,2014J,201.0,5,1.0,182.0,11.872718327576681,0.9432900076436247,0.6645331303399441,0.17352298832526095
2210318,2013B,187.0,8,1.0,168.0,14.488199687873005,0.9532842144150002,0.7154129721973973,0.23805211584605623
2210666,2013J,54.0,3,0.6666666666666666,35.0,9.324264292524726,0.9283578537015702,0.5943029836354272,0.10751336974368794
2211630,2013J,54.0,3,1.0,35.0,13.733384253463113,0.9507808401984322,0.7023651422057456,0.21999491462114137
2213424,2014B,194.0,11,1.0,182.0,16.820166071444753,0.9596282638177619,0.7494129870007343,0.29046306865897914
2213814,2014J,54.0,1,1.0,0.0,13.014016992892225,0.9481319623363588,0.6887815585935024,0.2023315543159954
2214631,2013J,208.0,10,1.0,189.0,15.674901714636082,0.9567432660170225,0.7337834276067934,0.2653764771134667
2216682,2014J,201.0,5,1.0,182.0,11.872718327576681,0.9432900076436247,0.6645331303399441,0.17352298832526095
2216778,2014J,201.0,5,0.8,182.0,9.411359574610687,0.9289967317396159,0.5971718162926833,0.10975532086963978
2221869,2014B,194.0,9,1.0,182.0,14.97626701104141,0.9547716843809574,0.7232637765324275,0.2494513853872069
2226301,2013J,208.0,11,1.0,189.0,16.61185680660673,0.9591324981908782,0.7467070380717318,0.2859948363016298
2227004,2013J,54.0,3,1.0,35.0,13.733384253463113,0.9507808401984322,0.7023651422057456,0.21999491462114137
2227568,2014J,201.0,5,0.8,182.0,9.411359574610687,0.9289967317396159,0.5971718162926833,0.10975532086963978
2228010,2014J,201.0,5,0.8,182.0,9.411359574610687,0.9289967317396159,0.5971718162926833,0.10975532086963978
2228601,2014J,201.0,5,1.0,182.0,11.872718327576681,0.9432900076436247,0.6645331303399441,0.17352298832526095
2229783,2014J,201.0,10,1.0,182.0,15.871461755491081,0.9572673649561123,0.7366017948547608,0.2697724508753238
2230457,2014B,152.0,7,0.8571428571428571,140.0,12.172495347721,0.9446472315475032,0.6712550916088275,0.18117141821106675
2231614,2013B,187.0,10,1.0,168.0,16.272007212919746,0.9582970061986397,0.7421657693137035,0.2786146453445147
2232976,2014J,110.0,3,1.0,91.0,12.430275864473238,0.9457634296463958,0.6768269112364681,0.18770485552034183
2236738,2013B,187.0,11,1.0,168.0,17.244653822913648,0.96060219705257,0.7547533150848543,0.29943824462005353
2237567,2014J,201.0,5,1.0,182.0,11.872718327576681,0.9432900076436247,0.6645331303399441,0.17352298832526095
2239140,2013J,54.0,2,1.0,35.0,12.9587830480666,0.9479167459046037,0.6876878781159758,0.2009582626927773
2242067,2014J,201.0,5,1.0,182.0,11.872718327576681,0.9432900076436247,0.6645331303399441,0.17352298832526095
2242290,2013J,54.0,3,1.0,35.0,13.733384253463113,0.9507808401984322,0.7023651422057456,0.21999491462114137
2243551,2013B,187.0,10,0.4,168.0,8.104901368261373,0.9180329681103921,0.549550926125355,0.07686848680238823
2243703,2014B,194.0,10,1.0,154.0,16.682661169863994,0.9593023691100526,0.7476332694171496,0.287518312210947
2244724,2013B,187.0,10,1.0,168.0,16.272007212919746,0.9582970061986397,0.7421657693137035,0.2786146453445147
2248122,2014B,194.0,11,1.0,182.0,16.820166071444753,0.9596282638177619,0.7494129870007343,0.29046306865897914
2248243,2014J,201.0,5,0.8,182.0,9.411359574610687,0.9289967317396159,0.5971718162926833,0.10975532086963978
2249372,2013B,187.0,11,1.0,168.0,17.244653822913648,0.96060219705257,0.7547533150848543,0.29943824462005353
2251500,2014J,201.0,5,0.8,182.0,9.411359574610687,0.9289967317396159,0.5971718162926833,0.10975532086963978
2254619,2013B,187.0,11,1.0,168.0,17.244653822913648,0.96060219705257,0.7547533150848543,0.29943824462005353
2262671,2013J,54.0,2,1.0,35.0,12.9587830480666,0.9479167459046037,0.6876878781159758,0.2009582626927773
2264569,2014J,19.0,1,0.0,0.0,4.073074741435078,0.8435147679614741,0.3038427186416507,0.0060643005081270065
2266377,2014B,117.0,5,1.0,105.0,13.617057484259055,0.9503709844002922,0.7002484873148381,0.21716761122120323
2266650,2013J,54.0,3,1.0,35.0,13.733384253463113,0.9507808401984322,0.7023651422057456,0.21999491462114137
2269480,2013B,187.0,11,1.0,168.0,17.244653822913648,0.96060219705257,0.7547533150848543,0.29943824462005353
2269561,2014J,152.0,4,0.5,133.0,6.838754618863119,0.9036115057154565,0.4918948381582844,0.047802715177777726
2271644,2013J,208.0,6,1.0,189.0,12.426574174533352,0.9457477197896044,0.676748216855094,0.18761134039246355
2271743,2014B,82.0,4,1.0,70.0,13.675097178185805,0.9505763260111401,0.7013082668595051,0.2185796978319925
2273256,2013J,54.0,3,1.0,35.0,13.733384253463113,0.9507808401984322,0.7023651422057456,0.21999491462114137
2273828,2014B,194.0,11,1.0,175.0,17.031087491583804,0.9601181411524675,0.7520950484978021,0.2949444776404749
2276854,2014J,19.0,1,0.0,0.0,4.073074741435078,0.8435147679614741,0.3038427186416507,0.0060643005081270065
2278390,2014J,201.0,5,1.0,182.0,11.872718327576681,0.9432900076436247,0.6645331303399441,0.17352298832526095
2280038,2013B,47.0,1,1.0,0.0,13.014016992892225,0.9481319623363588,0.6887815585935024,0.2023315543159954
2280314,2013J,166.0,9,1.0,147.0,15.939110348700272,0.9574448152526764,0.7375581425470185,0.2712767358407156
2281286,2014J,201.0,5,1.0,182.0,11.872718327576681,0.9432900076436247,0.6645331303399441,0.17352298832526095
2282129,2013J,96.0,4,1.0,77.0,13.505738003747421,0.9499723295010419,0.6981949260188494,0.2144512906576205
2284583,2013J,208.0,11,1.0,189.0,16.61185680660673,0.9591324981908782,0.7467070380717318,0.2859948363016298
2288607,2013B,187.0,11,1.0,168.0,17.244653822913648,0.96060219705257,0.7547533150848543,0.29943824462005353
2290090,2013B,187.0,10,1.0,168.0,16.272007212919746,0.9582970061986397,0.7421657693137035,0.2786146453445147
2291598,2013B,187.0,11,1.0,168.0,17.244653822913648,0.96060219705257,0.7547533150848543,0.29943824462005353
2291760,2014B,194.0,11,1.0,182.0,16.820166071444753,0.9596282638177619,0.7494129870007343,0.29046306865897914
2293443,2013B,187.0,11,1.0,168.0,17.244653822913648,0.96060219705257,0.7547533150848543,0.29943824462005353
2294490,2013J,96.0,3,1.0,77.0,12.743976682255656,0.9470625099311235,0.6833615134338469,0.19559572293900107
2296716,2014J,19.0,1,0.0,0.0,4.073074741435078,0.8435147679614741,0.3038427186416507,0.0060643005081270065
2296749,2013B,187.0,11,1.0,168.0,17.244653822913648,0.96060219705257,0.7547533150848543,0.29943824462005353
2299338,2013J,208.0,11,1.0,189.0,16.61185680660673,0.9591324981908782,0.7467070380717318,0.2859948363016298
2299745,2014J,54.0,2,0.5,35.0,7.249694803979926,0.9088179022009042,0.5120803526981007,0.056794489458313724
2300911,2013B,124.0,11,1.0,105.0,19.29138399229556,0.9647074329256149,0.7776234934790466,0.3403053222257074
2300913,2014B,117.0,5,1.0,105.0,13.617057484259055,0.9503709844002922,0.7002484873148381,0.21716761122120323
2301111,2013B,19.0,1,1.0,0.0,13.014016992892225,0.9481319623363588,0.6887815585935024,0.2023315543159954
2302925,2013B,89.0,5,1.0,70.0,14.492515505111,0.953297796167274,0.7154843243067773,0.23815388506135335
2308026,2014B,194.0,11,1.0,182.0,16.820166071444753,0.9596282638177619,0.7494129870007343,0.29046306865897914
2308528,2013B,187.0,9,1.0,168.0,15.354220586642985,0.9558600617834357,0.7290548653243458,0.2581246513464444
2308564,2014B,194.0,11,1.0,182.0,16.820166071444753,0.9596282638177619,0.7494129870007343,0.29046306865897914
2315082,2014B,47.0,3,1.0,35.0,13.733384253463113,0.9507808401984322,0.7023651422057456,0.21999491462114137
2317273,2014B,194.0,10,1.0,182.0,15.871461755491081,0.9572673649561123,0.7366017948547608,0.2697724508753238
2318161,2014J,201.0,5,0.8,182.0,9.411359574610687,0.9289967317396159,0.5971718162926833,0.10975532086963978
2318763,2013J,131.0,3,1.0,77.0,12.743976682255656,0.9470625099311235,0.6833615134338469,0.19559572293900107
2320306,2013J,208.0,11,1.0,189.0,16.61185680660673,0.9591324981908782,0.7467070380717318,0.2859948363016298
2321660,2014J,201.0,5,1.0,182.0,11.872718327576681,0.9432900076436247,0.6645331303399441,0.17352298832526095
2322046,2013B,54.0,2,1.0,35.0,12.9587830480666,0.9479167459046037,0.6876878781159758,0.2009582626927773
2322342,2013B,187.0,10,1.0,168.0,16.272007212919746,0.9582970061986397,0.7421657693137035,0.2786146453445147
2326401,2014J,110.0,2,1.0,56.0,12.483257164393066,0.9459872879951893,0.677949123051539,0.18904230939679062
2327072,2013B,187.0,10,1.0,168.0,16.272007212919746,0.9582970061986397,0.7421657693137035,0.2786146453445147
2333415,2014J,201.0,5,0.8,182.0,9.411359574610687,0.9289967317396159,0.5971718162926833,0.10975532086963978
2334319,2013J,208.0,11,1.0,189.0,16.61185680660673,0.9591324981908782,0.7467070380717318,0.2859948363016298
2334930,2014B,194.0,11,1.0,182.0,16.820166071444753,0.9596282638177619,0.7494129870007343,0.29046306865897914
2336550,2013B,187.0,10,1.0,168.0,16.272007212919746,0.9582970061986397,0.7421657693137035,0.2786146453445147
2338586,2013J,208.0,11,1.0,189.0,16.61185680660673,0.9591324981908782,0.7467070380717318,0.2859948363016298
2340165,2014B,194.0,11,1.0,182.0,16.820166071444753,0.9596282638177619,0.7494129870007343,0.29046306865897914
2343413,2014B,194.0,11,1.0,182.0,16.820166071444753,0.9596282638177619,0.7494129870007343,0.29046306865897914
2346145,2014J,201.0,5,0.8,182.0,9.411359574610687,0.9289967317396159,0.5971718162926833,0.10975532086963978
2349825,2013J,96.0,4,1.0,77.0,13.505738003747421,0.9499723295010419,0.6981949260188494,0.2144512906576205
2351235,2014B,82.0,3,1.0,70.0,12.903783526529546,0.9477006613251653,0.6865912837805365,0.19958849829243266
2353764,2014J,201.0,5,0.8,182.0,9.411359574610687,0.9289967317396159,0.5971718162926833,0.10975532086963978
2356809,2013J,208.0,11,0.9090909090909091,189.0,14.947051931008295,0.9546853162919468,0.7228059186680567,0.2487753157766856
2363168,2014J,201.0,5,1.0,182.0,11.872718327576681,0.9432900076436247,0.6645331303399441,0.17352298832526095
2363875,2013J,166.0,7,1.0,147.0,14.191796411917649,0.9523321592602285,0.7104264980545231,0.23102208943808172
2366070,2013B,54.0,3,1.0,35.0,13.733384253463113,0.9507808401984322,0.7023651422057456,0.21999491462114137
2372088,2014B,12.0,1,1.0,0.0,13.014016992892225,0.9481319623363588,0.6887815585935024,0.2023315543159954
2375144,2013B,54.0,3,1.0,35.0,13.733384253463113,0.9507808401984322,0.7023651422057456,0.21999491462114137
2375759,2014J,201.0,5,1.0,182.0,11.872718327576681,0.9432900076436247,0.6645331303399441,0.17352298832526095
2376628,2013B,187.0,11,1.0,168.0,17.244653822913648,0.96060219705257,0.7547533150848543,0.29943824462005353
2377567,2013B,187.0,11,1.0,168.0,17.244653822913648,0.96060219705257,0.7547533150848543,0.29943824462005353
2380539,2013B,187.0,10,1.0,168.0,16.272007212919746,0.9582970061986397,0.7421657693137035,0.2786146453445147
2382253,2013J,166.0,7,1.0,147.0,14.191796411917649,0.9523321592602285,0.7104264980545231,0.23102208943808172
2384819,2013B,187.0,10,1.0,168.0,16.272007212919746,0.9582970061986397,0.7421657693137035,0.2786146453445147
2385665,2014J,201.0,5,1.0,182.0,11.872718327576681,0.9432900076436247,0.6645331303399441,0.17352298832526095
2386867,2014J,54.0,2,1.0,35.0,12.9587830480666,0.9479167459046037,0.6876878781159758,0.2009582626927773
2390117,2013J,208.0,11,1.0,189.0,16.61185680660673,0.9591324981908782,0.7467070380717318,0.2859948363016298
2392789,2014B,152.0,8,1.0,140.0,15.228699793230607,0.9555044598975224,0.7271584069289139,0.2552592889043663
2392824,2013J,208.0,11,1.0,189.0,16.61185680660673,0.9591324981908782,0.7467070380717318,0.2859948363016298
2394741,2014J,54.0,2,0.5,35.0,7.249694803979926,0.9088179022009042,0.5120803526981007,0.056794489458313724
2395222,2013B,54.0,3,1.0,35.0,13.733384253463113,0.9507808401984322,0.7023651422057456,0.21999491462114137
2396786,2013J,47.0,2,1.0,28.0,13.121283519950303,0.9485448817778594,0.690884095136094,0.204991828608527
2399380,2014J,19.0,1,1.0,0.0,13.014016992892225,0.9481319623363588,0.6887815585935024,0.2023315543159954
2400851,2013J,208.0,11,0.9090909090909091,189.0,14.947051931008295,0.9546853162919468,0.7228059186680567,0.2487753157766856
2401304,2014J,201.0,5,1.0,182.0,11.872718327576681,0.9432900076436247,0.6645331303399441,0.17352298832526095
2407594,2014J,201.0,5,1.0,182.0,11.872718327576681,0.9432900076436247,0.6645331303399441,0.17352298832526095
2410544,2014J,152.0,4,1.0,133.0,12.224230098094477,0.9448749135351181,0.6723884276206926,0.18248600271117035
2411595,2013J,208.0,10,1.0,189.0,15.674901714636082,0.9567432660170225,0.7337834276067934,0.2653764771134667
2414945,2014J,110.0,3,1.0,91.0,12.430275864473238,0.9457634296463958,0.6768269112364681,0.18770485552034183
2415414,2013J,208.0,11,1.0,189.0,16.61185680660673,0.9591324981908782,0.7467070380717318,0.2859948363016298
2416774,2013J,208.0,11,1.0,189.0,16.61185680660673,0.9591324981908782,0.7467070380717318,0.2859948363016298
2418877,2013B,54.0,6,1.0,42.0,16.14379107240255,0.9579728545956278,0.7404102471532084,0.27580116012365163
2420725,2014B,194.0,6,1.0,182.0,12.582400856697058,0.9464012680578139,0.6800286256824646,0.19153996582477406
2420909,2013J,208.0,10,1.0,161.0,16.47605483381028,0.9588026880087812,0.7449115366638879,0.2830592080862646
2421929,2013J,54.0,3,1.0,35.0,13.733384253463113,0.9507808401984322,0.7023651422057456,0.21999491462114137
2423078,2014J,54.0,2,1.0,35.0,12.9587830480666,0.9479167459046037,0.6876878781159758,0.2009582626927773
2425156,2013J,166.0,9,1.0,147.0,15.939110348700272,0.9574448152526764,0.7375581425470185,0.2712767358407156
2425726,2013B,54.0,2,1.0,35.0,12.9587830480666,0.9479167459046037,0.6876878781159758,0.2009582626927773
2426442,2014J,54.0,2,0.5,35.0,7.249694803979926,0.9088179022009042,0.5120803526981007,0.056794489458313724
2426864,2014J,201.0,5,0.8,182.0,9.411359574610687,0.9289967317396159,0.5971718162926833,0.10975532086963978
2428341,2014J,201.0,5,0.8,182.0,9.411359574610687,0.9289967317396159,0.5971718162926833,0.10975532086963978
2432551,2014J,152.0,4,1.0,133.0,12.224230098094477,0.9448749135351181,0.6723884276206926,0.18248600271117035
2436707,2014B,12.0,1,1.0,0.0,13.014016992892225,0.9481319623363588,0.6887815585935024,0.2023315543159954
2436711,2014J,201.0,5,1.0,182.0,11.872718327576681,0.9432900076436247,0.6645331303399441,0.17352298832526095
2437428,2014B,152.0,6,1.0,140.0,13.559264121749717,0.9501648122077447,0.6991858024266003,0.21575868670453618
2439201,2013B,187.0,10,1.0,168.0,16.272007212919746,0.9582970061986397,0.7421657693137035,0.2786146453445147
2440756,2014B,194.0,11,1.0,182.0,16.820166071444753,0.9596282638177619,0.7494129870007343,0.29046306865897914
2442685,2013B,187.0,8,1.0,140.0,15.228699793230607,0.9555044598975224,0.7271584069289139,0.2552592889043663
2444088,2013B,187.0,10,1.0,168.0,16.272007212919746,0.9582970061986397,0.7421657693137035,0.2786146453445147
2444501,2014B,152.0,5,0.8,140.0,10.14203184831634,0.9339391288883674,0.6197692128281005,0.128693655654976
2444641,2013J,208.0,11,1.0,189.0,16.61185680660673,0.9591324981908782,0.7467070380717318,0.2859948363016298
2444703,2013B,54.0,3,1.0,35.0,13.733384253463113,0.9507808401984322,0.7023651422057456,0.21999491462114137
2444705,2014J,201.0,5,0.8,182.0,9.411359574610687,0.9289967317396159,0.5971718162926833,0.10975532086963978
2445088,2013B,124.0,5,1.0,105.0,13.617057484259055,0.9503709844002922,0.7002484873148381,0.21716761122120323
2446144,2013B,187.0,10,1.0,168.0,16.272007212919746,0.9582970061986397,0.7421657693137035,0.2786146453445147
2446599,2014B,194.0,11,1.0,182.0,16.820166071444753,0.9596282638177619,0.7494129870007343,0.29046306865897914
2446694,2014J,54.0,2,1.0,35.0,12.9587830480666,0.9479167459046037,0.6876878781159758,0.2009582626927773
2448699,2014J,54.0,2,1.0,35.0,12.9587830480666,0.9479167459046037,0.6876878781159758,0.2009582626927773
2449399,2014J,201.0,5,0.8,182.0,9.411359574610687,0.9289967317396159,0.5971718162926833,0.10975532086963978
2451269,2013J,208.0,11,1.0,189.0,16.61185680660673,0.9591324981908782,0.7467070380717318,0.2859948363016298
2452289,2013J,208.0,10,1.0,189.0,15.674901714636082,0.9567432660170225,0.7337834276067934,0.2653764771134667
2453657,2013J,96.0,5,1.0,77.0,14.313033017381674,0.9527262248120363,0.7124868260819801,0.23390720209740792
2455066,2013J,208.0,11,1.0,189.0,16.61185680660673,0.9591324981908782,0.7467070380717318,0.2859948363016298
2455578,2013J,208.0,11,1.0,189.0,16.61185680660673,0.9591324981908782,0.7467070380717318,0.2859948363016298
2458984,2013B,187.0,8,1.0,168.0,14.488199687873005,0.9532842144150002,0.7154129721973973,0.23805211584605623
2459051,2013J,19.0,1,0.0,0.0,4.073074741435078,0.8435147679614741,0.3038427186416507,0.0060643005081270065
2460002,2013J,54.0,2,1.0,35.0,12.9587830480666,0.9479167459046037,0.6876878781159758,0.2009582626927773
2462576,2014J,201.0,5,1.0,182.0,11.872718327576681,0.9432900076436247,0.6645331303399441,0.17352298832526095
2463213,2013J,208.0,11,1.0,189.0,16.61185680660673,0.9591324981908782,0.7467070380717318,0.2859948363016298
2463950,2013J,208.0,11,1.0,189.0,16.61185680660673,0.9591324981908782,0.7467070380717318,0.2859948363016298
2464683,2013J,208.0,11,1.0,189.0,16.61185680660673,0.9591324981908782,0.7467070380717318,0.2859948363016298
2464901,2014J,19.0,1,0.0,0.0,4.073074741435078,0.8435147679614741,0.3038427186416507,0.0060643005081270065
2464963,2013B,187.0,10,1.0,168.0,16.272007212919746,0.9582970061986397,0.7421657693137035,0.2786146453445147
2465209,2013J,19.0,1,1.0,0.0,13.014016992892225,0.9481319623363588,0.6887815585935024,0.2023315543159954
2466123,2013B,19.0,1,1.0,0.0,13.014016992892225,0.9481319623363588,0.6887815585935024,0.2023315543159954
2468280,2013J,208.0,10,1.0,161.0,16.47605483381028,0.9588026880087812,0.7449115366638879,0.2830592080862646
2468706,2013J,208.0,11,1.0,189.0,16.61185680660673,0.9591324981908782,0.7467070380717318,0.2859948363016298
2470672,2013B,187.0,10,1.0,168.0,16.272007212919746,0.9582970061986397,0.7421657693137035,0.2786146453445147
2473780,2013J,208.0,11,1.0,189.0,16.61185680660673,0.9591324981908782,0.7467070380717318,0.2859948363016298
2474493,2013B,159.0,8,1.0,140.0,15.228699793230607,0.9555044598975224,0.7271584069289139,0.2552592889043663
2475591,2014J,201.0,5,1.0,182.0,11.872718327576681,0.9432900076436247,0.6645331303399441,0.17352298832526095
2475780,2013B,187.0,11,1.0,168.0,17.244653822913648,0.96060219705257,0.7547533150848543,0.29943824462005353
2476144,2014B,194.0,10,1.0,182.0,15.871461755491081,0.9572673649561123,0.7366017948547608,0.2697724508753238
2476649,2013B,187.0,10,1.0,168.0,16.272007212919746,0.9582970061986397,0.7421657693137035,0.2786146453445147
2481224,2013B,187.0,11,1.0,168.0,17.244653822913648,0.96060219705257,0.7547533150848543,0.29943824462005353
2481765,2013B,187.0,10,1.0,168.0,16.272007212919746,0.9582970061986397,0.7421657693137035,0.2786146453445147
2482994,2014B,194.0,12,0.8333333333333334,182.0,14.687982065683729,0.9539047544377223,0.7186792299222527,0.24274506076809138
2483179,2013B,187.0,11,1.0,168.0,17.244653822913648,0.96060219705257,0.7547533150848543,0.29943824462005353
2483568,2013B,187.0,10,1.0,168.0,16.272007212919746,0.9582970061986397,0.7421657693137035,0.2786146453445147
2486159,2014J,201.0,5,1.0,182.0,11.872718327576681,0.9432900076436247,0.6645331303399441,0.17352298832526095
2487430,2014J,201.0,5,0.8,182.0,9.411359574610687,0.9289967317396159,0.5971718162926833,0.10975532086963978
2487541,2013B,187.0,11,1.0,168.0,17.244653822913648,0.96060219705257,0.7547533150848543,0.29943824462005353
2487573,2014J,201.0,5,0.8,182.0,9.411359574610687,0.9289967317396159,0.5971718162926833,0.10975532086963978
2487785,2014B,194.0,9,1.0,182.0,14.97626701104141,0.9547716843809574,0.7232637765324275,0.2494513853872069
2494258,2014J,201.0,5,0.8,182.0,9.411359574610687,0.9289967317396159,0.5971718162926833,0.10975532086963978
2497624,2014J,201.0,5,1.0,182.0,11.872718327576681,0.9432900076436247,0.6645331303399441,0.17352298832526095
2498299,2013B,187.0,11,1.0,168.0,17.244653822913648,0.96060219705257,0.7547533150848543,0.29943824462005353
2502127,2014B,194.0,11,1.0,182.0,16.820166071444753,0.9596282638177619,0.7494129870007343,0.29046306865897914
2510414,2013J,208.0,11,0.9090909090909091,189.0,14.947051931008295,0.9546853162919468,0.7228059186680567,0.2487753157766856
2511519,2014J,201.0,5,1.0,182.0,11.872718327576681,0.9432900076436247,0.6645331303399441,0.17352298832526095
2512392,2013J,208.0,17,1.0,189.0,23.534137889314838,0.9709766685320688,0.8136948382331293,0.413298503621465
2513954,2014B,194.0,11,0.9090909090909091,182.0,15.134484885402992,0.9552337614209082,0.7257175824849951,0.2530986961619158
2514044,2014B,194.0,10,1.0,182.0,15.871461755491081,0.9572673649561123,0.7366017948547608,0.2697724508753238
2514379,2013J,208.0,11,1.0,189.0,16.61185680660673,0.9591324981908782,0.7467070380717318,0.2859948363016298
2517864,2013B,187.0,10,1.0,168.0,16.272007212919746,0.9582970061986397,0.7421657693137035,0.2786146453445147
2518653,2013B,187.0,11,1.0,168.0,17.244653822913648,0.96060219705257,0.7547533150848543,0.29943824462005353
2520290,2014J,201.0,5,0.8,182.0,9.411359574610687,0.9289967317396159,0.5971718162926833,0.10975532086963978
2520649,2014J,201.0,4,1.0,147.0,11.923323161888911,0.9435237670141109,0.66568674656955,0.17481767124294167
2521745,2013B,187.0,11,0.9090909090909091,168.0,15.516431379352976,0.9563112755975214,0.7314673324186043,0.2618052152027917
2522093,2013B,187.0,10,0.9,168.0,14.487459306510146,0.9532818836625072,0.7154007281381869,0.23803465554772268
2523350,2014B,194.0,10,1.0,182.0,15.871461755491081,0.9572673649561123,0.7366017948547608,0.2697724508753238
2523430,2014B,82.0,5,1.0,70.0,14.492515505111,0.953297796167274,0.7154843243067773,0.23815388506135335
2523989,2014B,194.0,6,1.0,182.0,12.582400856697058,0.9464012680578139,0.6800286256824646,0.19153996582477406
2524127,2013B,187.0,11,1.0,168.0,17.244653822913648,0.96060219705257,0.7547533150848543,0.29943824462005353
2524295,2014B,194.0,6,0.8333333333333334,147.0,11.034242432306893,0.9391145353030388,0.6442136716144239,0.15189968524351474
2526784,2014B,194.0,11,1.0,182.0,16.820166071444753,0.9596282638177619,0.7494129870007343,0.29046306865897914
2528352,2013J,96.0,5,1.0,77.0,14.313033017381674,0.9527262248120363,0.7124868260819801,0.23390720209740792
2528966,2013B,159.0,7,1.0,140.0,14.36975861757076,0.9529083764359935,0.7134409151339833,0.23525254883637753
2529306,2013J,208.0,10,1.0,189.0,15.674901714636082,0.9567432660170225,0.7337834276067934,0.2653764771134667
2531031,2013B,187.0,11,0.9090909090909091,168.0,15.516431379352976,0.9563112755975214,0.7314673324186043,0.2618052152027917
2532643,2014B,82.0,4,1.0,70.0,13.675097178185805,0.9505763260111401,0.7013082668595051,0.2185796978319925
2532647,2013J,208.0,11,1.0,189.0,16.61185680660673,0.9591324981908782,0.7467070380717318,0.2859948363016298
2533391,2014B,194.0,11,1.0,182.0,16.820166071444753,0.9596282638177619,0.7494129870007343,0.29046306865897914
2534954,2014B,194.0,11,1.0,182.0,16.820166071444753,0.9596282638177619,0.7494129870007343,0.29046306865897914
2535788,2013B,54.0,2,1.0,35.0,12.9587830480666,0.9479167459046037,0.6876878781159758,0.2009582626927773
2537934,2014J,110.0,3,0.6666666666666666,91.0,8.439520459795823,0.9211511789392633,0.5627511431774405,0.08509957049259294
2538123,2014B,12.0,1,1.0,0.0,13.014016992892225,0.9481319623363588,0.6887815585935024,0.2023315543159954
2539641,2014B,152.0,7,1.0,140.0,14.36975861757076,0.9529083764359935,0.7134409151339833,0.23525254883637753
2539858,2013J,208.0,11,1.0,189.0,16.61185680660673,0.9591324981908782,0.7467070380717318,0.2859948363016298
2540362,2013B,187.0,9,1.0,168.0,15.354220586642985,0.9558600617834357,0.7290548653243458,0.2581246513464444
2540724,2013J,208.0,11,1.0,189.0,16.61185680660673,0.9591324981908782,0.7467070380717318,0.2859948363016298
2541120,2013B,187.0,10,1.0,168.0,16.272007212919746,0.9582970061986397,0.7421657693137035,0.2786146453445147
2541388,2014B,194.0,11,1.0,182.0,16.820166071444753,0.9596282638177619,0.7494129870007343,0.29046306865897914
2542310,2014J,19.0,1,1.0,0.0,13.014016992892225,0.9481319623363588,0.6887815585935024,0.2023315543159954
2544448,2013J,131.0,5,1.0,112.0,13.448417102127598,0.9497645453403545,0.6971266308941054,0.21304855883469448
2545047,2014J,201.0,5,1.0,182.0,11.872718327576681,0.9432900076436247,0.6645331303399441,0.17352298832526095
2545488,2013J,19.0,1,1.0,0.0,13.014016992892225,0.9481319623363588,0.6887815585935024,0.2023315543159954
2550290,2013J,96.0,5,1.0,77.0,14.313033017381674,0.9527262248120363,0.7124868260819801,0.23390720209740792
2552708,2014J,201.0,5,1.0,182.0,11.872718327576681,0.9432900076436247,0.6645331303399441,0.17352298832526095
2553749,2013B,159.0,9,1.0,140.0,16.138983511439626,0.9579606022573045,0.7403439614947853,0.2756953560030644
2553890,2013J,208.0,10,0.9,189.0,13.955838253564096,0.9515460619600212,0.7063317259452796,0.22536916061903828
2557885,2013J,19.0,1,1.0,0.0,13.014016992892225,0.9481319623363588,0.6887815585935024,0.2023315543159954
2559992,2014J,110.0,3,1.0,91.0,12.430275864473238,0.9457634296463958,0.6768269112364681,0.18770485552034183
2560219,2013B,89.0,3,1.0,70.0,12.903783526529546,0.9477006613251653,0.6865912837805365,0.19958849829243266
2564744,2013J,208.0,10,0.9,189.0,13.955838253564096,0.9515460619600212,0.7063317259452796,0.22536916061903828
2567158,2013J,208.0,11,1.0,189.0,16.61185680660673,0.9591324981908782,0.7467070380717318,0.2859948363016298
2567715,2014J,201.0,5,0.8,182.0,9.411359574610687,0.9289967317396159,0.5971718162926833,0.10975532086963978
2568059,2014B,194.0,10,1.0,182.0,15.871461755491081,0.9572673649561123,0.7366017948547608,0.2697724508753238
2569163,2013B,187.0,11,1.0,168.0,17.244653822913648,0.96060219705257,0.7547533150848543,0.29943824462005353
2570092,2014B,194.0,11,1.0,182.0,16.820166071444753,0.9596282638177619,0.7494129870007343,0.29046306865897914
2570396,2014J,201.0,5,0.8,182.0,9.411359574610687,0.9289967317396159,0.5971718162926833,0.10975532086963978
2571054,2014B,194.0,11,1.0,182.0,16.820166071444753,0.9596282638177619,0.7494129870007343,0.29046306865897914
2571447,2013B,19.0,1,1.0,0.0,13.014016992892225,0.9481319623363588,0.6887815585935024,0.2023315543159954
2572118,2013B,19.0,1,1.0,0.0,13.014016992892225,0.9481319623363588,0.6887815585935024,0.2023315543159954
2573353,2013J,96.0,5,0.8,77.0,11.345767381423956,0.9407357295454225,0.6520388506225308,0.1599665471924574
2574365,2014B,194.0,11,1.0,182.0,16.820166071444753,0.9596282638177619,0.7494129870007343,0.29046306865897914
2575914,2014B,117.0,11,1.0,105.0,19.29138399229556,0.9647074329256149,0.7776234934790466,0.3403053222257074
2575994,2013J,208.0,11,1.0,189.0,16.61185680660673,0.9591324981908782,0.7467070380717318,0.2859948363016298
2576637,2014J,201.0,5,1.0,182.0,11.872718327576681,0.9432900076436247,0.6645331303399441,0.17352298832526095
2578532,2014J,201.0,5,1.0,182.0,11.872718327576681,0.9432900076436247,0.6645331303399441,0.17352298832526095
2578567,2013B,89.0,4,1.0,70.0,13.675097178185805,0.9505763260111401,0.7013082668595051,0.2185796978319925
2578704,2014B,47.0,3,1.0,35.0,13.733384253463113,0.9507808401984322,0.7023651422057456,0.21999491462114137
2578802,2013J,208.0,9,1.0,189.0,14.7907935051416,0.9542177149466892,0.7203313634239693,0.2451456819031239
2579459,2013B,187.0,11,1.0,168.0,17.244653822913648,0.96060219705257,0.7547533150848543,0.29943824462005353
2579673,2013J,131.0,7,0.8571428571428571,112.0,12.794638490529636,0.9472664950904599,0.6843924907676928,0.19686354263825895
2580439,2013B,187.0,11,1.0,168.0,17.244653822913648,0.96060219705257,0.7547533150848543,0.29943824462005353
2580626,2014J,201.0,5,0.8,182.0,9.411359574610687,0.9289967317396159,0.5971718162926833,0.10975532086963978
2581528,2013B,187.0,9,1.0,168.0,15.354220586642985,0.9558600617834357,0.7290548653243458,0.2581246513464444
2583791,2013J,208.0,11,0.9090909090909091,189.0,14.947051931008295,0.9546853162919468,0.7228059186680567,0.2487753157766856
2584834,2013J,208.0,10,1.0,189.0,15.674901714636082,0.9567432660170225,0.7337834276067934,0.2653764771134667
2585937,2013J,208.0,11,1.0,189.0,16.61185680660673,0.9591324981908782,0.7467070380717318,0.2859948363016298
2587329,2013J,208.0,11,1.0,189.0,16.61185680660673,0.9591324981908782,0.7467070380717318,0.2859948363016298
2588742,2013J,208.0,11,1.0,189.0,16.61185680660673,0.9591324981908782,0.7467070380717318,0.2859948363016298
2590564,2014B,194.0,11,1.0,182.0,16.820166071444753,0.9596282638177619,0.7494129870007343,0.29046306865897914
2591421,2013J,208.0,17,0.8823529411764706,189.0,20.52800041596692,0.9667977691879849,0.7894951700669568,0.3631359026877669
2591974,2014B,194.0,11,1.0,182.0,16.820166071444753,0.9596282638177619,0.7494129870007343,0.29046306865897914
2592923,2014B,152.0,7,1.0,140.0,14.36975861757076,0.9529083764359935,0.7134409151339833,0.23525254883637753
2594368,2014J,201.0,5,1.0,182.0,11.872718327576681,0.9432900076436247,0.6645331303399441,0.17352298832526095
2597543,2014B,194.0,11,1.0,182.0,16.820166071444753,0.9596282638177619,0.7494129870007343,0.29046306865897914
2599784,2014J,201.0,5,0.8,182.0,9.411359574610687,0.9289967317396159,0.5971718162926833,0.10975532086963978
2602679,2014B,194.0,10,1.0,182.0,15.871461755491081,0.9572673649561123,0.7366017948547608,0.2697724508753238
2602809,2013B,187.0,11,1.0,168.0,17.244653822913648,0.96060219705257,0.7547533150848543,0.29943824462005353
2607641,2013J,208.0,11,1.0,189.0,16.61185680660673,0.9591324981908782,0.7467070380717318,0.2859948363016298
2608235,2013B,187.0,11,1.0,168.0,17.244653822913648,0.96060219705257,0.7547533150848543,0.29943824462005353
2608453,2013B,187.0,10,1.0,168.0,16.272007212919746,0.9582970061986397,0.7421657693137035,0.2786146453445147
2609574,2014B,47.0,2,0.0,7.0,4.263081460906859,0.8499370470727299,0.3204109265416516,0.007613823249018029
2610745,2014J,201.0,5,1.0,182.0,11.872718327576681,0.9432900076436247,0.6645331303399441,0.17352298832526095
2611512,2014J,110.0,3,1.0,91.0,12.430275864473238,0.9457634296463958,0.6768269112364681,0.18770485552034183
2611847,2014B,47.0,3,1.0,35.0,13.733384253463113,0.9507808401984322,0.7023651422057456,0.21999491462114137
2612483,2013B,187.0,11,1.0,168.0,17.244653822913648,0.96060219705257,0.7547533150848543,0.29943824462005353
2614777,2014J,201.0,5,1.0,182.0,11.872718327576681,0.9432900076436247,0.6645331303399441,0.17352298832526095
2616787,2013B,187.0,10,1.0,168.0,16.272007212919746,0.9582970061986397,0.7421657693137035,0.2786146453445147
2617596,2013B,187.0,11,1.0,168.0,17.244653822913648,0.96060219705257,0.7547533150848543,0.29943824462005353
2617839,2013J,208.0,11,1.0,189.0,16.61185680660673,0.9591324981908782,0.7467070380717318,0.2859948363016298
2617999,2013B,187.0,10,1.0,168.0,16.272007212919746,0.9582970061986397,0.7421657693137035,0.2786146453445147
2619107,2013J,208.0,11,1.0,189.0,16.61185680660673,0.9591324981908782,0.7467070380717318,0.2859948363016298
2620178,2013B,187.0,11,1.0,168.0,17.244653822913648,0.96060219705257,0.7547533150848543,0.29943824462005353
2620279,2013J,131.0,5,1.0,112.0,13.448417102127598,0.9497645453403545,0.6971266308941054,0.21304855883469448
2622465,2013B,187.0,11,1.0,168.0,17.244653822913648,0.96060219705257,0.7547533150848543,0.29943824462005353
2622652,2014J,201.0,5,1.0,182.0,11.872718327576681,0.9432900076436247,0.6645331303399441,0.17352298832526095
2623656,2014J,201.0,5,0.8,182.0,9.411359574610687,0.9289967317396159,0.5971718162926833,0.10975532086963978
2625315,2013J,54.0,3,1.0,35.0,13.733384253463113,0.9507808401984322,0.7023651422057456,0.21999491462114137
2626410,2013B,159.0,10,0.8,147.0,13.389970857795605,0.949550897567382,0.6960296500088656,0.21161549222498852
2627398,2014J,110.0,3,0.6666666666666666,91.0,8.439520459795823,0.9211511789392633,0.5627511431774405,0.08509957049259294
2629503,2014J,19.0,1,1.0,0.0,13.014016992892225,0.9481319623363588,0.6887815585935024,0.2023315543159954
2631298,2014J,152.0,4,0.75,133.0,9.14322208225247,0.9269923675910531,0.588210955065259,0.10286905532938674
2634319,2014J,201.0,5,0.8,182.0,9.411359574610687,0.9289967317396159,0.5971718162926833,0.10975532086963978
2634946,2014B,117.0,5,1.0,105.0,13.617057484259055,0.9503709844002922,0.7002484873148381,0.21716761122120323
2635505,2013B,187.0,11,0.9090909090909091,168.0,15.516431379352976,0.9563112755975214,0.7314673324186043,0.2618052152027917
2635829,2013B,187.0,11,1.0,168.0,17.244653822913648,0.96060219705257,0.7547533150848543,0.29943824462005353
2636696,2014B,194.0,11,1.0,182.0,16.820166071444753,0.9596282638177619,0.7494129870007343,0.29046306865897914
2638377,2013J,208.0,11,1.0,189.0,16.61185680660673,0.9591324981908782,0.7467070380717318,0.2859948363016298
2638403,2014J,201.0,5,1.0,182.0,11.872718327576681,0.9432900076436247,0.6645331303399441,0.17352298832526095
2638818,2013J,208.0,11,1.0,189.0,16.61185680660673,0.9591324981908782,0.7467070380717318,0.2859948363016298
2639611,2013B,187.0,11,1.0,168.0,17.244653822913648,0.96060219705257,0.7547533150848543,0.29943824462005353
2641393,2013B,187.0,11,1.0,168.0,17.244653822913648,0.96060219705257,0.7547533150848543,0.29943824462005353
2641657,2014B,194.0,11,1.0,182.0,16.820166071444753,0.9596282638177619,0.7494129870007343,0.29046306865897914
2641682,2014B,194.0,7,0.7142857142857143,182.0,9.568352316595233,0.9301200223465792,0.6022446540675855,0.11380721640432885
2642029,2013B,187.0,11,1.0,168.0,17.244653822913648,0.96060219705257,0.7547533150848543,0.29943824462005353
2642717,2013J,208.0,11,1.0,189.0,16.61185680660673,0.9591324981908782,0.7467070380717318,0.2859948363016298
2643007,2014B,194.0,11,1.0,182.0,16.820166071444753,0.9596282638177619,0.7494129870007343,0.29046306865897914
2645061,2013B,159.0,9,1.0,140.0,16.138983511439626,0.9579606022573045,0.7403439614947853,0.2756953560030644
2649947,2013B,187.0,7,1.0,168.0,13.671024785086619,0.9505619735170273,0.701234148173774,0.21848071123786875
2652209,2014B,194.0,10,0.9,182.0,14.130841592482957,0.9521315408374345,0.7093795500889342,0.22956652605310982
2653570,2014B,82.0,4,1.0,70.0,13.675097178185805,0.9505763260111401,0.7013082668595051,0.2185796978319925
2654302,2013B,187.0,11,1.0,168.0,17.244653822913648,0.96060219705257,0.7547533150848543,0.29943824462005353
2656860,2013J,47.0,2,1.0,28.0,13.121283519950303,0.9485448817778594,0.690884095136094,0.204991828608527
2659042,2014B,194.0,11,1.0,182.0,16.820166071444753,0.9596282638177619,0.7494129870007343,0.29046306865897914
2660510,2014J,201.0,5,0.8,182.0,9.411359574610687,0.9289967317396159,0.5971718162926833,0.10975532086963978
2662716,2013J,96.0,3,0.6666666666666666,77.0,8.652507242936826,0.9230153611865962,0.5707717916249753,0.09042069974080436
2664301,2013B,89.0,3,0.6666666666666666,70.0,8.761007902662293,0.9239315525169252,0.5747494845702857,0.09315238080712156
2670300,2014J,201.0,5,0.8,182.0,9.411359574610687,0.9289967317396159,0.5971718162926833,0.10975532086963978
2677541,2014J,201.0,12,0.9166666666666666,189.0,15.980515407247744,0.9575527005402229,0.738140097790903,0.27219526304439357
2680344,2013J,208.0,11,1.0,189.0,16.61185680660673,0.9591324981908782,0.7467070380717318,0.2859948363016298
2680770,2013B,89.0,4,1.0,70.0,13.675097178185805,0.9505763260111401,0.7013082668595051,0.2185796978319925
2680885,2013J,208.0,10,1.0,189.0,15.674901714636082,0.9567432660170225,0.7337834276067934,0.2653764771134667
2681505,2014J,201.0,5,0.8,182.0,9.411359574610687,0.9289967317396159,0.5971718162926833,0.10975532086963978
2681783,2014B,194.0,5,1.0,182.0,11.872718327576681,0.9432900076436247,0.6645331303399441,0.17352298832526095
2681940,2014J,201.0,5,1.0,182.0,11.872718327576681,0.9432900076436247,0.6645331303399441,0.17352298832526095
2682693,2014J,19.0,1,0.0,0.0,4.073074741435078,0.8435147679614741,0.3038427186416507,0.0060643005081270065
2683697,2014B,12.0,1,1.0,0.0,13.014016992892225,0.9481319623363588,0.6887815585935024,0.2023315543159954
2685247,2014J,201.0,5,1.0,182.0,11.872718327576681,0.9432900076436247,0.6645331303399441,0.17352298832526095
2685831,2013B,187.0,11,1.0,168.0,17.244653822913648,0.96060219705257,0.7547533150848543,0.29943824462005353
2687378,2014B,194.0,10,1.0,182.0,15.871461755491081,0.9572673649561123,0.7366017948547608,0.2697724508753238
2687858,2014J,201.0,5,0.8,182.0,9.411359574610687,0.9289967317396159,0.5971718162926833,0.10975532086963978
2688495,2014J,201.0,5,1.0,182.0,11.872718327576681,0.9432900076436247,0.6645331303399441,0.17352298832526095
2688945,2014J,201.0,5,1.0,182.0,11.872718327576681,0.9432900076436247,0.6645331303399441,0.17352298832526095
2691100,2013J,208.0,11,0.8181818181818182,189.0,13.449090250970881,0.9497669954696338,0.697139219745921,0.21306504763839054
2691566,2013J,208.0,11,1.0,189.0,16.61185680660673,0.9591324981908782,0.7467070380717318,0.2859948363016298
2692384,2013B,187.0,11,1.0,168.0,17.244653822913648,0.96060219705257,0.7547533150848543,0.29943824462005353
2692969,2014J,201.0,5,1.0,182.0,11.872718327576681,0.9432900076436247,0.6645331303399441,0.17352298832526095
2694919,2014J,201.0,5,1.0,182.0,11.872718327576681,0.9432900076436247,0.6645331303399441,0.17352298832526095
2698577,2014J,201.0,5,1.0,182.0,11.872718327576681,0.9432900076436247,0.6645331303399441,0.17352298832526095
2698588,2014J,201.0,5,1.0,182.0,11.872718327576681,0.9432900076436247,0.6645331303399441,0.17352298832526095
